descripcion,monto,categoria,es_gasto_hormiga,fuente
Arroz para seco,23241,Salidas,False,DANE_ENIG_2006_2007
Arroz para sopa,962,Salidas,True,DANE_ENIG_2006_2007
Arroz integral,1630,Salidas,True,DANE_ENIG_2006_2007
"Pastas o fideos para sopa: letras, conchitas, etc.",2534,Salidas,True,DANE_ENIG_2006_2007
"Pastas para seco: espaguetis, raviolis, macarrones, tallarines, etc.",3621,Salidas,True,DANE_ENIG_2006_2007
Avena molida,1230,Salidas,True,DANE_ENIG_2006_2007
Avena en hojuelas,1289,Salidas,True,DANE_ENIG_2006_2007
Cebada perlada,522,Salidas,True,DANE_ENIG_2006_2007
Cuchuco de cebada,610,Salidas,True,DANE_ENIG_2006_2007
Cuchuco de trigo,297,Salidas,True,DANE_ENIG_2006_2007
Harina de trigo,1765,Salidas,True,DANE_ENIG_2006_2007
Salvado de trigo,519,Salidas,True,DANE_ENIG_2006_2007
"Maíz blanco, amarillo, trillado, peto, porva, pira, millo",2579,Salidas,True,DANE_ENIG_2006_2007
Cuchuco de maíz,678,Salidas,True,DANE_ENIG_2006_2007
Harina de maíz,2120,Salidas,True,DANE_ENIG_2006_2007
Harina precocida de maíz,2057,Salidas,True,DANE_ENIG_2006_2007
Fécula de maíz (Maizena),524,Salidas,True,DANE_ENIG_2006_2007
"Harina para preparar tortas, natilla, buñuelos, etc.",793,Salidas,True,DANE_ENIG_2006_2007
Harina para coladas,631,Salidas,True,DANE_ENIG_2006_2007
Almidones de papa o yuca,545,Salidas,True,DANE_ENIG_2006_2007
"Cereales: cornflakes, rice krispis, Zucaritas, Zucosos, frut loops, trix",3130,Salidas,True,DANE_ENIG_2006_2007
Cereales para la alimentación infantil,1150,Salidas,True,DANE_ENIG_2006_2007
"Ajonjolí, soya",677,Salidas,True,DANE_ENIG_2006_2007
"Masas para la preparación de productos de panadería o pastelería (trigo, maíz, soya)",2104,Salidas,True,DANE_ENIG_2006_2007
Arepas crudas o precocidas,9890,Salidas,True,DANE_ENIG_2006_2007
"Bollos y envueltos precocidos, quiches, tamales",6475,Salidas,True,DANE_ENIG_2006_2007
"Gérmen de trigo, lecitina, levadura de cerveza (alimentos naturistas)",576,Salidas,True,DANE_ENIG_2006_2007
"Comidas preparadas precocidas a base de cereales (lasagna, pizza, empanadas)",3403,Salidas,True,DANE_ENIG_2006_2007
Carve,443,Salidas,True,DANE_ENIG_2006_2007
"Pan corriente, con queso, aliñado, mogolla, relleno, pan de coco, calado, tajado, árabe",15727,Salidas,False,DANE_ENIG_2006_2007
Pan francés,5075,Salidas,True,DANE_ENIG_2006_2007
Pan integral,3949,Salidas,True,DANE_ENIG_2006_2007
Galletas de sal,5419,Salidas,True,DANE_ENIG_2006_2007
Galletas de dulce (de panadería y de paquete),3202,Salidas,True,DANE_ENIG_2006_2007
Galletas integrales (de panadería y de paquete),1232,Salidas,True,DANE_ENIG_2006_2007
"Otros productos de panadería no mencionados previamente: brownies, obleas, ponques",6369,Salidas,True,DANE_ENIG_2006_2007
Carne de res sin hueso o pulpa,46406,Salidas,False,DANE_ENIG_2006_2007
Carne de res con hueso,15873,Salidas,False,DANE_ENIG_2006_2007
Hueso de res,6113,Salidas,True,DANE_ENIG_2006_2007
Carne molida de res,5836,Salidas,True,DANE_ENIG_2006_2007
Lengua de res,2507,Salidas,True,DANE_ENIG_2006_2007
"Hígado, riñones, corazón, sesos, tripa y otras vísceras de res",5350,Salidas,True,DANE_ENIG_2006_2007
"Patas, manos, cola y cabeza de res",1061,Salidas,True,DANE_ENIG_2006_2007
Carne de cerdo sin hueso o pulpa,20384,Salidas,False,DANE_ENIG_2006_2007
Carne de cerdo con hueso,7408,Salidas,True,DANE_ENIG_2006_2007
Carne molida de cerdo,2010,Salidas,True,DANE_ENIG_2006_2007
Hueso de cerdo (espinazo y otros huesos),1868,Salidas,True,DANE_ENIG_2006_2007
Tocino y garra,3647,Salidas,True,DANE_ENIG_2006_2007
"Hígado, riñones, corazón, tripa y otras vísceras de cerdo",2277,Salidas,True,DANE_ENIG_2006_2007
"Patas, manos, cola y cabeza de cerdo",1287,Salidas,True,DANE_ENIG_2006_2007
Gallina o pollo vivo,8174,Salidas,True,DANE_ENIG_2006_2007
Carne de gallina o de pollo (entero o en presas),28701,Salidas,False,DANE_ENIG_2006_2007
"Carne de pavo, pichón, zuro, palomo, pato, ganso, codorniz",4205,Salidas,True,DANE_ENIG_2006_2007
Menudencias de gallina o pollo,2701,Salidas,True,DANE_ENIG_2006_2007
"Carne de conejo, liebre, curí o cuy",4725,Salidas,True,DANE_ENIG_2006_2007
"Carne de cordero, chivo, cabro",4188,Salidas,True,DANE_ENIG_2006_2007
Carne de chigüiro,3005,Salidas,True,DANE_ENIG_2006_2007
Carne de caballo,5411,Salidas,True,DANE_ENIG_2006_2007
"Carne preparada de pavo, pollo,cerdo, lomo ahumado",5621,Salidas,True,DANE_ENIG_2006_2007
Mortadela,3356,Salidas,True,DANE_ENIG_2006_2007
Salchichas,8566,Salidas,True,DANE_ENIG_2006_2007
Jamón y jamoneta,5208,Salidas,True,DANE_ENIG_2006_2007
Chorizo,3988,Salidas,True,DANE_ENIG_2006_2007
Tocineta,2294,Salidas,True,DANE_ENIG_2006_2007
Hamburguesa,3288,Salidas,True,DANE_ENIG_2006_2007
"Otros embutidos (longaniza, butifarra, génovas, salchichón, salami, cábanos, patés, etc.)",3833,Salidas,True,DANE_ENIG_2006_2007
Carnes frías enlatadas,3046,Salidas,True,DANE_ENIG_2006_2007
"Otros alimentos no especificados: Hormigas culonas, etc.",7554,Salidas,True,DANE_ENIG_2006_2007
Pescado de río fresco o congelado,17115,Salidas,False,DANE_ENIG_2006_2007
Pescado de mar fresco o congelado,11502,Salidas,False,DANE_ENIG_2006_2007
Camarones frescos o congelados,3241,Salidas,True,DANE_ENIG_2006_2007
"Pescado y crustáceos enlatados (sardinas, atún, salmón, mejillones, etc)",7289,Salidas,True,DANE_ENIG_2006_2007
"Otros mariscos, crustáceos y moluscos frescos o congelados",6640,Salidas,True,DANE_ENIG_2006_2007
Otros productos de pescado y derivados,1336,Salidas,True,DANE_ENIG_2006_2007
Leche natural,12245,Salidas,False,DANE_ENIG_2006_2007
"Leche pasteurizada (entera, descremada, semidescremada, deslactosada, maternizada y enriquecida)",18458,Salidas,False,DANE_ENIG_2006_2007
"Leche larga vida (entera, descremada, semidescremada, deslactosada, maternizada y enriquecida)",20415,Salidas,False,DANE_ENIG_2006_2007
Leche en polvo para lactantes,14028,Salidas,False,DANE_ENIG_2006_2007
"Leche en polvo (entera, descremada, semidescremada, maternizada)",13264,Salidas,False,DANE_ENIG_2006_2007
Queso campesino,13230,Salidas,False,DANE_ENIG_2006_2007
Queso doble crema,7752,Salidas,True,DANE_ENIG_2006_2007
"Otros quesos: pera, mozarella, paipa, parmesano, etc.",2009,Salidas,True,DANE_ENIG_2006_2007
"Cuajada, Quesillo",4150,Salidas,True,DANE_ENIG_2006_2007
"Leche condensada, leche condesada y evaporada",1302,Salidas,True,DANE_ENIG_2006_2007
Crema de leche,1746,Salidas,True,DANE_ENIG_2006_2007
Yoghurt,11004,Salidas,False,DANE_ENIG_2006_2007
Kumis,2578,Salidas,True,DANE_ENIG_2006_2007
Suero costeño,4699,Salidas,True,DANE_ENIG_2006_2007
Natas,1153,Salidas,True,DANE_ENIG_2006_2007
Postres lácteos,2609,Salidas,True,DANE_ENIG_2006_2007
Bebidas lácteas saborizadas no achocolatadas,2091,Salidas,True,DANE_ENIG_2006_2007
Productos lácteos que no contengan leche animal: leche de soya,701,Salidas,True,DANE_ENIG_2006_2007
Huevos de gallina y otras aves,13187,Salidas,False,DANE_ENIG_2006_2007
Huevos de iguana y de tortuga,427,Salidas,True,DANE_ENIG_2006_2007
"Aceite de girasol, maíz, soya y palma",14620,Salidas,False,DANE_ENIG_2006_2007
Aceite de oliva,2627,Salidas,True,DANE_ENIG_2006_2007
"Otros aceites comestibles: canola, cacahuete, coco, almendras, dietéticos, etc.",1540,Salidas,True,DANE_ENIG_2006_2007
Mantequilla de vaca,1871,Salidas,True,DANE_ENIG_2006_2007
Margarinas,1614,Salidas,True,DANE_ENIG_2006_2007
Manteca vegetal,2176,Salidas,True,DANE_ENIG_2006_2007
Manteca de cerdo,385,Salidas,True,DANE_ENIG_2006_2007
"Otras grasas y aceites (aceite de pescado y otros animales marinos, mantequilla de maní)",287,Salidas,True,DANE_ENIG_2006_2007
Naranjas,5049,Salidas,True,DANE_ENIG_2006_2007
Limones,2039,Salidas,True,DANE_ENIG_2006_2007
Mandarinas,2501,Salidas,True,DANE_ENIG_2006_2007
Toronjas,263,Salidas,True,DANE_ENIG_2006_2007
Limas,415,Salidas,True,DANE_ENIG_2006_2007
Cidras,285,Salidas,True,DANE_ENIG_2006_2007
Bananos,3582,Salidas,True,DANE_ENIG_2006_2007
Manzanas,4245,Salidas,True,DANE_ENIG_2006_2007
Peras,1988,Salidas,True,DANE_ENIG_2006_2007
Melones,1842,Salidas,True,DANE_ENIG_2006_2007
Mango,3588,Salidas,True,DANE_ENIG_2006_2007
Guayabas,3195,Salidas,True,DANE_ENIG_2006_2007
Guanábanas,1825,Salidas,True,DANE_ENIG_2006_2007
Zapotes,825,Salidas,True,DANE_ENIG_2006_2007
Tamarindo,935,Salidas,True,DANE_ENIG_2006_2007
Tomate de árbol,3714,Salidas,True,DANE_ENIG_2006_2007
Moras,4150,Salidas,True,DANE_ENIG_2006_2007
Curubas,1593,Salidas,True,DANE_ENIG_2006_2007
Maracuyá,3271,Salidas,True,DANE_ENIG_2006_2007
Lulos,4090,Salidas,True,DANE_ENIG_2006_2007
Patilla o sandía,1356,Salidas,True,DANE_ENIG_2006_2007
Granadillas,1259,Salidas,True,DANE_ENIG_2006_2007
Piña,2507,Salidas,True,DANE_ENIG_2006_2007
Papaya,4291,Salidas,True,DANE_ENIG_2006_2007
Papayuela,463,Salidas,True,DANE_ENIG_2006_2007
Uvas (verdes y rojas),2278,Salidas,True,DANE_ENIG_2006_2007
Fresas,2348,Salidas,True,DANE_ENIG_2006_2007
Cocos,1299,Salidas,True,DANE_ENIG_2006_2007
Albaricoques,1263,Salidas,True,DANE_ENIG_2006_2007
Brevas,944,Salidas,True,DANE_ENIG_2006_2007
Duraznos,2298,Salidas,True,DANE_ENIG_2006_2007
Chontaduros,1859,Salidas,True,DANE_ENIG_2006_2007
Ciruelas,1137,Salidas,True,DANE_ENIG_2006_2007
Aguacate,4250,Salidas,True,DANE_ENIG_2006_2007
Mangostino,749,Salidas,True,DANE_ENIG_2006_2007
Kiwi,493,Salidas,True,DANE_ENIG_2006_2007
Feijoa,783,Salidas,True,DANE_ENIG_2006_2007
Higo,701,Salidas,True,DANE_ENIG_2006_2007
Chirimoya,653,Salidas,True,DANE_ENIG_2006_2007
Otras frutas frescas,7733,Salidas,True,DANE_ENIG_2006_2007
Frutas congeladas o en pulpa,6079,Salidas,True,DANE_ENIG_2006_2007
"Almendras y otras nueces (maní, cacahuete, pistacho, etc)",834,Salidas,True,DANE_ENIG_2006_2007
"Frutas deshidratadas y cristalizadas: peras, uvas y ciruelas pasas",2359,Salidas,True,DANE_ENIG_2006_2007
Tomate,5760,Salidas,True,DANE_ENIG_2006_2007
Cebolla cabezona,4453,Salidas,True,DANE_ENIG_2006_2007
"Cebolla larga o en rama (bermuda, junca)",3772,Salidas,True,DANE_ENIG_2006_2007
Cebollin,1187,Salidas,True,DANE_ENIG_2006_2007
Zanahoria,3333,Salidas,True,DANE_ENIG_2006_2007
Remolacha,869,Salidas,True,DANE_ENIG_2006_2007
Pepino cohombro,1165,Salidas,True,DANE_ENIG_2006_2007
Pimentón,956,Salidas,True,DANE_ENIG_2006_2007
Pepino para guisar o rellenar,543,Salidas,True,DANE_ENIG_2006_2007
Nabos,564,Salidas,True,DANE_ENIG_2006_2007
Rábanos,480,Salidas,True,DANE_ENIG_2006_2007
Ajos,1307,Salidas,True,DANE_ENIG_2006_2007
Ají,1052,Salidas,True,DANE_ENIG_2006_2007
Lechuga,1736,Salidas,True,DANE_ENIG_2006_2007
Espinaca,1061,Salidas,True,DANE_ENIG_2006_2007
Acelga,971,Salidas,True,DANE_ENIG_2006_2007
"Repollo, repollitas",1359,Salidas,True,DANE_ENIG_2006_2007
Coliflor,1235,Salidas,True,DANE_ENIG_2006_2007
Brócoli,885,Salidas,True,DANE_ENIG_2006_2007
Coles (tallos),239,Salidas,True,DANE_ENIG_2006_2007
Apio en rama,723,Salidas,True,DANE_ENIG_2006_2007
Alcachofas,1015,Salidas,True,DANE_ENIG_2006_2007
Espárragos,313,Salidas,True,DANE_ENIG_2006_2007
Ahuyama,1456,Salidas,True,DANE_ENIG_2006_2007
Calabaza,766,Salidas,True,DANE_ENIG_2006_2007
Calabacín,938,Salidas,True,DANE_ENIG_2006_2007
Fríjol verde en vaina,1695,Salidas,True,DANE_ENIG_2006_2007
Fríjol verde desgranado,1819,Salidas,True,DANE_ENIG_2006_2007
Arveja verde en vaina,3509,Salidas,True,DANE_ENIG_2006_2007
Arveja verde desgranada,4047,Salidas,True,DANE_ENIG_2006_2007
Habas verdes en vaina,611,Salidas,True,DANE_ENIG_2006_2007
Habas verdes desgranadas,521,Salidas,True,DANE_ENIG_2006_2007
Habichuelas,2986,Salidas,True,DANE_ENIG_2006_2007
Mazorcas y maíz dulce,2064,Salidas,True,DANE_ENIG_2006_2007
Berenjenas,1108,Salidas,True,DANE_ENIG_2006_2007
Champiñones y otros hongos comestibles,1907,Salidas,True,DANE_ENIG_2006_2007
"Otras verduras y leguminosas frescas: berros, chachafruto, algas comestibles, etc.",3393,Salidas,True,DANE_ENIG_2006_2007
verduras frescas amarradas (macitos de la Costa Atlántica),2288,Salidas,True,DANE_ENIG_2006_2007
"Verduras picadas en bandeja o en bolsa (revuelto verde, macitos)",5102,Salidas,True,DANE_ENIG_2006_2007
"Talego, bolsa, bandeja o tarro de ensalada",558,Salidas,True,DANE_ENIG_2006_2007
"Fríjol seco: bolaroja, cargamanto, guarzo, guandul, zaragoza, blanquillo, etc.",9760,Salidas,True,DANE_ENIG_2006_2007
Arveja seca,2331,Salidas,True,DANE_ENIG_2006_2007
Habas secas,1923,Salidas,True,DANE_ENIG_2006_2007
Lentejas,4398,Salidas,True,DANE_ENIG_2006_2007
Garbanzos,1504,Salidas,True,DANE_ENIG_2006_2007
"Verduras, hortalizas y legumbres enlatadas: arveja, fríjoles, maíz, espárrago",10795,Salidas,False,DANE_ENIG_2006_2007
"Aceitunas, alcaparras, pepinillos y otros encurtidos en tarro",5162,Salidas,True,DANE_ENIG_2006_2007
Legumbres y hortalizas deshidratadas,7311,Salidas,True,DANE_ENIG_2006_2007
Plátano verde,7438,Salidas,True,DANE_ENIG_2006_2007
Plátano maduro,4332,Salidas,True,DANE_ENIG_2006_2007
"Colicero, guineo, mataburro",1446,Salidas,True,DANE_ENIG_2006_2007
"Papa común: pastusa, tocarreña, R12",11400,Salidas,False,DANE_ENIG_2006_2007
Papa criolla o amarilla,3254,Salidas,True,DANE_ENIG_2006_2007
Yuca,5911,Salidas,True,DANE_ENIG_2006_2007
Arracacha,1235,Salidas,True,DANE_ENIG_2006_2007
Ñame,4099,Salidas,True,DANE_ENIG_2006_2007
"Ullucos, cubios, hibias, chuguas, rubas",1576,Salidas,True,DANE_ENIG_2006_2007
"Otras raíces y tubérculos: mafafa, achira, batata, etc",1203,Salidas,True,DANE_ENIG_2006_2007
"Papa, yuca y plátano precocidos",2040,Salidas,True,DANE_ENIG_2006_2007
"Harina de plátano, de yuca, de achiras, puré de papas",830,Salidas,True,DANE_ENIG_2006_2007
Azúcar refinada,6415,Salidas,True,DANE_ENIG_2006_2007
Azúcar natural o morena,6950,Salidas,True,DANE_ENIG_2006_2007
"Endulzantes dietéticos: Aspartame, fructuosa",14752,Salidas,False,DANE_ENIG_2006_2007
Panela,10231,Salidas,False,DANE_ENIG_2006_2007
Jaleas y mermeladas,1033,Salidas,True,DANE_ENIG_2006_2007
Compotas,2519,Salidas,True,DANE_ENIG_2006_2007
Bocadillos,1763,Salidas,True,DANE_ENIG_2006_2007
Arequipe,1681,Salidas,True,DANE_ENIG_2006_2007
"Herpos, tumes y otros dulces de arequipe y bocadillo",994,Salidas,True,DANE_ENIG_2006_2007
Gelatina de pata negra o blanca,449,Salidas,True,DANE_ENIG_2006_2007
"Gelatinas, flanes y pudines en vaso listos para el consumo",1839,Salidas,True,DANE_ENIG_2006_2007
"Miel de abejas, melazas y almíbares",2686,Salidas,True,DANE_ENIG_2006_2007
Pasta de chocolate para ponqué y cobertura de chocolate,808,Salidas,True,DANE_ENIG_2006_2007
"Dulces, confites, caramelos, bombones, chocolatinas, chicles, masmelos",3363,Salidas,True,DANE_ENIG_2006_2007
"Helados, conos, paletas, vasitos, refrescos congelados y tortas heladas",6363,Salidas,True,DANE_ENIG_2006_2007
"Gelatinas, flanes y pudines en polvo para preparar",2317,Salidas,True,DANE_ENIG_2006_2007
Polvo para preparar helados,886,Salidas,True,DANE_ENIG_2006_2007
"Frutas en conserva: Melocotón, piña, brevas, etc.",4149,Salidas,True,DANE_ENIG_2006_2007
Salsa de tomate,5061,Salidas,True,DANE_ENIG_2006_2007
Mayonesa,3634,Salidas,True,DANE_ENIG_2006_2007
"Mostaza, salsa rosada",1086,Salidas,True,DANE_ENIG_2006_2007
Pasta de tomate,2418,Salidas,True,DANE_ENIG_2006_2007
"Otras salsas: salsa de soya, salsa china, salsa tártara, salsa de ají, ají picante",2085,Salidas,True,DANE_ENIG_2006_2007
Vinagre,998,Salidas,True,DANE_ENIG_2006_2007
Sal,1665,Salidas,True,DANE_ENIG_2006_2007
Cominos,489,Salidas,True,DANE_ENIG_2006_2007
Pimienta,183,Salidas,True,DANE_ENIG_2006_2007
Laurel,176,Salidas,True,DANE_ENIG_2006_2007
Tomillo,94,Salidas,True,DANE_ENIG_2006_2007
Color,554,Salidas,True,DANE_ENIG_2006_2007
"Ajo en polvo o en pasta, canela, clavos, nuez moscada",277,Salidas,True,DANE_ENIG_2006_2007
"Hierbas culinarias: perejil, cilantro, romero, orégano, etc",687,Salidas,True,DANE_ENIG_2006_2007
"Sopas: de vegetales, de carne, de pollo, de pescado, cremas de sobre, sopas para bebe",1700,Salidas,True,DANE_ENIG_2006_2007
Caldos y consomés concentrados (cubos y polvo),1454,Salidas,True,DANE_ENIG_2006_2007
Bases para preparar carnes y otros alimentos,294,Salidas,True,DANE_ENIG_2006_2007
"Frituras: papas fritas, chitos, maizitos, patacones, besitos, etc",10413,Salidas,False,DANE_ENIG_2006_2007
Levaduras y esencias (polvo para hornear),294,Salidas,True,DANE_ENIG_2006_2007
Alimentos precocidos: ajiaco y lechona enlatados y similares,6341,Salidas,True,DANE_ENIG_2006_2007
Mercados sin especificar productos,329201,Salidas,False,DANE_ENIG_2006_2007
Anchetas,6457,Salidas,True,DANE_ENIG_2006_2007
Café molido,6609,Salidas,True,DANE_ENIG_2006_2007
Café instantáneo en polvo o granulado,3560,Salidas,True,DANE_ENIG_2006_2007
Café en grano,1213,Salidas,True,DANE_ENIG_2006_2007
"Otras bebidas preparadas con café instantáneo: capuchino, mocachino, café con leche",787,Salidas,True,DANE_ENIG_2006_2007
Extractos y esencias de café,204,Salidas,True,DANE_ENIG_2006_2007
Chocolate en pastillas (con y sin azúcar),5532,Salidas,True,DANE_ENIG_2006_2007
Chocolate instantáneo en polvo o granulado,1908,Salidas,True,DANE_ENIG_2006_2007
Cocoa y chucula,496,Salidas,True,DANE_ENIG_2006_2007
Polvo para preparar bebidas achocolatadas,526,Salidas,True,DANE_ENIG_2006_2007
Bebidas achocolatadas listas para consumir,581,Salidas,True,DANE_ENIG_2006_2007
Té,394,Salidas,True,DANE_ENIG_2006_2007
"Hierbas aromáticas (secas y frescas), mate",394,Salidas,True,DANE_ENIG_2006_2007
Agua mineral,6126,Salidas,True,DANE_ENIG_2006_2007
Agua en lata o de carrotanque,6428,Salidas,True,DANE_ENIG_2006_2007
Hielo,1629,Salidas,True,DANE_ENIG_2006_2007
Gaseosas,13425,Salidas,False,DANE_ENIG_2006_2007
Maltas,2425,Salidas,True,DANE_ENIG_2006_2007
Refrescos líquidos empacados (jugos y bebidas hidratantes),3194,Salidas,True,DANE_ENIG_2006_2007
Concentrados para preparar refrescos,3533,Salidas,True,DANE_ENIG_2006_2007
Aguardiente,33228,Salidas,False,DANE_ENIG_2006_2007
Ron,37510,Salidas,False,DANE_ENIG_2006_2007
"Whisky, brandy, vodka, ginebra, cognac, tequila y similares",100127,Salidas,False,DANE_ENIG_2006_2007
"Cremas de licor (de amareto, de whisky, etc.), sabajón y ponche crema",32322,Salidas,False,DANE_ENIG_2006_2007
"Otras bebidas alcohólicas: aperitivos que no sean a base de vino, mezclas de coc",18736,Salidas,False,DANE_ENIG_2006_2007
"Vino, champaña, jerez y aperitivos a base de vino",22341,Salidas,False,DANE_ENIG_2006_2007
Cerveza nacional e importada,29323,Salidas,False,DANE_ENIG_2006_2007
Refajo preparado: Cola y Pola,10281,Salidas,False,DANE_ENIG_2006_2007
Cigarrillos con filtro,18813,Salidas,False,DANE_ENIG_2006_2007
Cigarrillos sin filtro,8354,Salidas,True,DANE_ENIG_2006_2007
Tabacos y picadura para pipa o para armar cigarrillos,8805,Salidas,True,DANE_ENIG_2006_2007
"Estupefacientes: cocaína, éxtasis, heroína, marihuana, bazuco, crack, etc.",7790,Salidas,True,DANE_ENIG_2006_2007
"Telas para la confección de ropa de hombre, mujer, niño, niña y bebé",13802,Salidas,False,DANE_ENIG_2006_2007
Camisas para hombre,19883,Salidas,False,DANE_ENIG_2006_2007
"Camisetas, franelas, esqueletos, polos para hombre",14064,Salidas,False,DANE_ENIG_2006_2007
"Calzoncillos, pantaloncillos, boxers para hombre",8338,Salidas,True,DANE_ENIG_2006_2007
Medias y calcetines para hombre,4930,Salidas,True,DANE_ENIG_2006_2007
Pantalones para hombre,21922,Salidas,False,DANE_ENIG_2006_2007
jeans para hombre,27143,Salidas,False,DANE_ENIG_2006_2007
"Bermudas, pantalonetas y pantalón corto para hombre",9944,Salidas,True,DANE_ENIG_2006_2007
"Vestido completo (sólo pantalón, chaqueta y/o chaleco) para hombre",108824,Salidas,False,DANE_ENIG_2006_2007
"Blazers, chaquetas, chaquetones, chompas y sacos de sport en paño, cuero, gamuza",32096,Salidas,False,DANE_ENIG_2006_2007
"Buzos, chalecos, sacos de lana y similares para hombre",18318,Salidas,False,DANE_ENIG_2006_2007
"Gabardinas, gabanes, abrigos y sobretodos para hombre",38830,Salidas,False,DANE_ENIG_2006_2007
Capas e impermeables para hombre,13095,Salidas,False,DANE_ENIG_2006_2007
"Sudaderas, trusas y bicicleteros para hombre",19512,Salidas,False,DANE_ENIG_2006_2007
Pantalonetas de baño para hombre,8830,Salidas,True,DANE_ENIG_2006_2007
Pijamas y batas para hombre,12453,Salidas,False,DANE_ENIG_2006_2007
Otros artículos de vestir para hombre (depotivos y formales),13190,Salidas,False,DANE_ENIG_2006_2007
Blusas para mujer,16185,Salidas,False,DANE_ENIG_2006_2007
"Camisetas, franelas y bodies para mujer",14529,Salidas,False,DANE_ENIG_2006_2007
"Pantalones, slacks y chicles para mujer",20838,Salidas,False,DANE_ENIG_2006_2007
"Shorts, bermudas y pantalonetas para mujer",13625,Salidas,False,DANE_ENIG_2006_2007
Jeans para mujer,25556,Salidas,False,DANE_ENIG_2006_2007
Faldas para mujer,13332,Salidas,False,DANE_ENIG_2006_2007
"Brassieres, tops y sostenes para mujer",11226,Salidas,False,DANE_ENIG_2006_2007
Pantys (interiores) para mujer,7901,Salidas,True,DANE_ENIG_2006_2007
Media de lana y otros materiales diferente a velada para mujer,4597,Salidas,True,DANE_ENIG_2006_2007
Medias veladas para mujer,10020,Salidas,False,DANE_ENIG_2006_2007
"Enaguas, fondos y combinaciones para mujer",6337,Salidas,True,DANE_ENIG_2006_2007
Vestidos confeccionados para mujer,34273,Salidas,False,DANE_ENIG_2006_2007
"Buzos, chalecos, sacos de lana y similares para mujer",17781,Salidas,False,DANE_ENIG_2006_2007
"Blazers, chaquetas, chaquetones y sacos de sport en paño, cuero, gamuza y otros materiales para muje",26679,Salidas,False,DANE_ENIG_2006_2007
"Gabardinas, gabanes, abrigos y sobretodos para mujer",35112,Salidas,False,DANE_ENIG_2006_2007
Capas e impermeables para mujer,17439,Salidas,False,DANE_ENIG_2006_2007
"Sudaderas, trusas y bicicleteros para mujer",13227,Salidas,False,DANE_ENIG_2006_2007
Traje de baño para mujer,16340,Salidas,False,DANE_ENIG_2006_2007
Pijamas y batas para mujer,12098,Salidas,False,DANE_ENIG_2006_2007
Otros artículos de vestir para mujer (deportivos y formales),24053,Salidas,False,DANE_ENIG_2006_2007
Camisas para niño,10636,Salidas,False,DANE_ENIG_2006_2007
"Camisetas, franelas, esqueletos, polos para niño",9809,Salidas,True,DANE_ENIG_2006_2007
"Calzoncillos, pantaloncillos, boxers para niño",5048,Salidas,True,DANE_ENIG_2006_2007
Medias y calcetines para niño,3761,Salidas,True,DANE_ENIG_2006_2007
Pantalones para niño,12333,Salidas,False,DANE_ENIG_2006_2007
Jeans para niño,16558,Salidas,False,DANE_ENIG_2006_2007
"Bermudas, pantalonetas y pantalón corto para niño",8840,Salidas,True,DANE_ENIG_2006_2007
"Vestido completo (sólo pantalón, chaqueta y/o chaleco) para niño",21694,Salidas,False,DANE_ENIG_2006_2007
"Blazers, chaquetas, chompas y sacos de sport en paño, cuero, gamuza y otros mate",17475,Salidas,False,DANE_ENIG_2006_2007
"Buzos, chalecos, sacos de lana y similares para niño",11988,Salidas,False,DANE_ENIG_2006_2007
"Gabardinas, gabanes, abrigos y sobretodo para niño",32969,Salidas,False,DANE_ENIG_2006_2007
Capas e impermeables para niño,4797,Salidas,True,DANE_ENIG_2006_2007
"Sudaderas, trusas y bicicleteros para niño",12919,Salidas,False,DANE_ENIG_2006_2007
Pantalonetas de baño para niño,5784,Salidas,True,DANE_ENIG_2006_2007
Pijamas y batas para niño,9294,Salidas,True,DANE_ENIG_2006_2007
Otros artículos de vestir para niño (deportivos y formales),17110,Salidas,False,DANE_ENIG_2006_2007
Blusas para niña,10176,Salidas,False,DANE_ENIG_2006_2007
"Camisetas, franelas y bodies para niña",7716,Salidas,True,DANE_ENIG_2006_2007
"Pantalones, slacks y chicles para niña",11643,Salidas,False,DANE_ENIG_2006_2007
"Shorts, bermudas y pantalonetas para niña",8552,Salidas,True,DANE_ENIG_2006_2007
jeans para niña,16679,Salidas,False,DANE_ENIG_2006_2007
Faldas para niña,9549,Salidas,True,DANE_ENIG_2006_2007
Vestidos confeccionados para niña,16380,Salidas,False,DANE_ENIG_2006_2007
"Enaguas, fondos, combinaciones para niña",5072,Salidas,True,DANE_ENIG_2006_2007
Pantys (interiores) para niña,4576,Salidas,True,DANE_ENIG_2006_2007
"Brassieres, sostenes, tops y acostumbradores para niña",6871,Salidas,True,DANE_ENIG_2006_2007
"Media tobillera, media pantalón, media media (velada, de lana y otros materiales",3113,Salidas,True,DANE_ENIG_2006_2007
"Buzos, chalecos, sacos de lana y similares para niña",10451,Salidas,False,DANE_ENIG_2006_2007
"Blazers, chaquetas, chaquetones y sacos de sport en paño, cuero, gamuza y otros",14834,Salidas,False,DANE_ENIG_2006_2007
"Gabardinas, gabanes, abrigos y sobretodos para niña",4509,Salidas,True,DANE_ENIG_2006_2007
Capas e impermeables para niña,1685,Salidas,True,DANE_ENIG_2006_2007
"Sudaderas, trusas y bicicleteros para niña",15295,Salidas,False,DANE_ENIG_2006_2007
Traje de baño para niña,14128,Salidas,False,DANE_ENIG_2006_2007
Pijamas y batas para niña,9031,Salidas,True,DANE_ENIG_2006_2007
Otros artículos de vestir para niña (deportivos y formales),18330,Salidas,False,DANE_ENIG_2006_2007
"Camisitas, franelas para bebé",6875,Salidas,True,DANE_ENIG_2006_2007
"Vestiditos confeccionados para bebé, mamelucos, etc.",12186,Salidas,False,DANE_ENIG_2006_2007
"Escarpines, patines, mitones, zapatos de tela, medias, gorritos y bufandas para bebe",4435,Salidas,True,DANE_ENIG_2006_2007
Pijamitas y talegos para dormir para bebé,8803,Salidas,True,DANE_ENIG_2006_2007
"Buzos, ruanas, sacos de lana y similares para bebé",8375,Salidas,True,DANE_ENIG_2006_2007
Pañales de tela para bebé,5641,Salidas,True,DANE_ENIG_2006_2007
"Pantaloncitos de tela, plástico, caucho y similares para bebé",7760,Salidas,True,DANE_ENIG_2006_2007
Fajeros y cambiadores,3532,Salidas,True,DANE_ENIG_2006_2007
Otros artículos de vestir para bebé,12979,Salidas,False,DANE_ENIG_2006_2007
Corbatas y corbatines,15259,Salidas,False,DANE_ENIG_2006_2007
"Correas, tirantas y calzonarias para hombre",7047,Salidas,True,DANE_ENIG_2006_2007
Pañuelos para hombre,3067,Salidas,True,DANE_ENIG_2006_2007
Ruanas y ponchos para hombre,14098,Salidas,False,DANE_ENIG_2006_2007
Bufandas y guantes para hombre,6043,Salidas,True,DANE_ENIG_2006_2007
"Sombreros, gorros, cachuchas, boinas, viseras para hombre",9450,Salidas,True,DANE_ENIG_2006_2007
Pañuelos y pañoletas para mujer,5167,Salidas,True,DANE_ENIG_2006_2007
Cinturones y tirantas para mujer,5756,Salidas,True,DANE_ENIG_2006_2007
"Ruanas, chales, pañolones y ponchos para mujer",16434,Salidas,False,DANE_ENIG_2006_2007
Bufandas y guantes para mujer,6010,Salidas,True,DANE_ENIG_2006_2007
"Sombreros, gorros, cachuchas, boinas, viseras para mujer",8082,Salidas,True,DANE_ENIG_2006_2007
Guantes (de jardinería o de trabajo) en material diferente a caucho,1855,Salidas,True,DANE_ENIG_2006_2007
Cascos protectores para ciclista y motociclista,15506,Salidas,False,DANE_ENIG_2006_2007
"Hilos, cremalleras, botones, metro de costura, hombreras, encajes, broches, ganchos para ropa, hebil",2348,Salidas,True,DANE_ENIG_2006_2007
"Baberos, broches y ganchos para bebé",3964,Salidas,True,DANE_ENIG_2006_2007
"Madejas de lana y otros materiales para coser, tejer y bordar",8834,Salidas,True,DANE_ENIG_2006_2007
"Confección y reparación de prendas de vestir en general (hombre, mujer, niños, niñas)",8758,Salidas,True,DANE_ENIG_2006_2007
Teñido de prendas de vestir,3789,Salidas,True,DANE_ENIG_2006_2007
Lavado y planchado de ropa fuera del hogar (en lavandería u otro hogar),20476,Salidas,False,DANE_ENIG_2006_2007
"Alquiler de prendas de vestir en general (hombre mujer, niños, niñas y bebés)",17087,Salidas,False,DANE_ENIG_2006_2007
"Zapatos en cuero, caucho, goma y similares para hombre",29034,Salidas,False,DANE_ENIG_2006_2007
"Botas en cuero, caucho, goma y similares para hombre",17866,Salidas,False,DANE_ENIG_2006_2007
"Tenis, zapatillas y otros zapatos deportivos para hombre (excluyendo zapatos para deportes específic",37641,Salidas,False,DANE_ENIG_2006_2007
"Pantuflas, sandalias, abuelitas, chanclas, cotizas y alpargatas para hombre",7202,Salidas,True,DANE_ENIG_2006_2007
"Calzado plano en cuero, caucho, goma y similares para mujer",17638,Salidas,False,DANE_ENIG_2006_2007
"Calzado de tacón en cuero, caucho, goma y similares para mujer",22124,Salidas,False,DANE_ENIG_2006_2007
"Botas en cuero, caucho, goma y similares para mujer",34217,Salidas,False,DANE_ENIG_2006_2007
"Tenis, zapatillas y otros zapatos deportivos para mujer (excluyendo zapatos para deportes específico",24386,Salidas,False,DANE_ENIG_2006_2007
"Pantuflas, sandalias, abuelitas, chanclas, cotizas y alpargatas para mujer",9059,Salidas,True,DANE_ENIG_2006_2007
"Zapatos en cuero, caucho, goma y similares para niño",16667,Salidas,False,DANE_ENIG_2006_2007
"Botas en cuero, caucho, goma y similares para niño",12677,Salidas,False,DANE_ENIG_2006_2007
"Tenis, zapatillas y otros zapatos deportivos para niño (excluyendo zapatos para deportes específicos",18844,Salidas,False,DANE_ENIG_2006_2007
"Pantuflas, sandalias, abuelitas, chanclas, cotizas y alpargatas para niño",5835,Salidas,True,DANE_ENIG_2006_2007
"Calzado plano en cuero, caucho, goma y similares para niña",13620,Salidas,False,DANE_ENIG_2006_2007
"Calzado de tacón en cuero, caucho, goma y similares para niña",11230,Salidas,False,DANE_ENIG_2006_2007
"Botas en cuero, caucho, goma y similares para niña",15844,Salidas,False,DANE_ENIG_2006_2007
"Tenis, zapatillas y otros zapatos deportivos para niña (excluyendo zapatos para deportes específicos",16512,Salidas,False,DANE_ENIG_2006_2007
"Pantuflas, sandalias, abuelitas, chanclas, cotizas y alpargatas para niña",7194,Salidas,True,DANE_ENIG_2006_2007
"Calzado para bebé: zapatos, botas y tenis",7450,Salidas,True,DANE_ENIG_2006_2007
"Accesorios para calzado: Plantillas, hormas, adaptadores para calzado y calzador",5356,Salidas,True,DANE_ENIG_2006_2007
Lustrado y limpieza de zapatos,10161,Salidas,False,DANE_ENIG_2006_2007
"Reparación de calzado: remonta, tapas, costuras, etc",3747,Salidas,True,DANE_ENIG_2006_2007
Alquiler de calzado,10169,Salidas,False,DANE_ENIG_2006_2007
Arriendo efectivo mensual por la vivienda que habita el hogar,214213,Fijos,False,DANE_ENIG_2006_2007
Arriendo por viviendas para uso del hogar diferentes a la que habita,204686,Fijos,False,DANE_ENIG_2006_2007
Arriendo imputado por la vivienda propia que habita el hogar,233741,Fijos,False,DANE_ENIG_2006_2007
"Arriendo imputado por la vivienda en usufructo, posesión u ocupación que habita",142501,Fijos,False,DANE_ENIG_2006_2007
Pinturas y barnices para vivienda,13362,Fijos,False,DANE_ENIG_2006_2007
Papel de colgadura y recubrimientos textiles para paredes,8160,Fijos,False,DANE_ENIG_2006_2007
"Baldosas, celosías, mármoles, cerámicas, cenefas de enchape (para interiores y y para baño y cocina)",83207,Fijos,False,DANE_ENIG_2006_2007
Vidriería para puertas y ventanas,11433,Fijos,False,DANE_ENIG_2006_2007
"Yeso, cemento, masilla, pegantes",16884,Fijos,False,DANE_ENIG_2006_2007
"Tubos para el agua, grifos, codos, sifones, etc.",6721,Fijos,False,DANE_ENIG_2006_2007
Tablones para pisos,37506,Fijos,False,DANE_ENIG_2006_2007
Puertas y ventanas,29448,Fijos,False,DANE_ENIG_2006_2007
"Otros materiales para la conservación y la reparación de la vivienda: tejas, cielo raso, tanque de a",55570,Fijos,False,DANE_ENIG_2006_2007
Mantenimiento y reparación de aire acondicionado y calefacción,8457,Fijos,False,DANE_ENIG_2006_2007
Mantenimiento y reparación de cañerias de agua y ductos e instalaciones de gas,14613,Fijos,False,DANE_ENIG_2006_2007
Mantenimiento y reparación de ductos de ascensor,15983,Fijos,False,DANE_ENIG_2006_2007
Mantenimiento y reparación de redes eléctricas y telefónicas,13184,Fijos,False,DANE_ENIG_2006_2007
Mantenimiento y reparación de techos y pisos,43551,Fijos,False,DANE_ENIG_2006_2007
Limpieza de exteriores de edificaciones,5633,Fijos,False,DANE_ENIG_2006_2007
Pavimentación y revestimiento de suelos,36875,Fijos,False,DANE_ENIG_2006_2007
Ampliación o subdivisión de la vivienda,353969,Fijos,False,DANE_ENIG_2006_2007
"Otros servicios para el mantenimiento y reparación de la vivienda: cerrajería, pintura, enchape, car",44338,Fijos,False,DANE_ENIG_2006_2007
"Instalación, conexión, contador de agua",5732,Fijos,False,DANE_ENIG_2006_2007
Acueducto,21232,Fijos,False,DANE_ENIG_2006_2007
Reconexión del servicio de acueducto,6305,Fijos,False,DANE_ENIG_2006_2007
Recolección de basuras y aseo,7143,Fijos,False,DANE_ENIG_2006_2007
Pagos a recogedor de basuras y desechos,18193,Fijos,False,DANE_ENIG_2006_2007
Instalación o conexión al servicio de alcantarillado,14488,Fijos,False,DANE_ENIG_2006_2007
Alcantarillado,10407,Fijos,False,DANE_ENIG_2006_2007
Cuotas mensuales de administración de la vivienda para uso del hogar,121400,Fijos,False,DANE_ENIG_2006_2007
Cuotas extraordinarias de administración,14406,Fijos,False,DANE_ENIG_2006_2007
Celaduría comunal,21005,Fijos,False,DANE_ENIG_2006_2007
Gastos de conservación en jardinería,15124,Fijos,False,DANE_ENIG_2006_2007
"Instalación, conexión, contador del servicio de energía eléctrica",7980,Fijos,False,DANE_ENIG_2006_2007
Energía eléctrica,34260,Fijos,False,DANE_ENIG_2006_2007
Reconexión del servicio de energía eléctrica,2065,Fijos,False,DANE_ENIG_2006_2007
Alumbrado público,3905,Fijos,False,DANE_ENIG_2006_2007
Compra de gas propano en pipeta o cilindro o por ducto,29141,Fijos,False,DANE_ENIG_2006_2007
"Instalación, conexión, contador del servicio de gas natural",8411,Fijos,False,DANE_ENIG_2006_2007
Gas natural por tubería,15436,Fijos,False,DANE_ENIG_2006_2007
Reconexión del servicio de gas natural,1491,Fijos,False,DANE_ENIG_2006_2007
"Combustibles líquidos para cocinar: gasolina, kerosene, petróleo, alcohol, etc.",11802,Fijos,False,DANE_ENIG_2006_2007
"Combustibles sólidos para cocinar: leña, carbón vegetal, carbón, mineral, etc.",13506,Fijos,False,DANE_ENIG_2006_2007
Cama sencilla,18348,Salidas,False,DANE_ENIG_2006_2007
"Cama semidoble, doble, king size",31491,Salidas,False,DANE_ENIG_2006_2007
Cunas y corral para bebé,20332,Salidas,False,DANE_ENIG_2006_2007
Juego completo de muebles de alcoba,78999,Salidas,False,DANE_ENIG_2006_2007
Juego completo de muebles de sala,81638,Salidas,False,DANE_ENIG_2006_2007
Juego completo de muebles de comedor,61757,Salidas,False,DANE_ENIG_2006_2007
Gabinetes de baño,14646,Salidas,False,DANE_ENIG_2006_2007
Cocina integral,103467,Salidas,False,DANE_ENIG_2006_2007
Muebles y gabinetes para cocina,23625,Salidas,False,DANE_ENIG_2006_2007
Escritorios y mesas de dibujo,26223,Salidas,False,DANE_ENIG_2006_2007
Muebles para computador o centros de entretenimiento,11547,Salidas,False,DANE_ENIG_2006_2007
"Colchones, somiers y colchonetas",18015,Salidas,False,DANE_ENIG_2006_2007
"Bases para colchón, catres",6941,Salidas,True,DANE_ENIG_2006_2007
"Sillas, sillones, sofás, sofacamas",15045,Salidas,False,DANE_ENIG_2006_2007
"Asientos, mecedoras, butacos, bancas",7255,Salidas,True,DANE_ENIG_2006_2007
"Armarios, clósets, cómodas, chifoniers, escaparates, roperos, baules",18777,Salidas,False,DANE_ENIG_2006_2007
Bibliotecas y muebles modulares,17143,Salidas,False,DANE_ENIG_2006_2007
"Otros muebles y accesorios para el hogar:biffé, tocadores, vitrinas, archivadore",13778,Salidas,False,DANE_ENIG_2006_2007
Lámparas de techo o de pie,9247,Salidas,True,DANE_ENIG_2006_2007
Pantallas de mesa,5658,Salidas,True,DANE_ENIG_2006_2007
"Velas, veladoras, velones",2717,Salidas,True,DANE_ENIG_2006_2007
Candeleros y candelabros,11033,Salidas,False,DANE_ENIG_2006_2007
Cuadros y pinturas de arte,19879,Salidas,False,DANE_ENIG_2006_2007
Reproducciones de cuadros y pinturas,11130,Salidas,False,DANE_ENIG_2006_2007
"Dibujos, grabados, tapices",342,Salidas,True,DANE_ENIG_2006_2007
"Estatuillas, esculturas, porcelanas y objetos de decoración en plata o metal",11984,Salidas,False,DANE_ENIG_2006_2007
Otros objetos artísticos,3259,Salidas,True,DANE_ENIG_2006_2007
"Espejos, portaretratos y percheros",6280,Salidas,True,DANE_ENIG_2006_2007
Persianas de materiales diferentes a tela,36985,Salidas,False,DANE_ENIG_2006_2007
Alfombras y tapetes fijos y sueltos,9344,Salidas,True,DANE_ENIG_2006_2007
Mano de obra para colocación de alfombras y tapetes,538,Salidas,True,DANE_ENIG_2006_2007
"Reparación de muebles, accesorios y materiales para pisos",31512,Salidas,False,DANE_ENIG_2006_2007
Restauración de obras de arte y de muebles antiguos,16916,Salidas,False,DANE_ENIG_2006_2007
"Telas para confeccionar ropa de cama, manteles, cortinas y forros de muebles",7691,Salidas,True,DANE_ENIG_2006_2007
"Juego completo de sábanas, sobresábanas y fundas",5424,Salidas,True,DANE_ENIG_2006_2007
"Sábanas, sobresabanas y fundas sueltas",4002,Salidas,True,DANE_ENIG_2006_2007
"Cubrelechos, cubrecamas, colchas para cama",8470,Salidas,True,DANE_ENIG_2006_2007
Cobijas y mantas para adultos,5294,Salidas,True,DANE_ENIG_2006_2007
"Cobijas, mantas y cobertores para bebés",3798,Salidas,True,DANE_ENIG_2006_2007
"Almohadas, cojines, almohadones",2072,Salidas,True,DANE_ENIG_2006_2007
"Hamacas, chinchorros, toldillos, mosquiteros",3672,Salidas,True,DANE_ENIG_2006_2007
"Ropa de mesa: Manteles, caminos de mesa, individuales y servilletas de tela para comedor",3278,Salidas,True,DANE_ENIG_2006_2007
Toallas de tela para baño,2177,Salidas,True,DANE_ENIG_2006_2007
Juego de lencería para baño,4210,Salidas,True,DANE_ENIG_2006_2007
Cortinas para baño,1357,Salidas,True,DANE_ENIG_2006_2007
Cortinas confeccionadas,13549,Salidas,False,DANE_ENIG_2006_2007
Lanas y telas para tejidos y decoración del hogar,1935,Salidas,True,DANE_ENIG_2006_2007
Sacos o lonas para ropa,2641,Salidas,True,DANE_ENIG_2006_2007
Banderas y escudos en general,1046,Salidas,True,DANE_ENIG_2006_2007
"Piedecamas, esteras y esterillas",2408,Salidas,True,DANE_ENIG_2006_2007
Forros para muebles y electrodomésticos,6878,Salidas,True,DANE_ENIG_2006_2007
Gastos por confección y reparación de productos textiles para el hogar,5399,Salidas,True,DANE_ENIG_2006_2007
"Neveras, refrigeradores y congeladores",49509,Salidas,False,DANE_ENIG_2006_2007
Lavadora y secadora de ropa,45193,Salidas,False,DANE_ENIG_2006_2007
Lavadora de platos,57083,Salidas,False,DANE_ENIG_2006_2007
Estufa a gas,17192,Salidas,False,DANE_ENIG_2006_2007
Estufa eléctrica,6221,Salidas,True,DANE_ENIG_2006_2007
Estufa mixta (electrica y a gas),41791,Salidas,False,DANE_ENIG_2006_2007
Campana extractora para la estufa,15551,Salidas,False,DANE_ENIG_2006_2007
Estufa de carbón o leña a gasolina o petróleo,1648,Salidas,True,DANE_ENIG_2006_2007
Hornos eléctricos y hornos de gas,13340,Salidas,False,DANE_ENIG_2006_2007
Hornos microondas,14864,Salidas,False,DANE_ENIG_2006_2007
Pipetas o cilindros de gas (envase sin incluir el gas),3496,Salidas,True,DANE_ENIG_2006_2007
Calentadores eléctricos,6035,Salidas,True,DANE_ENIG_2006_2007
Calentador de gas,22210,Salidas,False,DANE_ENIG_2006_2007
Sistema de calefacción para el hogar,74978,Salidas,False,DANE_ENIG_2006_2007
Aire acondicionado,31113,Salidas,False,DANE_ENIG_2006_2007
Ventiladores o abanicos fijos,5550,Salidas,True,DANE_ENIG_2006_2007
"Aspiradora, brilladora y lavatapetes",15570,Salidas,False,DANE_ENIG_2006_2007
"Máquinas de coser, tejer, fileteadoras y telares",21235,Salidas,False,DANE_ENIG_2006_2007
"Otros aparatos grandes del hogar: Trituradoras de desperdicios, cajas fuertes, Purificadores de agua",39280,Salidas,False,DANE_ENIG_2006_2007
Plancha eléctrica,3711,Salidas,True,DANE_ENIG_2006_2007
"Licuadora, picadora y ayudante de cocina eléctrico",6007,Salidas,True,DANE_ENIG_2006_2007
Batidora y mezcladora eléctrica,4414,Salidas,True,DANE_ENIG_2006_2007
"Sanducheras, wafleras y tostadoras eléctricas",3485,Salidas,True,DANE_ENIG_2006_2007
Extractor de zumos y exprimidor eléctricos,4805,Salidas,True,DANE_ENIG_2006_2007
Cafeteras eléctricas,4040,Salidas,True,DANE_ENIG_2006_2007
Ollas arroceras y freidoras eléctricas,6978,Salidas,True,DANE_ENIG_2006_2007
"Cuchillos, afila cuchillos y abrelatas eléctricos",928,Salidas,True,DANE_ENIG_2006_2007
Encendedores eléctricos y no eléctricos para estufa,1483,Salidas,True,DANE_ENIG_2006_2007
Ventiladores o abanicos movibles,5213,Salidas,True,DANE_ENIG_2006_2007
Duchas eléctricas,2305,Salidas,True,DANE_ENIG_2006_2007
Asadores eléctricos para carne,7217,Salidas,True,DANE_ENIG_2006_2007
Mantas eléctricas para el hogar,5250,Salidas,True,DANE_ENIG_2006_2007
Extractor eléctrico de olores,10373,Salidas,False,DANE_ENIG_2006_2007
"Otros aparatos eléctricos para el hogar: teteras eléctricas, máquina para helados, hornos tostadores",5802,Salidas,True,DANE_ENIG_2006_2007
Repuestos para aparatos domésticos,3872,Salidas,True,DANE_ENIG_2006_2007
Reparación de aparatos y utensilios domésticos,5276,Salidas,True,DANE_ENIG_2006_2007
"Alquiler de artefactos o aparatos domésticos (lavadoras, computadores, etc)",5041,Salidas,True,DANE_ENIG_2006_2007
"Vajilla completa, juego de té o café y otros juegos completos (vaso, jarra, copas)",4751,Salidas,True,DANE_ENIG_2006_2007
"Platos, pocillos, tazas, Mugs",5122,Salidas,True,DANE_ENIG_2006_2007
"Vasos, copas, jarras",3805,Salidas,True,DANE_ENIG_2006_2007
"Bandejas, ensaladeras, soperas, dulceras",4767,Salidas,True,DANE_ENIG_2006_2007
Refractarias,7957,Salidas,True,DANE_ENIG_2006_2007
Otros artículos de cristalería y vajilla,13911,Salidas,False,DANE_ENIG_2006_2007
Juego completo de cubiertos de mesa y cocina,9630,Salidas,True,DANE_ENIG_2006_2007
"Cucharas, cucharitas, tenedores, cuchillos, cucharones, tijeras de cocina",3443,Salidas,True,DANE_ENIG_2006_2007
"Ollas, cacerolas, cazuelas y sartenes de aluminio, esmaltadas y de teflón",16348,Salidas,False,DANE_ENIG_2006_2007
Ollas a presión,27300,Salidas,False,DANE_ENIG_2006_2007
Planchas para asar y parrillas,9060,Salidas,True,DANE_ENIG_2006_2007
"Molinillos, coladeras, coladores, pinzas para hielo, abrelatas y sacacorchos manuales, piedras de af",1810,Salidas,True,DANE_ENIG_2006_2007
Cafeteras no eléctricas,13753,Salidas,False,DANE_ENIG_2006_2007
"Molinos, ralladores, picadoras manuales y exprimidores de jugo",6301,Salidas,True,DANE_ENIG_2006_2007
"Corta huevos, pela papas, rebanador de quesos, cortador de pizza",2603,Salidas,True,DANE_ENIG_2006_2007
"Tablas para picar, morteros y mazos, escurridorres de aceite",2728,Salidas,True,DANE_ENIG_2006_2007
Servilleteros,2768,Salidas,True,DANE_ENIG_2006_2007
Termos,5798,Salidas,True,DANE_ENIG_2006_2007
"Reverberos, cocinas de alcohol y cocinetas",19613,Salidas,False,DANE_ENIG_2006_2007
Esterilizadores o calentadores de teteros,13330,Salidas,False,DANE_ENIG_2006_2007
Biberones o teteros,3489,Salidas,True,DANE_ENIG_2006_2007
Mesa de planchar,10997,Salidas,False,DANE_ENIG_2006_2007
Planchas no eléctricas,12448,Salidas,False,DANE_ENIG_2006_2007
"Ceniceros, floreros",6046,Salidas,True,DANE_ENIG_2006_2007
"Platones, baldes y poncheras",3834,Salidas,True,DANE_ENIG_2006_2007
Canecas y papeleras para la basura,5768,Salidas,True,DANE_ENIG_2006_2007
Cestas y recipientes para la ropa,8467,Salidas,True,DANE_ENIG_2006_2007
"Vacinillas, micas o patos médicos",2072,Salidas,True,DANE_ENIG_2006_2007
"Reparación de cristalería, vajilla y utensilios del hogar",8609,Salidas,True,DANE_ENIG_2006_2007
"Taladros, soldadoras, sierras, pulidoras y cizallas eléctricas",15488,Salidas,False,DANE_ENIG_2006_2007
"Podadoras, cortadoras de césped y guadañadoras eléctricas o motorizadas y tractores eléctricos para ",51323,Salidas,False,DANE_ENIG_2006_2007
Compra e instalación de bombas eléctricas de agua,14446,Salidas,False,DANE_ENIG_2006_2007
Otras herramientas y equipos eléctricos grandes,17243,Salidas,False,DANE_ENIG_2006_2007
Reparación de herramientas y equipos grandes,11955,Salidas,False,DANE_ENIG_2006_2007
Alquiler de maquinaria y equipo grande,18647,Salidas,False,DANE_ENIG_2006_2007
"Hombresolos, alicates, tenazas, martillos, destornilladores, punzones, serruchos, limas para herrami",10830,Salidas,False,DANE_ENIG_2006_2007
"Llaves de tuercas, llaves inglesas, llaves bristol.",1890,Salidas,True,DANE_ENIG_2006_2007
"Cintas métricas: Metro, Decámetro, niveles, etc.",633,Salidas,True,DANE_ENIG_2006_2007
"Otras herramientas del hogar: Tijeras para ropa, escaleras, etc.",1757,Salidas,True,DANE_ENIG_2006_2007
"Herramientas de jardín: Carretillas, mangueras, palas, azadones, estacas, etc.",2588,Salidas,True,DANE_ENIG_2006_2007
"Bombillos incandescentes, tubos fluorescentes, larga vida, halógenos y de neón",5060,Salidas,True,DANE_ENIG_2006_2007
"Enchufes, interruptores, dimmers, cables eléctricos, rosetas, cinta aislante, timbres, alarmas",25884,Salidas,False,DANE_ENIG_2006_2007
Pilas no recargables para uso general,3796,Salidas,True,DANE_ENIG_2006_2007
"Linternas, lámparas de mano, estabilizadores y timers, baterías o pilas recargables",5711,Salidas,True,DANE_ENIG_2006_2007
Otros accesorios eléctricos pequeños,9742,Salidas,True,DANE_ENIG_2006_2007
"Accesorios para puertas: Bisagras, manijas, cerraduras, candados, etc.",5515,Salidas,True,DANE_ENIG_2006_2007
"Otros artículos de metal para el hogar: Rieles, varillas, ganchos para cortina, etc.",1642,Salidas,True,DANE_ENIG_2006_2007
Reparación de herramientas pequeñas y accesorios diversos del hogar y del jardín,1868,Salidas,True,DANE_ENIG_2006_2007
Jabón en barra para lavar ropa,3552,Salidas,True,DANE_ENIG_2006_2007
Jabón de cocina,2699,Salidas,True,DANE_ENIG_2006_2007
Jabón para lavadora,8929,Salidas,True,DANE_ENIG_2006_2007
Detergente en polvo,4384,Salidas,True,DANE_ENIG_2006_2007
Detergente líquido,4138,Salidas,True,DANE_ENIG_2006_2007
Blanqueadores,2322,Salidas,True,DANE_ENIG_2006_2007
Suavizantes,4433,Salidas,True,DANE_ENIG_2006_2007
"Quitamanchas, polvo limpiador y shampoo para alfombras",5253,Salidas,True,DANE_ENIG_2006_2007
"Líquidos y desinfectantes para limpiar muebles, vidrios, hornos, estufas, paredes, baños, pisos",4092,Salidas,True,DANE_ENIG_2006_2007
Desodorantes ambientales y ambientadores,4963,Salidas,True,DANE_ENIG_2006_2007
Cera para pisos,4087,Salidas,True,DANE_ENIG_2006_2007
Insecticidas y fungicidas,6246,Salidas,True,DANE_ENIG_2006_2007
"Otros productos de limpieza y mantenimiento: almidones para camisas, alcanfor, naftalina, disolvente",4227,Salidas,True,DANE_ENIG_2006_2007
"Escobas, recogedores de basura, escobillas, plumeros limpiapolvos, trapeadores y cepillos para: pare",5250,Salidas,True,DANE_ENIG_2006_2007
Guantes de caucho,3174,Salidas,True,DANE_ENIG_2006_2007
"Esponjas, esponjillas y estropajos",1554,Salidas,True,DANE_ENIG_2006_2007
"Limpiones, cogeollas, trapos para limpiar, paños de cocina, bayetillas y dulceabrigos",3801,Salidas,True,DANE_ENIG_2006_2007
Otros elementos de aseo,15243,Salidas,False,DANE_ENIG_2006_2007
"Cuerdas, cordeles, tendederos y pinzas para ropa, cintas adhesivas y pegamentos",3592,Salidas,True,DANE_ENIG_2006_2007
"Agujas (para coser, tejer), alfileres",988,Salidas,True,DANE_ENIG_2006_2007
"Tijeras para costura, abreojales, desbaratadores, dedales",2004,Salidas,True,DANE_ENIG_2006_2007
Mechas para lámparas,565,Salidas,True,DANE_ENIG_2006_2007
Fósforos y encendedores desechables,1081,Salidas,True,DANE_ENIG_2006_2007
"Betún, pomadas y tintes para calzado",2648,Salidas,True,DANE_ENIG_2006_2007
"Barnices, lacas y tintes para accesorios del hogar.",9962,Salidas,True,DANE_ENIG_2006_2007
Anilinas y tintes para prendas de vestir,1587,Salidas,True,DANE_ENIG_2006_2007
"Artículos de ferretería: Puntillas, clavos, tornillos, tuercas, brocas, brochas, pinceles, lijas y o",5534,Salidas,True,DANE_ENIG_2006_2007
"Papel de aluminio, papel parafinado, moldes de aluminio, vinilpel, filtros de papel para cafetera",3904,Salidas,True,DANE_ENIG_2006_2007
Rollos de papel para cocina,4879,Salidas,True,DANE_ENIG_2006_2007
"Productos desechables: servilletas, manteles, platos, vasos, cubiertos, palillos",2381,Salidas,True,DANE_ENIG_2006_2007
"Otros productos desechables: pitillos, palos de pincho, etc.",2488,Salidas,True,DANE_ENIG_2006_2007
Bolsas plásticas para basura y para aspiradora,1817,Salidas,True,DANE_ENIG_2006_2007
Empleada interna,221386,Salidas,False,DANE_ENIG_2006_2007
Empleada de por días (permanente o temporal),120277,Salidas,False,DANE_ENIG_2006_2007
"Amas de llaves, institutrices, tutores, mayordomos, choferes, jardineros, celadores, niñeras dentro ",185072,Salidas,False,DANE_ENIG_2006_2007
Limpieza de ventanas,2685,Salidas,True,DANE_ENIG_2006_2007
Desinfección y fumigación del hogar,2288,Salidas,True,DANE_ENIG_2006_2007
"Lavado y limpieza de ropa del hogar: cubrelechos, cobijas, cortinas, tejidos del hogar, etc.",3568,Salidas,True,DANE_ENIG_2006_2007
Lavado de alfombras,5670,Salidas,True,DANE_ENIG_2006_2007
Servicio de tintorería y teñido de ropa del hogar,1053,Salidas,True,DANE_ENIG_2006_2007
"Analgésicos: mejoral, aspirina, focus, dólex, asawín, advil, etc",5037,Fijos,False,DANE_ENIG_2006_2007
"Antiácidos: alkaseltser, sal de frutas, mylanta, pepsamar, etc.",4281,Fijos,False,DANE_ENIG_2006_2007
Antibióticos,17613,Fijos,False,DANE_ENIG_2006_2007
Medicamentos antialérgicos (antihistamínicos): loratadina,12014,Fijos,False,DANE_ENIG_2006_2007
"Antigripales: desenfriol, dristán, etc.",5053,Fijos,False,DANE_ENIG_2006_2007
"Antiparasitario, antiamibiásicos, purgantes, laxantes",10420,Fijos,False,DANE_ENIG_2006_2007
Antiartríticos y antirreumáticos,26661,Fijos,False,DANE_ENIG_2006_2007
Antidiabéticos,34853,Fijos,False,DANE_ENIG_2006_2007
"Antiespasmódicos, antidiarréicos",8996,Fijos,False,DANE_ENIG_2006_2007
Antiinflamatorios,13072,Fijos,False,DANE_ENIG_2006_2007
"Cardiovasculares, medicamentos para la tensión arterial: Artensol, Aldomet, Captopril, etc.",29217,Fijos,False,DANE_ENIG_2006_2007
"Desinfectantes: alcohol, menticol, yodo, merthiolate, mercurio cromo, agua oxigenada, árnica, isodin",4082,Fijos,False,DANE_ENIG_2006_2007
"Suero oral, fisiológico, etc.",7611,Fijos,False,DANE_ENIG_2006_2007
Vacunas,6530,Fijos,False,DANE_ENIG_2006_2007
"Vitaminas, reconstituyentes, calcio y otros minerales",29857,Fijos,False,DANE_ENIG_2006_2007
Aceite de hígado de bacalao,15155,Fijos,False,DANE_ENIG_2006_2007
"Productos formulados para uso dermatológico: Lociones, cremas, pomadas, unguento",51332,Fijos,False,DANE_ENIG_2006_2007
"Gotas para oidos, ojos y naríz",17692,Fijos,False,DANE_ENIG_2006_2007
"Anticonceptivos orales (píldoras), óvulos, inyecciones, cremas anticonceptivas y parches",15371,Fijos,False,DANE_ENIG_2006_2007
Medicamentos homeopáticos y bioenergéticos,55278,Fijos,False,DANE_ENIG_2006_2007
"Otras drogas sueltas: anestésicos, enzimas y sales biliares, diuréticos orales e inyectables y otros",29545,Fijos,False,DANE_ENIG_2006_2007
Fórmula médica completa,79346,Fijos,False,DANE_ENIG_2006_2007
Termómetros clínicos,4729,Fijos,False,DANE_ENIG_2006_2007
"Jeringas, agujas hipodérmicas",2434,Fijos,False,DANE_ENIG_2006_2007
"Esparadrapo, vendas, gasas, curitas.",5358,Fijos,False,DANE_ENIG_2006_2007
Botiquines de primeros auxilios,3911,Fijos,False,DANE_ENIG_2006_2007
Dispositivo de pruebas de embarazo,7966,Fijos,False,DANE_ENIG_2006_2007
"Otros implementos médicos: bolsas de agua caliente, bolsas de hielo, etc",6935,Fijos,False,DANE_ENIG_2006_2007
Dispositivos intrauterinos y otros anticonceptivos,11276,Fijos,False,DANE_ENIG_2006_2007
Preservativos (condones),10394,Fijos,False,DANE_ENIG_2006_2007
"Anteojos, gafas o lentes de contacto formulados",10872,Fijos,False,DANE_ENIG_2006_2007
"Sillas de ruedas, camas y colchones especiales (de hospital para uso en el hogar",21116,Fijos,False,DANE_ENIG_2006_2007
Muletas y bastones ortopédicos,4080,Fijos,False,DANE_ENIG_2006_2007
Zapatos ortopédicos,11021,Fijos,False,DANE_ENIG_2006_2007
"Soportes de cuello, bragueros, fajas quirúrgicas, medias elásticas para traumatología; soportes para",4387,Fijos,False,DANE_ENIG_2006_2007
Equipo para masajes médicos,7558,Fijos,False,DANE_ENIG_2006_2007
"Prótesis (miembros artificiales), dentaduras postizas",53347,Fijos,False,DANE_ENIG_2006_2007
"Otros aparatos ortopédicos: ojos de cristal, audífonos ortopédicos",9486,Fijos,False,DANE_ENIG_2006_2007
"Tensiómetros (eléctricos, manuales y de otro tipo), estetoscopios, glucómetros",8342,Fijos,False,DANE_ENIG_2006_2007
Reparación de artefactos y equipos terapéuticos,1348,Fijos,False,DANE_ENIG_2006_2007
Consulta médica general con médico particular,10382,Fijos,False,DANE_ENIG_2006_2007
"Consulta médica con especialista particular: pediatría, oftalmología, ginecología, siquiatría, traum",27886,Fijos,False,DANE_ENIG_2006_2007
Servicios de especialistas en ortodoncia,55544,Fijos,False,DANE_ENIG_2006_2007
"Consulta particular con médicos homeópatas, bioenérgeticos y otros no tradicional",21678,Fijos,False,DANE_ENIG_2006_2007
"Servicios odontológicos con odontólogos particulares: consultas, profilaxis, exodoncias (extracción)",54399,Fijos,False,DANE_ENIG_2006_2007
"Servicios para particulares en centros de rayos X: radiografías (incluyendo las dentales), urografía",18057,Fijos,False,DANE_ENIG_2006_2007
"Exámenes de laboratorio para particulares: de sangre, bacteriológicos, serología, etc.",16362,Fijos,False,DANE_ENIG_2006_2007
"Servicios independientes de: acupunturistas, fonoaudiólogos, fisioterapeutas",29811,Fijos,False,DANE_ENIG_2006_2007
Terapia de gimnasia correctiva recetada por médicos,23648,Fijos,False,DANE_ENIG_2006_2007
Baños termales o tratamientos con agua de mar,4047,Fijos,False,DANE_ENIG_2006_2007
"Servicios de enfermería y maternidad en el hogar (partera, comadrona, enfermera privada)",62077,Fijos,False,DANE_ENIG_2006_2007
"Consulta con teguas, empíricos, curanderos, yerbateros, comadronas, etc",7269,Fijos,False,DANE_ENIG_2006_2007
Otros servicios extrahospitalarios: Alquiler de equipo terapéutico,6647,Fijos,False,DANE_ENIG_2006_2007
"Cuotas moderadoras EPS, ARS (medicina, odontología, especialistas, medicamentos, examenes, etc.",10980,Fijos,False,DANE_ENIG_2006_2007
"Bonos de medicina prepagada o pago en efectivo por consultas, odontología, medicamentos, examenes, e",47899,Fijos,False,DANE_ENIG_2006_2007
"Servicios básicos hospitalarios para pacientes particulares internos: alojamiento, alimentación, tra",27808,Fijos,False,DANE_ENIG_2006_2007
"Servicios médicos hospitalarios para particulares: atención de médicos (generales y especialistas), ",32073,Fijos,False,DANE_ENIG_2006_2007
"Servicios médicos menores (pequeña cirugía, cirugía ambulatoria, urgencias, etc.",17836,Fijos,False,DANE_ENIG_2006_2007
Copagos (Pago adicional por hospitalizaciones o cirugias de beneficiarios de EPS),9839,Fijos,False,DANE_ENIG_2006_2007
Compra de vehículos nuevos para uso particular (incluye pagos por nacionalización y otros pagos),1439254,Salidas,False,DANE_ENIG_2006_2007
Compra de vehículos usados para uso particular (incluye pagos por nacionalización y otros pagos),818905,Salidas,False,DANE_ENIG_2006_2007
Gastos de matrículas para vehículo nuevo y de traspaso para vehículos usados,36110,Salidas,False,DANE_ENIG_2006_2007
Compra de motocicletas y bicicletas con motor nuevas o usadas,215431,Salidas,False,DANE_ENIG_2006_2007
Gastos de matrículas o traspaso de motocicletas o bicicletas con motor,9251,Salidas,True,DANE_ENIG_2006_2007
Compra de bicicletas nuevas o usadas,16906,Salidas,False,DANE_ENIG_2006_2007
Animales y vehículos de tracción animal para transporte de personas del hogar,2060,Salidas,True,DANE_ENIG_2006_2007
"Llantas y neumáticos, rines para vehículo",24090,Salidas,False,DANE_ENIG_2006_2007
Motores para vehículo,68321,Salidas,False,DANE_ENIG_2006_2007
"Bujías, inyectores, filtros, amortiguadores, baterías, carburadores, distribuidores de corriente, vi",32436,Salidas,False,DANE_ENIG_2006_2007
"Productos para la limpieza y conservación del vehículo: pintura, limpiadores, shampoo, ceras, ambien",19153,Salidas,False,DANE_ENIG_2006_2007
"Productos y accesorios para carrocería: Pijamas, tapetes, barras de seguridad, ceniceos, etc.",12175,Salidas,False,DANE_ENIG_2006_2007
Herramientas para vehículos de transporte personal,4361,Salidas,True,DANE_ENIG_2006_2007
"Piezas para bicicleta: Llantas, neumáticos, rines, manzanas, cadenas, cambios, piñones, guallas, sil",27696,Salidas,False,DANE_ENIG_2006_2007
Gasolina corriente y extra,183669,Salidas,False,DANE_ENIG_2006_2007
Gas vehicular,242774,Salidas,False,DANE_ENIG_2006_2007
Combustible diesel,198377,Salidas,False,DANE_ENIG_2006_2007
"Aditivos, valvulinas, líquido para frenos, refrigerantes, etc.",10609,Salidas,False,DANE_ENIG_2006_2007
"Mantenimiento y reparaciones efectuadas en el taller: engrase, sincronización, r",89233,Salidas,False,DANE_ENIG_2006_2007
Compra y cambio de aceite,15045,Salidas,False,DANE_ENIG_2006_2007
Servicios de latonería y pintura,37209,Salidas,False,DANE_ENIG_2006_2007
Cuotas a clubes o compañías de servicos especiales para el vehículo,19929,Salidas,False,DANE_ENIG_2006_2007
Pago mensual de parqueadero,42945,Salidas,False,DANE_ENIG_2006_2007
Pago de parqueadero o parquímetro por horas o días,42847,Salidas,False,DANE_ENIG_2006_2007
Peajes,50360,Salidas,False,DANE_ENIG_2006_2007
Gastos en licencias y clases de conducción,15562,Salidas,False,DANE_ENIG_2006_2007
Comparendos y multas por infracciones,88566,Salidas,False,DANE_ENIG_2006_2007
Certificado de gases y otras revisiones ordenadas por ley,3868,Salidas,True,DANE_ENIG_2006_2007
Alquiler de vehículos sin conductor,27631,Salidas,False,DANE_ENIG_2006_2007
Pasaje en tren,36546,Salidas,False,DANE_ENIG_2006_2007
Pasaje en metro,63235,Salidas,False,DANE_ENIG_2006_2007
"Pasaje en bus, buseta y colectivo",79019,Salidas,False,DANE_ENIG_2006_2007
"Pasaje en Transmilenio, MIO, etc",64872,Salidas,False,DANE_ENIG_2006_2007
Taxi urbano,84324,Salidas,False,DANE_ENIG_2006_2007
"Otros transporte urbano: servicio pirata, bicitaxi, mototaxi, funicular, telesfésrico, etc.",37801,Salidas,False,DANE_ENIG_2006_2007
"Pasaje intermunicipal en bus, buseta, colectivo, taxi, aero vans, chiva, campero, etc.",46503,Salidas,False,DANE_ENIG_2006_2007
Pasaje en transporte internacional terrestre,41911,Salidas,False,DANE_ENIG_2006_2007
Transporte de equipajes por vía terrestre,73436,Salidas,False,DANE_ENIG_2006_2007
Alquiler de vehículo con conductor,604987,Salidas,False,DANE_ENIG_2006_2007
Otro tipo de transporte intermunicipal,40770,Salidas,False,DANE_ENIG_2006_2007
Pasaje en transporte interveredal y a ciudades dormitorio,78378,Salidas,False,DANE_ENIG_2006_2007
Transporte escolar prestado por el colegio (con buses propios o con empresa contratada),84000,Salidas,False,DANE_ENIG_2006_2007
Transporte escolar particular contratado por los padres,72039,Salidas,False,DANE_ENIG_2006_2007
Transporte de pasajeros y equipaje en avión (incluye pagos por exceso de equipaje),1161331,Salidas,False,DANE_ENIG_2006_2007
Transporte de pasajeros y equipajes en helicóptero,4453,Salidas,True,DANE_ENIG_2006_2007
"Transporte de pasajeros y equipajes por mar, rios, caños, lagos, etc. En buque, navío, aerodeslizado",37421,Salidas,False,DANE_ENIG_2006_2007
"Transporte de pasajeros y equipajes por mar, rios, caños, lagos, etc. En ferry, planchon, canoa y la",43158,Salidas,False,DANE_ENIG_2006_2007
Gastos por dos o más medios de transporte cuando el gasto no se puede discriminar,59010,Salidas,False,DANE_ENIG_2006_2007
Servicios de remoción de escombros,10635,Salidas,False,DANE_ENIG_2006_2007
Servicios de almacenamiento y depósito de equipaje,795,Salidas,True,DANE_ENIG_2006_2007
Servicio de trasteos y mudanzas,8032,Salidas,True,DANE_ENIG_2006_2007
"Envío de cartas, correspondencia, paquetes o encomiendas por correo (incluye compra de postales con ",20687,Susc.,False,DANE_ENIG_2006_2007
Pago por servicio de envío de giros postales,30365,Susc.,False,DANE_ENIG_2006_2007
Apartado Aéreo,1577,Susc.,False,DANE_ENIG_2006_2007
Compra de teléfonos fijos y accesorios,5755,Susc.,False,DANE_ENIG_2006_2007
Compra de fax,9484,Susc.,False,DANE_ENIG_2006_2007
"Reparación de teléfonos fijos, de fax y de accesorios",1925,Susc.,False,DANE_ENIG_2006_2007
Compra de celular y accesorios,16904,Susc.,False,DANE_ENIG_2006_2007
"Compra de radioteléfono, bepper, Avantel y accesorios",6958,Susc.,False,DANE_ENIG_2006_2007
"Servicios telegráficos: Telegramas, telex y fax",3997,Susc.,False,DANE_ENIG_2006_2007
"Llamadas locales desde teléfonos públicos, cabinas telefónicas y monederos",14400,Susc.,False,DANE_ENIG_2006_2007
"Llamadas de larga distancia nacional o internacional desde teléfonos públicos, c",13328,Susc.,False,DANE_ENIG_2006_2007
Pago de llamadas por minuto desde celular en la calle a cualquier destino,15896,Susc.,False,DANE_ENIG_2006_2007
Teléfono residencial (local y larga distancia),38559,Susc.,False,DANE_ENIG_2006_2007
Instalación y reconexión de línea telefónica residencial,8124,Susc.,False,DANE_ENIG_2006_2007
Pago de servicio de telefono celular postpago,94846,Susc.,False,DANE_ENIG_2006_2007
Activación y reactivación de teléfono celular,3908,Susc.,False,DANE_ENIG_2006_2007
Pago por servicio de beeper o Avantel,12811,Susc.,False,DANE_ENIG_2006_2007
"Pago por suscripción a internet (banda ancha, acceso telefónico, acceso inalámbrico, etc.)",4552,Susc.,False,DANE_ENIG_2006_2007
Pago de internet según demanda o por tiempo de uso,22167,Susc.,False,DANE_ENIG_2006_2007
Pago por servicio de Internet según plan,61421,Susc.,False,DANE_ENIG_2006_2007
Servicios de café internet,16257,Susc.,False,DANE_ENIG_2006_2007
Pago por descargas de internet y suscripción a páginas web,28898,Susc.,False,DANE_ENIG_2006_2007
Tarjetas prepago para celular,21695,Susc.,False,DANE_ENIG_2006_2007
"Otras tarjetas prepago: local, larga distancia, internet, etc.",16700,Susc.,False,DANE_ENIG_2006_2007
"Equipos de sonido, radiolas y tocadiscos",38631,Salidas,False,DANE_ENIG_2006_2007
Reproductores de CD,12515,Salidas,False,DANE_ENIG_2006_2007
"Radio, radioreloj, grabadoras, radiograbadora",7613,Salidas,True,DANE_ENIG_2006_2007
"Walkman, diskman",17986,Salidas,False,DANE_ENIG_2006_2007
"Radio o equipo de sonido para vehículos (casetera, CD y MP3)",32186,Salidas,False,DANE_ENIG_2006_2007
"Amplificadores de sonido, altavoces, equalizadores, bafles, micrófonos, audífonos, sintonizadores, a",43061,Salidas,False,DANE_ENIG_2006_2007
"Otros equipos para la recepción, grabación y reproducción de sonido",31264,Salidas,False,DANE_ENIG_2006_2007
Televisor blanco y negro,13823,Salidas,False,DANE_ENIG_2006_2007
Televisor a color convencional,33547,Salidas,False,DANE_ENIG_2006_2007
Televisor de plasma o pantalla crsital liquido (LCD),97850,Salidas,False,DANE_ENIG_2006_2007
Antenas de televisión,2943,Salidas,True,DANE_ENIG_2006_2007
VHS,10689,Salidas,False,DANE_ENIG_2006_2007
DVD,11488,Salidas,False,DANE_ENIG_2006_2007
Teatro en casa,16984,Salidas,False,DANE_ENIG_2006_2007
Cámaras fotográficas,31336,Salidas,False,DANE_ENIG_2006_2007
Proyectores de diapositivas,266667,Salidas,False,DANE_ENIG_2006_2007
"Accesorios de fotografía: Flash, lentes, medidores de luz, filtros, trípodes, equipo para revelado, ",7251,Salidas,True,DANE_ENIG_2006_2007
Cámaras de video,60967,Salidas,False,DANE_ENIG_2006_2007
"Proyectores de películas, video beams, proyectores de opacos, acetatos, etc",92313,Salidas,False,DANE_ENIG_2006_2007
"Instrumentos ópticos: Microscopios, telescopios, lupas, binóculos, brújulas, etc",1948,Salidas,True,DANE_ENIG_2006_2007
"Computadores personales, portátiles y de bolsillo",123648,Salidas,False,DANE_ENIG_2006_2007
Monitores,26948,Salidas,False,DANE_ENIG_2006_2007
Impresoras,18674,Salidas,False,DANE_ENIG_2006_2007
Escáner,20433,Salidas,False,DANE_ENIG_2006_2007
"Agendas electrónicas, diccionarios electrónicos y procesadores de texto",70204,Salidas,False,DANE_ENIG_2006_2007
"Reproductores digitales de música, video e imagen (MP3, MP4, Ipod, etc.)",15329,Salidas,False,DANE_ENIG_2006_2007
Máquinas de escribir manuales y eléctricas,2291,Salidas,True,DANE_ENIG_2006_2007
Calculadoras,2827,Salidas,True,DANE_ENIG_2006_2007
"Otros aparatos de tratamiento de información: servidores, etc.",7824,Salidas,True,DANE_ENIG_2006_2007
"Software tipo Office: procesadores de palabra, hojas de cálculo, software para hacer presentaciones ",10141,Salidas,False,DANE_ENIG_2006_2007
"Software especializado: de medicina, financiero, de diseño y dibujo, paquetes estadísticos y similar",36073,Salidas,False,DANE_ENIG_2006_2007
Software de entretenimiento para computadores,12596,Salidas,False,DANE_ENIG_2006_2007
Antivirus,3277,Salidas,True,DANE_ENIG_2006_2007
"Webcam, Dispositivos de joystick y similares, Mouse, Teclados, Parlantes para computador, Cables par",4383,Salidas,True,DANE_ENIG_2006_2007
"Módem, Tarjetas de video, Tarjetas de sonido, unidades de diskette, unidades de DVD",7885,Salidas,True,DANE_ENIG_2006_2007
"Memoria RAM, Procesador, Board, switch de red, disco duro",12289,Salidas,False,DANE_ENIG_2006_2007
"Memoria de USB, memory sticks, tarjetas SD, lectores de SD",10465,Salidas,False,DANE_ENIG_2006_2007
"Otros accesorios para computador: Forros, Pad mouse, etc.",6316,Salidas,True,DANE_ENIG_2006_2007
Casetes pregrabados de audio,14334,Salidas,False,DANE_ENIG_2006_2007
Casetes pregrabados de video,10477,Salidas,False,DANE_ENIG_2006_2007
Disquetes pregrabados (excluir software y videojuegos),9077,Salidas,True,DANE_ENIG_2006_2007
CD´s y DVD´s pregrabados (excluir software y videojuegos),18350,Salidas,False,DANE_ENIG_2006_2007
Discos de acetato pregrabados,26191,Salidas,False,DANE_ENIG_2006_2007
"Cintas, casetes, CD´s, DVD´s y disquetes vírgenes",10962,Salidas,False,DANE_ENIG_2006_2007
"Material para uso fotográfico: Rollos, cartuchos, discos vírgenes para uso otográfico y cinematográf",13796,Salidas,False,DANE_ENIG_2006_2007
Reparación de equipos y accesorios audiovisuales,6629,Salidas,True,DANE_ENIG_2006_2007
Reparación de equipos y accesorios fotográficos,17982,Salidas,False,DANE_ENIG_2006_2007
"Equipo y accesorios para deportes: pesas, balones, mallas, bicicletas estáticas, mesas de ping pong,",6434,Salidas,True,DANE_ENIG_2006_2007
"Instrumentos musicales: Armónicas, flautas, maracas, tambores, baterías, guitarras, órganos, pianos,",21223,Salidas,False,DANE_ENIG_2006_2007
Accesorios para instrumentos musicales,37084,Salidas,False,DANE_ENIG_2006_2007
Mantenimiento y reparación de instrumentos musicales y de equipos relacionados con deportes y ocio t,9451,Salidas,True,DANE_ENIG_2006_2007
"Juegos de mesa: cartas, naipes, dominó, ajedrez, parqués, damas chinas, rumi-q, etc.",1866,Salidas,True,DANE_ENIG_2006_2007
"Juguetes: carros, trenes, muñecas, loterias, peluches, rompecabezas, sonajeros,  armatodos, bromas, ",23433,Salidas,False,DANE_ENIG_2006_2007
"Bicicletas para niño(a), triciclos, columpios",8890,Salidas,True,DANE_ENIG_2006_2007
"Consolas para juegos electrónicos: Play Station, nintendos, X-box, gameboy, etc.",37506,Salidas,False,DANE_ENIG_2006_2007
Casetes y CD ROM de video juegos,12439,Salidas,False,DANE_ENIG_2006_2007
"Disfraces (vestidos, máscaras, accesorios)",3505,Salidas,True,DANE_ENIG_2006_2007
"Adornos navideños (árboles de navidad, guirnaldas, etc), pólvora y fuegos artificiales",5296,Salidas,True,DANE_ENIG_2006_2007
"Artículos para fiestas: piñatas, serpentinas, confetis, bombas plásticas, recordatorios, etc.",38698,Salidas,False,DANE_ENIG_2006_2007
"Artículos de colección: monedas, estampillas, álbumes para estampillas, billetes, etc.",6003,Salidas,True,DANE_ENIG_2006_2007
"Equipo y accesorios para camping: carpas, colchonetas aislantes o térmicas, linternas, asadores o es",5550,Salidas,True,DANE_ENIG_2006_2007
"Calzado para deportes: patines, guayos, zapatos para golf, zapatillas para atletismo, clavos para al",29806,Salidas,False,DANE_ENIG_2006_2007
"Equipos para pesca y caza: cañas y otros equipos para pescar, armas de fuego y municiones",6305,Salidas,True,DANE_ENIG_2006_2007
Flores sueltas o por docena,53026,Salidas,False,DANE_ENIG_2006_2007
"Plantas naturales: Ramos de flores, matas, arbustos",13773,Salidas,False,DANE_ENIG_2006_2007
"Coronas, flores para funerales, hojas verdes",3816,Salidas,True,DANE_ENIG_2006_2007
Plantas artificiales: Flores (sueltas o en ramo) y matas,25241,Salidas,False,DANE_ENIG_2006_2007
"Semillas, bulbos de plantas, césped, fertilizantes, fungicidas, abonos, materas, macetas y tiestos p",23836,Salidas,False,DANE_ENIG_2006_2007
"Animales domésticos y mascotas: perros, gatos, pájaros, conejos, peces, etc.",3258,Salidas,True,DANE_ENIG_2006_2007
Alimentos para animales domésticos y mascotas,32505,Salidas,False,DANE_ENIG_2006_2007
"Productos para animales domésticos y mascotas, productos de veterinaria, para el cuidado e higiene (",22736,Salidas,False,DANE_ENIG_2006_2007
"Servicios de veterinaria y de otro tipo para animales domésticos: cuidado, salón",39667,Salidas,False,DANE_ENIG_2006_2007
"Entrada a Ferias (del libro, artesanal, etc)",24605,Salidas,False,DANE_ENIG_2006_2007
"Gastos en parques, parques de diversiones, juegos mecánicos (no incluir pago de paquetes de paseos d",44252,Salidas,False,DANE_ENIG_2006_2007
Gastos en bazares y fiestas populares,37475,Salidas,False,DANE_ENIG_2006_2007
"Servicio de profesores o instructores particulares en clases recreativas y deportivas (bridge, ajedr",72179,Salidas,False,DANE_ENIG_2006_2007
"Servicio de profesores o instructores particulares en clases de formación artístartística (música, b",37349,Salidas,False,DANE_ENIG_2006_2007
"Gastos en fiestas del hogar (matrimonios, cumpleaños, bautizos, navidad)",41252,Salidas,False,DANE_ENIG_2006_2007
Gastos en juegos electrónicos y maquinitas (daytona y otras) en estableciemiento públicos,34565,Salidas,False,DANE_ENIG_2006_2007
Entrada a espectáculos deportivos,32452,Salidas,False,DANE_ENIG_2006_2007
"Alquiler de instalaciones o canchas deportivas para la práctica de deportes (bolos, tenis, golfito, ",97358,Salidas,False,DANE_ENIG_2006_2007
Pago por servicios de gimnasio,12900,Salidas,False,DANE_ENIG_2006_2007
Cuotas a clubes sociales y deportivos,129612,Salidas,False,DANE_ENIG_2006_2007
"Servicio de billar, tejo, rana y ping pong",53507,Salidas,False,DANE_ENIG_2006_2007
"Alquiler de equipo, accesorios y calzado para deporte y recreación",10564,Salidas,False,DANE_ENIG_2006_2007
Entradas a cine,32080,Salidas,False,DANE_ENIG_2006_2007
Entradas a teatro,49903,Salidas,False,DANE_ENIG_2006_2007
"Entradas a espectáculos musicales: conciertos, óperas, ballets, zarzuela, etc.",16131,Salidas,False,DANE_ENIG_2006_2007
Entradas a circos y otros espectáculos afines,6117,Salidas,True,DANE_ENIG_2006_2007
Entradas a plazas de toros,27446,Salidas,False,DANE_ENIG_2006_2007
"Entradas a museos, galerías de arte y exhibiciones",20830,Salidas,False,DANE_ENIG_2006_2007
"Entradas a bibliotecas, hemerotecas y archivos",60552,Salidas,False,DANE_ENIG_2006_2007
Entradas a parques nacionales y Reservas naturales,4960,Salidas,True,DANE_ENIG_2006_2007
"Entradas a jardines botánicos, zoológicos y acuarios",19475,Salidas,False,DANE_ENIG_2006_2007
"Entradas a monumentos nacionales (sitios históricos, etc) y zonas arqueológicas",5369,Salidas,True,DANE_ENIG_2006_2007
"Suscripción, instalación, conexión o reconexión a televisión por cable, satelital, digitalizada o an",2497,Salidas,True,DANE_ENIG_2006_2007
"Pago por servicio de televisión por cable, satelital, digitalizada o antena para",22392,Salidas,False,DANE_ENIG_2006_2007
"Alquiler de TV y equipos de video: televisores, reproductoras de video, radios, etc.",17051,Salidas,False,DANE_ENIG_2006_2007
"Alquiler de películas, videos musicales y videojuegos",9368,Salidas,True,DANE_ENIG_2006_2007
"Servicios fotográficos: fotografías, revelado, ampliaciones, impresión de fotografías digitales, ser",24349,Salidas,False,DANE_ENIG_2006_2007
"Otros servicios culturales: músicos, payasos, recreacionistas y otros",4301,Salidas,True,DANE_ENIG_2006_2007
"Loterías, chance, baloto y similares",25315,Salidas,False,DANE_ENIG_2006_2007
Rifas y sorteos (diferentes a loterías),16443,Salidas,False,DANE_ENIG_2006_2007
"Casinos, máquinas tragamonedas y bingos",57784,Salidas,False,DANE_ENIG_2006_2007
Libros sueltos de lectura,50749,Salidas,False,DANE_ENIG_2006_2007
Atlas y diccionarios,6243,Salidas,True,DANE_ENIG_2006_2007
"Enciclopedias, obras completas y colecciones",10557,Salidas,False,DANE_ENIG_2006_2007
"Fascículos y tomos de enciclopedias, obras completas o colecciones",138054,Salidas,False,DANE_ENIG_2006_2007
Encuadernación de libros,12351,Salidas,False,DANE_ENIG_2006_2007
Libros técnicos y libros especializados,90300,Salidas,False,DANE_ENIG_2006_2007
Lista de útiles escolares completa,10283,Salidas,False,DANE_ENIG_2006_2007
"Libros de texto: textos guías para clase (incluye libros de literatura, poesía, etc, requeridos en c",8140,Salidas,True,DANE_ENIG_2006_2007
Compra diaria de periódicos,15005,Salidas,False,DANE_ENIG_2006_2007
Suscripción a periódicos,10203,Salidas,False,DANE_ENIG_2006_2007
"Compra de revistas sueltas, fotonovelas, cuentos y cuadernillos para colorear",8102,Salidas,True,DANE_ENIG_2006_2007
Suscripción a revistas y otras publicaciones periódicas,7953,Salidas,True,DANE_ENIG_2006_2007
"Catálogos, material publicitario, tarjetas de invitación o felicitación, arteles, postales, calendar",23603,Salidas,False,DANE_ENIG_2006_2007
Mapas y globos terráqueos,955,Salidas,True,DANE_ENIG_2006_2007
"Cuadernos (cosidos, grapados, argollados, plastificados, etc.) y blocks",17122,Salidas,False,DANE_ENIG_2006_2007
"Libretas, agendas, diarios personales y libros de contabilidad",4612,Salidas,True,DANE_ENIG_2006_2007
"Hojas sueltas de papel (oficio, carta, cuadriculado, mantequilla, carbón), cartulina y otro tipo de ",4990,Salidas,True,DANE_ENIG_2006_2007
Resmas de papel (carta u oficio),9138,Salidas,True,DANE_ENIG_2006_2007
"Otros artículos de papeleria: fólderes, sobres (carta o manila), forros, rótulos",6864,Salidas,True,DANE_ENIG_2006_2007
"Lápices, portaminas, minas, talápices y borradores",3905,Salidas,True,DANE_ENIG_2006_2007
"Bolígrafos, plumasters, estilógrafos, plumas, marcadores y resaltadores",3729,Salidas,True,DANE_ENIG_2006_2007
"Tintas (para estilógrafo, china y otras), plantillas de dibujo, almohadillas, líquidos correctores, ",14878,Salidas,False,DANE_ENIG_2006_2007
"Lienzos, telas para dibujo y pintura",69598,Salidas,False,DANE_ENIG_2006_2007
Pinceles para dibujo,3013,Salidas,True,DANE_ENIG_2006_2007
"Vinilos, témperas, acuarelas, óleos, carboncillos, cajas de colores, crayolas, plastilina, otras pin",6486,Salidas,True,DANE_ENIG_2006_2007
"Otros artículos para manualidades (repujadores, troqueladores, enrolladores, etc",16405,Salidas,False,DANE_ENIG_2006_2007
"Perforadoras, cortadoras, tijeras, grapadoras",673,Salidas,True,DANE_ENIG_2006_2007
"Pegamentos, cintas, colbones, gomas, adhesivos, bisturís, grapas, clips, broches",3516,Salidas,True,DANE_ENIG_2006_2007
"Reglas, escuadras, compaces, transportadores y otros instrumentos de geometría.",6160,Salidas,True,DANE_ENIG_2006_2007
"Estuches para lápices, pizarras, tiza, yeso para actividades educativas, madera balso etc.",6082,Salidas,True,DANE_ENIG_2006_2007
"Paquetes turísticos completos: Gira turística completa (incluye pasajes, alojamiento, alimentación, ",159891,Salidas,False,DANE_ENIG_2006_2007
"Pago de paquete por viajes de excursión, peregrinaje o convivencia de menos de un día (sin pernoctar",24437,Salidas,False,DANE_ENIG_2006_2007
Matrícula e inscripción en preescolar,7661,Fijos,False,DANE_ENIG_2006_2007
Pensiones en preescolar,75851,Fijos,False,DANE_ENIG_2006_2007
Bonos escolares en preescolar,2349,Fijos,False,DANE_ENIG_2006_2007
Asociación de padres de familia en preescolar,1951,Fijos,False,DANE_ENIG_2006_2007
"Uniformes (diario, gala, deportes) en preescolar",6877,Fijos,False,DANE_ENIG_2006_2007
"Otros gastos en preescolar no especificados anteriormente (aportes para rifas, e",17809,Fijos,False,DANE_ENIG_2006_2007
Matrícula e inscripción en primaria,6667,Fijos,False,DANE_ENIG_2006_2007
Pensiones en primaria,98339,Fijos,False,DANE_ENIG_2006_2007
Bonos escolares en primaria,7637,Fijos,False,DANE_ENIG_2006_2007
Asociación de padres de familia en primaria,2059,Fijos,False,DANE_ENIG_2006_2007
"Uniformes (diario, gala, deportes) en primaria",8008,Fijos,False,DANE_ENIG_2006_2007
"Otros gastos en primaria no especificados anteriormente (aportes para rifas, eventos especiales y co",12072,Fijos,False,DANE_ENIG_2006_2007
Matrícula e inscripción en educación para niños con necesidades educativas especiales,8461,Fijos,False,DANE_ENIG_2006_2007
Pensiones en educación de niños con necesidades educativas especiales,82906,Fijos,False,DANE_ENIG_2006_2007
"Otros gastos en enseñanza de niños con necesidades educativas especiales (aportes para rifas, evento",14064,Fijos,False,DANE_ENIG_2006_2007
Matriculas e inscripción en secundaria,10106,Fijos,False,DANE_ENIG_2006_2007
Pensiones en secundaria,126704,Fijos,False,DANE_ENIG_2006_2007
Bonos escolares en secundaria,4513,Fijos,False,DANE_ENIG_2006_2007
Asociación de padres de familia en secundaria,2310,Fijos,False,DANE_ENIG_2006_2007
"Uniformes (diario, gala, deportes) en secundaria",9721,Fijos,False,DANE_ENIG_2006_2007
"Otros gastos en secundaria no especificados anteriormente (aportes para rifas, e",23116,Fijos,False,DANE_ENIG_2006_2007
Inscripciones y matrículas en carreras universitarias (no incluye postgrado),194955,Fijos,False,DANE_ENIG_2006_2007
Inscripciones y matrículas en carreras técnicas y tecnológicas,62920,Fijos,False,DANE_ENIG_2006_2007
"Inscripciones y matrículas en postgrados (especialización, maestría, doctorado)",260213,Fijos,False,DANE_ENIG_2006_2007
Otros gastos en educación superior (pregrados y postgrados),60556,Fijos,False,DANE_ENIG_2006_2007
"Cursos de educación no formal en academias o instituciones de idiomas, informática, moda y confecció",134361,Fijos,False,DANE_ENIG_2006_2007
Cursos de educación no formal en academias o instituciones de deportes,98681,Fijos,False,DANE_ENIG_2006_2007
Cursos de educación no formal en academias o instituciones de formación artística,132741,Fijos,False,DANE_ENIG_2006_2007
"Diplomados, educación continuada, preicfes, pre-universitarios",34904,Fijos,False,DANE_ENIG_2006_2007
Educación para adultos y validaciones,9009,Fijos,False,DANE_ENIG_2006_2007
Pago a instituciones por asesoría de tareas,69323,Fijos,False,DANE_ENIG_2006_2007
Clases académicas dictadas por particulares,38907,Fijos,False,DANE_ENIG_2006_2007
Desayunos completos,44147,Salidas,False,DANE_ENIG_2006_2007
Almuerzos completos,113969,Salidas,False,DANE_ENIG_2006_2007
Comidas completas,61522,Salidas,False,DANE_ENIG_2006_2007
"Tiquetera para alimentos preparados, excepto en establecimientos educativos",84794,Salidas,False,DANE_ENIG_2006_2007
"Platos diversos: Pollo asado, carne asada, arroz chino, lechona y similares",41452,Salidas,False,DANE_ENIG_2006_2007
"Bebidas calientes en cafeterías y similares: Tinto, café con leche, chocolate, té, bebida achocolata",11002,Salidas,False,DANE_ENIG_2006_2007
Gaseosa y otros refrescos,17612,Salidas,False,DANE_ENIG_2006_2007
Jugos naturales,9993,Salidas,True,DANE_ENIG_2006_2007
Leche tomada fuera del hogar,7521,Salidas,True,DANE_ENIG_2006_2007
"Yogurt, kumis",8251,Salidas,True,DANE_ENIG_2006_2007
"Masato, mazamorra, chicha, avena helada, malteada, agua de panela fria y similar",5801,Salidas,True,DANE_ENIG_2006_2007
Agua mineral (familiar),8177,Salidas,True,DANE_ENIG_2006_2007
"Helados, paletas, conos y similares",12094,Salidas,False,DANE_ENIG_2006_2007
"Ensaladas de frutas, frutas sueltas, fresas con crema",13756,Salidas,False,DANE_ENIG_2006_2007
Galletas de sal y de dulce,5516,Salidas,True,DANE_ENIG_2006_2007
"Pan, almojábanas, buñuelos, pandeyucas, arepas y similares",14640,Salidas,False,DANE_ENIG_2006_2007
"Emparedados, empanadas, bollos, envueltos, tamales, pastel de pollo, perros calientes, hamburguesas,",21711,Salidas,False,DANE_ENIG_2006_2007
"Brownies, obleas, ponques, bizcochos, milhojas y similares",9879,Salidas,True,DANE_ENIG_2006_2007
"Productos de salsamentaria y fritanga: chorizos, jamones, rellenas y similares",8863,Salidas,True,DANE_ENIG_2006_2007
"Quesos, cuajadas y quesillos",12882,Salidas,False,DANE_ENIG_2006_2007
Huevos preparados,4084,Salidas,True,DANE_ENIG_2006_2007
"Arequipes, bocadillos, gelatinas y similares",5176,Salidas,True,DANE_ENIG_2006_2007
"Frituras: papas fritas, chitos, patacones y similares",7520,Salidas,True,DANE_ENIG_2006_2007
"Dulces, confites, chocolatinas, bombones",6861,Salidas,True,DANE_ENIG_2006_2007
"Cócteles de camarones, ostras y similares",15078,Salidas,False,DANE_ENIG_2006_2007
"Onces, medias nueves, media mañana, algo, entredía, recreo",30985,Salidas,False,DANE_ENIG_2006_2007
"Gastos en discotecas, bares, griles, tabernas y similares (comida, bebidas, cover)",72932,Salidas,False,DANE_ENIG_2006_2007
"Gastos en bebidas alcohólicas (cerveza, aguardiente, ron, etc) en tiendas, fondas rurales y al aire ",56166,Salidas,False,DANE_ENIG_2006_2007
"Pago mensual por alimentación de estudiantes en establecimiento educativo (restaurantes escolares, u",36181,Salidas,False,DANE_ENIG_2006_2007
Pago en comedores comunitarios,12861,Salidas,False,DANE_ENIG_2006_2007
"Pago de alimentos recibidos por niños menores de 3 años en jardín, preescolar, guardería",13736,Salidas,False,DANE_ENIG_2006_2007
Valor imputado de alimentos que pagaria a precios de mercado para menores de 3 años,67015,Salidas,False,DANE_ENIG_2006_2007
Pago de alimentos recibidos por personas de 3 años y más en el plantel,9031,Salidas,True,DANE_ENIG_2006_2007
Valor imputado de alimentos que pagaria a precios de mercado para personas de 3 años y más,61704,Salidas,False,DANE_ENIG_2006_2007
"Servicios de alojamiento en hoteles, pensiones, posadas y hostales",187633,Salidas,False,DANE_ENIG_2006_2007
Servicios de alojamiento en moteles y residencias,68389,Salidas,False,DANE_ENIG_2006_2007
"Servicios de alojamiento en Centros de vacaciones, cabañas, apartamentos, servicios de alquiler en t",29416,Salidas,False,DANE_ENIG_2006_2007
Servicios de alojamiento por motivo de enseñanza: internados de colegios; residencias estudiantiles;,239182,Salidas,False,DANE_ENIG_2006_2007
Corte de pelo para hombres y niños,5919,Fijos,False,DANE_ENIG_2006_2007
Afeitado en barberías,5331,Fijos,False,DANE_ENIG_2006_2007
"Corte de pelo, peinado y alizado para mujeres y niñas",12102,Fijos,False,DANE_ENIG_2006_2007
Tratamientos capilares y faciales,22458,Fijos,False,DANE_ENIG_2006_2007
Manicure y pedicure,11411,Fijos,False,DANE_ENIG_2006_2007
"Teñido de cabello, permanentes y desrizados en salon de belleza",34683,Fijos,False,DANE_ENIG_2006_2007
"Saunas, turcos y masajes no terapéuticos",31582,Fijos,False,DANE_ENIG_2006_2007
Depilaciones,15873,Fijos,False,DANE_ENIG_2006_2007
"Otros tratamientos de belleza: bronceado en cámara, etc",61254,Fijos,False,DANE_ENIG_2006_2007
"Máquinas eléctricas de afeitar, para cortar el pelo y depiladoras",5023,Fijos,False,DANE_ENIG_2006_2007
Pinzas y secadores eléctricos,6895,Fijos,False,DANE_ENIG_2006_2007
"Otros aparatos eléctricos para el cuidado personal: cepillos de dientes, vaporizdores, artículos elé",4289,Fijos,False,DANE_ENIG_2006_2007
Reparación de aparatos eléctricos para el cuidado personal,1892,Fijos,False,DANE_ENIG_2006_2007
"Máquina de afeitar no desechables, cuchillas y repuestos para máquinas de afeitar desechables, depil",3804,Fijos,False,DANE_ENIG_2006_2007
Balanzas personales o pesas,3322,Fijos,False,DANE_ENIG_2006_2007
Jabones de tocador líquidos y en barra,3757,Fijos,False,DANE_ENIG_2006_2007
"Champús, acondicionadores, bálsamos, enjuagues, cremas y tratamientos para el ca",11247,Fijos,False,DANE_ENIG_2006_2007
"Cremas de afeitar (tubo, aerosol, gel) y lociones para después de la afeitada",8860,Fijos,False,DANE_ENIG_2006_2007
"Desodorantes (crema, barra, roll-on, aerosol)",7718,Fijos,False,DANE_ENIG_2006_2007
"Perfumes, colonias y lociones",51472,Fijos,False,DANE_ENIG_2006_2007
"Artículos para la higiene corporal del bebé: Aceites, cremas, champús, bálsamos, , jabones, colonias",17534,Fijos,False,DANE_ENIG_2006_2007
Otros artículos para higiene corporal,9220,Fijos,False,DANE_ENIG_2006_2007
"Cepillos de dientes, hilo y seda dental",5459,Fijos,False,DANE_ENIG_2006_2007
Crema dental y enjuague bucal,4763,Fijos,False,DANE_ENIG_2006_2007
"Otros artículos para la higiene oral (blanqueadores, ceras, etc)",7075,Fijos,False,DANE_ENIG_2006_2007
"Bases para la cara, polvos faciales, pestañinas, labiales, lápices de ceja, delineadores, sombras y ",17429,Fijos,False,DANE_ENIG_2006_2007
"Esmaltes, quitaesmaltes y diluyentes",4551,Fijos,False,DANE_ENIG_2006_2007
"Cremas (nutritivas, limpiadoras, hidratantes, etc.), talcos y polvos para el cueerpo y los pies, bro",16533,Fijos,False,DANE_ENIG_2006_2007
Tinturas para el cabello,14034,Fijos,False,DANE_ENIG_2006_2007
Otros productos de belleza,21891,Fijos,False,DANE_ENIG_2006_2007
Papel higiénico,6506,Fijos,False,DANE_ENIG_2006_2007
"Algodón, esponjas para el cuerpo y copitos",2372,Fijos,False,DANE_ENIG_2006_2007
"Toallas desechables: de mano, de cocina, pañuelos desechables, pañitos húmedos",5992,Fijos,False,DANE_ENIG_2006_2007
"Toallas sanitarias, protectores y tampones",5334,Fijos,False,DANE_ENIG_2006_2007
"Protectores para brassier, mamadores, succionadores y pezoneras",7891,Fijos,False,DANE_ENIG_2006_2007
Pañales desechables,18955,Fijos,False,DANE_ENIG_2006_2007
Pañales para incontinencia,25080,Fijos,False,DANE_ENIG_2006_2007
Otros productos para el aseo personal,7316,Fijos,False,DANE_ENIG_2006_2007
Servicios prestados por personas para entretenimiento privado de adultos (strippers),25399,Fijos,False,DANE_ENIG_2006_2007
"Anillos, argollas, sortijas, aretes, pendientes, prendedores y alfileres para corbata, mancornas en ",27819,Fijos,False,DANE_ENIG_2006_2007
"Collares, cadenas, gargantillas, pulseras y manillas en oro y plata.",29309,Fijos,False,DANE_ENIG_2006_2007
Piedras preciosas,49675,Fijos,False,DANE_ENIG_2006_2007
"Reparación de artículos de oro, plata y piedras preciosas.",17351,Fijos,False,DANE_ENIG_2006_2007
"Relojes de mesa o pared y despertadores, termómetros y barómetros de pared",3882,Fijos,False,DANE_ENIG_2006_2007
"Relojes de pulso, de bolsillo y cronómetros",6840,Fijos,False,DANE_ENIG_2006_2007
"Reparación de relojes, cronómetros, termómetros y barómetros de pared",1665,Fijos,False,DANE_ENIG_2006_2007
"Anillos, argollas, sortijas, aretes, pendientes, prendedores de fantasía.",5830,Fijos,False,DANE_ENIG_2006_2007
"Collares, cadenas, gargantillas, pulseras y manillas de fantasía",6779,Fijos,False,DANE_ENIG_2006_2007
Reparación de artículos de fantasía,2080,Fijos,False,DANE_ENIG_2006_2007
"Maletines, portafolios y bolsos de viaje",19511,Fijos,False,DANE_ENIG_2006_2007
Carteras y bolsos de mano,16381,Fijos,False,DANE_ENIG_2006_2007
"Billeteras, monederos, tarjeteros de bolsillo y portabilletes",9552,Fijos,False,DANE_ENIG_2006_2007
Bolsos y mochilas para estudiantes,13347,Fijos,False,DANE_ENIG_2006_2007
Reparación de artículos de viaje y para el transporte de efectos personales,3433,Fijos,False,DANE_ENIG_2006_2007
"Coches, caminadores, sillas, sillas para vehículo, cestos y hamacas para bebé",39164,Fijos,False,DANE_ENIG_2006_2007
Portabebés delanteros y de espalda,9296,Fijos,False,DANE_ENIG_2006_2007
Monitores e intercomunicadores para bebé,13043,Fijos,False,DANE_ENIG_2006_2007
"Chupos, mamilas, entretenedores",2471,Fijos,False,DANE_ENIG_2006_2007
Pañaleras,8836,Fijos,False,DANE_ENIG_2006_2007
"Otros artículos para bebé (bañeras, correas para bebé, etc)",9384,Fijos,False,DANE_ENIG_2006_2007
Reparación de artículos para bebé,27479,Fijos,False,DANE_ENIG_2006_2007
"Artículos para fumador: Pipas, encendedores no desechables, pitilleras y cortapuros",1186,Fijos,False,DANE_ENIG_2006_2007
"Artículos personales varios: gafas de sol, lentes de contacto cosmeticos, bastones, paraguas y sombr",20043,Fijos,False,DANE_ENIG_2006_2007
"Artículos de funeraria: Ataúdes, lápidas y urnas",51047,Fijos,False,DANE_ENIG_2006_2007
"Residencias para ancianos, hogares geriátricos, hogares para personas con limita",215205,Fijos,False,DANE_ENIG_2006_2007
Asistencia en el hogar para el cuidado y mantenimiento de personas con limitacio,105286,Fijos,False,DANE_ENIG_2006_2007
"Pagos mensuales en guardería o salacunas: pensión, alimentación, etc",38777,Fijos,False,DANE_ENIG_2006_2007
"Pagos anuales en guarderías o salacunas: matrícula, materiales, etc",7775,Fijos,False,DANE_ENIG_2006_2007
Cuidado de niños fuera del hogar (niñeras fuera del hogar),48739,Fijos,False,DANE_ENIG_2006_2007
Pago mensual por seguridad social en salud en regímenes contributivo o especial,68816,Fijos,False,DANE_ENIG_2006_2007
"Pagos adicionales de EPS, diferentes al nucleo familiar (UPC)",42868,Fijos,False,DANE_ENIG_2006_2007
Pago mensual por afiliación al fondo de pensiones,45039,Fijos,False,DANE_ENIG_2006_2007
Aportes voluntarios a fondos de pensiones y cesantías,133970,Fijos,False,DANE_ENIG_2006_2007
Seguro de vida y de educación (ahorro programado),18952,Fijos,False,DANE_ENIG_2006_2007
"Seguro relacionado con la vivienda (robo, incendio, terremoto, terrorismo, etc)",11628,Fijos,False,DANE_ENIG_2006_2007
Pago anual por medicina prepagada,133501,Fijos,False,DANE_ENIG_2006_2007
Seguro estudiantil,1376,Fijos,False,DANE_ENIG_2006_2007
"Seguros relacionados con la salud: Médico, Maternidad, Neonatal, ambulancia, de accidentes, etc.",13241,Fijos,False,DANE_ENIG_2006_2007
Pago de Seguro Obligatorio SOAT,18141,Fijos,False,DANE_ENIG_2006_2007
Pago de Seguro de vehículos contra todo riesgo,62942,Fijos,False,DANE_ENIG_2006_2007
"Otros Seguros relacionados con el transporte: Seguro de Vuelo, Seguro de viaje y equipaje",156245,Fijos,False,DANE_ENIG_2006_2007
Otros seguros: Seguros de responsabilidad civil por lesiones o daños a terceros,7134,Fijos,False,DANE_ENIG_2006_2007
Pago de póliza de cumplimiento por contrato a término fijo,90363,Fijos,False,DANE_ENIG_2006_2007
Comisiones bancarias por transferencias y giros,12642,Fijos,False,DANE_ENIG_2006_2007
"Compra, custodia y corretaje de valores, títulos financieros, CDT´s y acciones",782774,Fijos,False,DANE_ENIG_2006_2007
Cuota de manejo de tarjeta débito o crédito,18722,Fijos,False,DANE_ENIG_2006_2007
Cuotas por crédito para adquisición de vehículos,462073,Fijos,False,DANE_ENIG_2006_2007
"Cuotas o pagos por préstamos de consumo realizados a Bancos, Cooperativas y Fondos (excluir cuotas d",360602,Fijos,False,DANE_ENIG_2006_2007
"Pago del ultimo recibo por tarjetas de crédito (Diners, Credibanco, Visa, etc.),",301214,Fijos,False,DANE_ENIG_2006_2007
Cuotas de amortización de vivienda para uso del hogar diferentes a la que habita,533864,Fijos,False,DANE_ENIG_2006_2007
Cuotas mensuales por adquisición de bienes raíces diferentes a vivienda,379504,Fijos,False,DANE_ENIG_2006_2007
Cuotas o pagos por préstamos adquiridos con particulares y organizaciones del sector no financiero,189294,Fijos,False,DANE_ENIG_2006_2007
Compra de vivienda,5206996,Fijos,False,DANE_ENIG_2006_2007
"Compra de terrenos, lotes, locales, fincas, parcelas y similares",765907,Fijos,False,DANE_ENIG_2006_2007
Dineros ahorrados el último mes,669219,Fijos,False,DANE_ENIG_2006_2007
Dineros dados en préstamo a otras personas,535021,Fijos,False,DANE_ENIG_2006_2007
Otros Servicios de Intermediación Financiera,454164,Fijos,False,DANE_ENIG_2006_2007
"Cuota de amortización de la vivienda propia, pagándose que habita el hogar",382026,Fijos,False,DANE_ENIG_2006_2007
"Pagos a bancos e instituciones financieras, casas de cambios, etc, por chequeras",100638,Fijos,False,DANE_ENIG_2006_2007
Cuotas o pagos directos a almacenes y distribuidores por compras a crédito (cluye tarjetas de crédit,108440,Fijos,False,DANE_ENIG_2006_2007
"Honorarios y cargos por servicios de agentes, asesores de inversión, consultores",51097,Fijos,False,DANE_ENIG_2006_2007
"Pagos de honorarios por: asesoría jurídicas, contratación de personal para el hogar, agencias matrim",49918,Fijos,False,DANE_ENIG_2006_2007
Pago por publicación en el diario oficial por contrato a término fijo,150238,Fijos,False,DANE_ENIG_2006_2007
"Certificados y documentos administrativos: Cédula de ciudadanía, pasaporte, visas, tarjetas profesio",10296,Fijos,False,DANE_ENIG_2006_2007
"Cuotas a asociaciones profesionales, partidos políticos, juntas de acción comunal, aportes y donacio",49969,Fijos,False,DANE_ENIG_2006_2007
Cuotas a instituciones religiosas y diezmo,37709,Fijos,False,DANE_ENIG_2006_2007
"Derechos religiosos y civiles por entierros,matrimonios, gastos en pompas fúnebres y en otros servic",17867,Fijos,False,DANE_ENIG_2006_2007
Pago por noticias y anuncios en la prensa y en páginas web,4843,Fijos,False,DANE_ENIG_2006_2007
Pago por servicio de baños públicos,3738,Fijos,False,DANE_ENIG_2006_2007
"Servicio de fotocopias, reducciones, ampliaciones, laminaciones, argollados, impresión de hojas y do",10611,Fijos,False,DANE_ENIG_2006_2007
Servicio de coteros o cargadores,5575,Fijos,False,DANE_ENIG_2006_2007
Impuesto predial y de valorización de la(s) vivienda(s) ocupada(s) por el hogar,18390,Fijos,False,DANE_ENIG_2006_2007
Impuestos del vehiculo,22392,Fijos,False,DANE_ENIG_2006_2007
Impuesto de renta,29781,Fijos,False,DANE_ENIG_2006_2007
Otros impuestos (impuesto de timbre),7846,Fijos,False,DANE_ENIG_2006_2007
"Impuesto de industria, comercio y avisos -ICA- o impuesto al valor agregado -IVA",58386,Fijos,False,DANE_ENIG_2006_2007
Pago o descuento por retención en la fuente,95140,Fijos,False,DANE_ENIG_2006_2007
Pago o descuento por fondo de solidaridad pensional,26005,Fijos,False,DANE_ENIG_2006_2007
Mesadas a estudiantes y personas no perceptoras de ingresos para gastos diarios,59568,Fijos,False,DANE_ENIG_2006_2007
Remesas de dinero a otros hogares para sostenimiento de personas a cargo del hogar,247262,Fijos,False,DANE_ENIG_2006_2007
"Planes de protección social a personas ajenas al hogar (Plan Canitas, Gotas de agua)",4507,Fijos,False,DANE_ENIG_2006_2007
Arroz para seco,21134,Salidas,False,DANE_ENIG_2006_2007
Arroz para sopa,822,Salidas,True,DANE_ENIG_2006_2007
Arroz integral,1849,Salidas,True,DANE_ENIG_2006_2007
"Pastas o fideos para sopa: letras, conchitas, etc.",1763,Salidas,True,DANE_ENIG_2006_2007
"Pastas para seco: espaguetis, raviolis, macarrones, tallarines, etc.",3267,Salidas,True,DANE_ENIG_2006_2007
Avena molida,959,Salidas,True,DANE_ENIG_2006_2007
Avena en hojuelas,1116,Salidas,True,DANE_ENIG_2006_2007
Cebada perlada,365,Salidas,True,DANE_ENIG_2006_2007
Cuchuco de cebada,415,Salidas,True,DANE_ENIG_2006_2007
Cuchuco de trigo,258,Salidas,True,DANE_ENIG_2006_2007
Harina de trigo,1195,Salidas,True,DANE_ENIG_2006_2007
Salvado de trigo,465,Salidas,True,DANE_ENIG_2006_2007
"Maíz blanco, amarillo, trillado, peto, porva, pira, millo",1761,Salidas,True,DANE_ENIG_2006_2007
Cuchuco de maíz,474,Salidas,True,DANE_ENIG_2006_2007
Harina de maíz,2108,Salidas,True,DANE_ENIG_2006_2007
Harina precocida de maíz,2159,Salidas,True,DANE_ENIG_2006_2007
Fécula de maíz (Maizena),570,Salidas,True,DANE_ENIG_2006_2007
"Harina para preparar tortas, natilla, buñuelos, etc.",874,Salidas,True,DANE_ENIG_2006_2007
Harina para coladas,631,Salidas,True,DANE_ENIG_2006_2007
Almidones de papa o yuca,560,Salidas,True,DANE_ENIG_2006_2007
"Cereales: cornflakes, rice krispis, Zucaritas, Zucosos, fruit loops, trix",3456,Salidas,True,DANE_ENIG_2006_2007
Cereales para la alimentación infantil,1244,Salidas,True,DANE_ENIG_2006_2007
"Ajonjolí, soya",704,Salidas,True,DANE_ENIG_2006_2007
"Masas para la preparación de productos de panadería o pastelería (trigo, maíz, soya)",2651,Salidas,True,DANE_ENIG_2006_2007
Arepas crudas o precocidas,10280,Salidas,False,DANE_ENIG_2006_2007
"Bollos y envueltos precocidos, quiches, tamales",7348,Salidas,True,DANE_ENIG_2006_2007
"Gérmen de trigo, lecitina, levadura de cerveza (alimentos naturistas)",662,Salidas,True,DANE_ENIG_2006_2007
"Comidas preparadas precocidas a base de cereales (lasagna, pizza, empanadas)",4117,Salidas,True,DANE_ENIG_2006_2007
Carve,435,Salidas,True,DANE_ENIG_2006_2007
"Pan corriente, con queso, aliñado, mogolla, relleno, pan de coco, calado, tajado, árabe",17315,Salidas,False,DANE_ENIG_2006_2007
Pan francés,6505,Salidas,True,DANE_ENIG_2006_2007
Pan integral,5021,Salidas,True,DANE_ENIG_2006_2007
Galletas de sal,5075,Salidas,True,DANE_ENIG_2006_2007
Galletas de dulce (de panadería y de paquete),3168,Salidas,True,DANE_ENIG_2006_2007
Galletas integrales (de panadería y de paquete),1326,Salidas,True,DANE_ENIG_2006_2007
"Otros productos de panadería no mencionados previamente: brownies, obleas, ponques",9446,Salidas,True,DANE_ENIG_2006_2007
Carne de res sin hueso o pulpa,47599,Salidas,False,DANE_ENIG_2006_2007
Carne de res con hueso,13642,Salidas,False,DANE_ENIG_2006_2007
Hueso de res,6092,Salidas,True,DANE_ENIG_2006_2007
Carne molida de res,6405,Salidas,True,DANE_ENIG_2006_2007
Lengua de res,2917,Salidas,True,DANE_ENIG_2006_2007
"Hígado, riñones, corazón, sesos, tripa y otras vísceras de res",6258,Salidas,True,DANE_ENIG_2006_2007
"Patas, manos, cola y cabeza de res",1389,Salidas,True,DANE_ENIG_2006_2007
Carne de cerdo sin hueso o pulpa,22230,Salidas,False,DANE_ENIG_2006_2007
Carne de cerdo con hueso,7239,Salidas,True,DANE_ENIG_2006_2007
Carne molida de cerdo,2020,Salidas,True,DANE_ENIG_2006_2007
Hueso de cerdo (espinazo y otros huesos),1928,Salidas,True,DANE_ENIG_2006_2007
Tocino y garra,4035,Salidas,True,DANE_ENIG_2006_2007
"Hígado, riñones, corazón, tripa y otras vísceras de cerdo",2465,Salidas,True,DANE_ENIG_2006_2007
"Patas, manos, cola y cabeza de cerdo",1287,Salidas,True,DANE_ENIG_2006_2007
Gallina o pollo vivo,5755,Salidas,True,DANE_ENIG_2006_2007
Carne de gallina o de pollo (entero o en presas),29937,Salidas,False,DANE_ENIG_2006_2007
"Carne de pavo, pichón, zuro, palomo, pato, ganso, codorniz",4036,Salidas,True,DANE_ENIG_2006_2007
Menudencias de gallina o pollo,2789,Salidas,True,DANE_ENIG_2006_2007
"Carne de conejo, liebre, curí o cuy",5103,Salidas,True,DANE_ENIG_2006_2007
"Carne de cordero, chivo, cabro",4473,Salidas,True,DANE_ENIG_2006_2007
Carne de chigüiro,1458,Salidas,True,DANE_ENIG_2006_2007
Carne de caballo,5411,Salidas,True,DANE_ENIG_2006_2007
"Carne preparada de pavo, pollo,cerdo, lomo ahumado",5626,Salidas,True,DANE_ENIG_2006_2007
Mortadela,3292,Salidas,True,DANE_ENIG_2006_2007
Salchichas,8555,Salidas,True,DANE_ENIG_2006_2007
Jamón y jamoneta,5216,Salidas,True,DANE_ENIG_2006_2007
Chorizo,4102,Salidas,True,DANE_ENIG_2006_2007
Tocineta,2314,Salidas,True,DANE_ENIG_2006_2007
Hamburguesa,3288,Salidas,True,DANE_ENIG_2006_2007
"Otros embutidos (longaniza, butifarra, génovas, salchichón, salami, cábanos, patés, etc.)",3243,Salidas,True,DANE_ENIG_2006_2007
Carnes frías enlatadas,2970,Salidas,True,DANE_ENIG_2006_2007
"Otros alimentos no especificados: Hormigas culonas, etc.",7735,Salidas,True,DANE_ENIG_2006_2007
Pescado de río fresco o congelado,16468,Salidas,False,DANE_ENIG_2006_2007
Pescado de mar fresco o congelado,11804,Salidas,False,DANE_ENIG_2006_2007
Camarones frescos o congelados,3275,Salidas,True,DANE_ENIG_2006_2007
"Pescado y crustáceos enlatados (sardinas, atún, salmón, mejillones)",7771,Salidas,True,DANE_ENIG_2006_2007
"Otros mariscos, crustáceos y moluscos frescos o congelados",6964,Salidas,True,DANE_ENIG_2006_2007
Otros productos de pescado y derivados,1147,Salidas,True,DANE_ENIG_2006_2007
Leche natural,10458,Salidas,False,DANE_ENIG_2006_2007
"Leche pasteurizada (entera, descremada, semidescremada, deslactosada, maternizada)",19081,Salidas,False,DANE_ENIG_2006_2007
"Leche larga vida (entera, descremada, semidescremada, deslactosada, maternizada)",21099,Salidas,False,DANE_ENIG_2006_2007
Leche en polvo para lactantes,17491,Salidas,False,DANE_ENIG_2006_2007
"Leche en polvo (entera, descremada, semidescremada, maternizada)",13013,Salidas,False,DANE_ENIG_2006_2007
Queso campesino,12398,Salidas,False,DANE_ENIG_2006_2007
Queso doble crema,7914,Salidas,True,DANE_ENIG_2006_2007
"Otros quesos: pera, mozarella, paipa, parmesano, etc.",1545,Salidas,True,DANE_ENIG_2006_2007
"Cuajada, Quesillo",3000,Salidas,True,DANE_ENIG_2006_2007
"Leche condensada, leche condesada y evaporada",1290,Salidas,True,DANE_ENIG_2006_2007
Crema de leche,1759,Salidas,True,DANE_ENIG_2006_2007
Yoghurt,11154,Salidas,False,DANE_ENIG_2006_2007
Kumis,2589,Salidas,True,DANE_ENIG_2006_2007
Suero costeño,4023,Salidas,True,DANE_ENIG_2006_2007
Natas,1129,Salidas,True,DANE_ENIG_2006_2007
Postres lácteos,2690,Salidas,True,DANE_ENIG_2006_2007
Bebidas lácteas saborizadas no achocolatadas,2059,Salidas,True,DANE_ENIG_2006_2007
Productos lácteos que no contengan leche animal: leche de soya,799,Salidas,True,DANE_ENIG_2006_2007
Huevos de gallina y otras aves,12876,Salidas,False,DANE_ENIG_2006_2007
Huevos de iguana y de tortuga,450,Salidas,True,DANE_ENIG_2006_2007
"Aceite de girasol, maíz, soya y palma",14224,Salidas,False,DANE_ENIG_2006_2007
Aceite de oliva,2926,Salidas,True,DANE_ENIG_2006_2007
"Otros aceites comestibles: canola, cacahuete, coco, almendras, dietéticos, etc.",474,Salidas,True,DANE_ENIG_2006_2007
Mantequilla de vaca,1951,Salidas,True,DANE_ENIG_2006_2007
Margarinas,1563,Salidas,True,DANE_ENIG_2006_2007
Manteca vegetal,801,Salidas,True,DANE_ENIG_2006_2007
Manteca de cerdo,437,Salidas,True,DANE_ENIG_2006_2007
"Otras grasas y aceites (aceite de pescado y otros animales marinos, mantequilla de maní)",325,Salidas,True,DANE_ENIG_2006_2007
Naranjas,4713,Salidas,True,DANE_ENIG_2006_2007
Limones,1978,Salidas,True,DANE_ENIG_2006_2007
Mandarinas,2454,Salidas,True,DANE_ENIG_2006_2007
Toronjas,386,Salidas,True,DANE_ENIG_2006_2007
Limas,231,Salidas,True,DANE_ENIG_2006_2007
Cidras,285,Salidas,True,DANE_ENIG_2006_2007
Bananos,3403,Salidas,True,DANE_ENIG_2006_2007
Manzanas,4252,Salidas,True,DANE_ENIG_2006_2007
Peras,2055,Salidas,True,DANE_ENIG_2006_2007
Melones,1976,Salidas,True,DANE_ENIG_2006_2007
Mango,3534,Salidas,True,DANE_ENIG_2006_2007
Guayabas,3163,Salidas,True,DANE_ENIG_2006_2007
Guanábanas,1729,Salidas,True,DANE_ENIG_2006_2007
Zapotes,796,Salidas,True,DANE_ENIG_2006_2007
Tamarindo,855,Salidas,True,DANE_ENIG_2006_2007
Tomate de árbol,3748,Salidas,True,DANE_ENIG_2006_2007
Moras,4346,Salidas,True,DANE_ENIG_2006_2007
Curubas,1676,Salidas,True,DANE_ENIG_2006_2007
Maracuyá,3494,Salidas,True,DANE_ENIG_2006_2007
Lulos,4423,Salidas,True,DANE_ENIG_2006_2007
Patilla o sandía,1280,Salidas,True,DANE_ENIG_2006_2007
Granadillas,1296,Salidas,True,DANE_ENIG_2006_2007
Piña,2543,Salidas,True,DANE_ENIG_2006_2007
Papaya,4473,Salidas,True,DANE_ENIG_2006_2007
Papayuela,565,Salidas,True,DANE_ENIG_2006_2007
Uvas (verdes y rojas),2191,Salidas,True,DANE_ENIG_2006_2007
Fresas,2554,Salidas,True,DANE_ENIG_2006_2007
Cocos,1232,Salidas,True,DANE_ENIG_2006_2007
Albaricoques,1263,Salidas,True,DANE_ENIG_2006_2007
Brevas,944,Salidas,True,DANE_ENIG_2006_2007
Duraznos,2446,Salidas,True,DANE_ENIG_2006_2007
Chontaduros,1965,Salidas,True,DANE_ENIG_2006_2007
Ciruelas,1180,Salidas,True,DANE_ENIG_2006_2007
Aguacate,4530,Salidas,True,DANE_ENIG_2006_2007
Mangostino,749,Salidas,True,DANE_ENIG_2006_2007
Kiwi,493,Salidas,True,DANE_ENIG_2006_2007
Feijoa,783,Salidas,True,DANE_ENIG_2006_2007
Higo,608,Salidas,True,DANE_ENIG_2006_2007
Chirimoya,501,Salidas,True,DANE_ENIG_2006_2007
Otras frutas frescas,8676,Salidas,True,DANE_ENIG_2006_2007
Frutas congeladas o en pulpa,6306,Salidas,True,DANE_ENIG_2006_2007
"Almendras y otras nueces (maní, cacahuete, pistacho, etc)",788,Salidas,True,DANE_ENIG_2006_2007
"Frutas deshidratadas y cristalizadas: peras, uvas y ciruelas pasas, etc",2376,Salidas,True,DANE_ENIG_2006_2007
Tomate,5687,Salidas,True,DANE_ENIG_2006_2007
Cebolla cabezona,4312,Salidas,True,DANE_ENIG_2006_2007
"Cebolla larga o en rama (bermuda, junca)",3390,Salidas,True,DANE_ENIG_2006_2007
Cebollin,1094,Salidas,True,DANE_ENIG_2006_2007
Zanahoria,3107,Salidas,True,DANE_ENIG_2006_2007
Remolacha,655,Salidas,True,DANE_ENIG_2006_2007
Pepino Cohombro,1230,Salidas,True,DANE_ENIG_2006_2007
Pimentón,1067,Salidas,True,DANE_ENIG_2006_2007
Pepino para guisar o rellenar,584,Salidas,True,DANE_ENIG_2006_2007
Nabos,797,Salidas,True,DANE_ENIG_2006_2007
Rábanos,480,Salidas,True,DANE_ENIG_2006_2007
Ajos,1257,Salidas,True,DANE_ENIG_2006_2007
Ají,993,Salidas,True,DANE_ENIG_2006_2007
Lechuga,1916,Salidas,True,DANE_ENIG_2006_2007
Espinaca,1167,Salidas,True,DANE_ENIG_2006_2007
Acelga,994,Salidas,True,DANE_ENIG_2006_2007
"Repollo, repollitas",1306,Salidas,True,DANE_ENIG_2006_2007
Coliflor,1467,Salidas,True,DANE_ENIG_2006_2007
Brócoli,959,Salidas,True,DANE_ENIG_2006_2007
Coles (tallos),213,Salidas,True,DANE_ENIG_2006_2007
Apio en rama,737,Salidas,True,DANE_ENIG_2006_2007
Alcachofas,1015,Salidas,True,DANE_ENIG_2006_2007
Espárragos,313,Salidas,True,DANE_ENIG_2006_2007
Ahuyama,1548,Salidas,True,DANE_ENIG_2006_2007
Calabaza,782,Salidas,True,DANE_ENIG_2006_2007
Calabacín,1070,Salidas,True,DANE_ENIG_2006_2007
Fríjol verde en vaina,1708,Salidas,True,DANE_ENIG_2006_2007
Fríjol verde desgranado,1918,Salidas,True,DANE_ENIG_2006_2007
Arveja verde en vaina,3763,Salidas,True,DANE_ENIG_2006_2007
Arveja verde desgranada,4367,Salidas,True,DANE_ENIG_2006_2007
Habas verdes en vaina,892,Salidas,True,DANE_ENIG_2006_2007
Habas verdes desgranadas,945,Salidas,True,DANE_ENIG_2006_2007
Habichuelas,3102,Salidas,True,DANE_ENIG_2006_2007
Mazorcas y maíz dulce,2327,Salidas,True,DANE_ENIG_2006_2007
Berenjenas,965,Salidas,True,DANE_ENIG_2006_2007
Champiñones y otros hongos comestibles,2034,Salidas,True,DANE_ENIG_2006_2007
"Otras verduras y leguminosas frescas: berros, chachafruto, algas comestibles, etc.",3938,Salidas,True,DANE_ENIG_2006_2007
verduras frescas amarradas (macitos de la Costa Atlántica),2347,Salidas,True,DANE_ENIG_2006_2007
"Verduras picadas en bandeja o en bolsa (revuelto verde, macitos)",5544,Salidas,True,DANE_ENIG_2006_2007
"Talego, bolsa, bandeja o tarro de ensalada",558,Salidas,True,DANE_ENIG_2006_2007
"Fríjol seco: bolaroja, cargamanto, guarzo, guandul, zaragoza, blanquillo, etc.",9427,Salidas,True,DANE_ENIG_2006_2007
Arveja seca,2239,Salidas,True,DANE_ENIG_2006_2007
Habas secas,2227,Salidas,True,DANE_ENIG_2006_2007
Lentejas,4264,Salidas,True,DANE_ENIG_2006_2007
Garbanzos,1542,Salidas,True,DANE_ENIG_2006_2007
"Verduras, hortalizas y legumbres enlatadas: arveja, fríjoles, maíz, espárrago, zanahoria, habichuela",11027,Salidas,False,DANE_ENIG_2006_2007
"Aceitunas, alcaparras, pepinillos y otros encurtidos en tarro",4970,Salidas,True,DANE_ENIG_2006_2007
Legumbres y hortalizas deshidratadas,8182,Salidas,True,DANE_ENIG_2006_2007
Plátano verde,6052,Salidas,True,DANE_ENIG_2006_2007
Plátano maduro,4327,Salidas,True,DANE_ENIG_2006_2007
"Colicero, guineo, mataburro",1184,Salidas,True,DANE_ENIG_2006_2007
"Papa común: pastusa, tocarreña, R12",10016,Salidas,False,DANE_ENIG_2006_2007
Papa criolla o amarilla,3204,Salidas,True,DANE_ENIG_2006_2007
Yuca,5015,Salidas,True,DANE_ENIG_2006_2007
Arracacha,1146,Salidas,True,DANE_ENIG_2006_2007
Ñame,3665,Salidas,True,DANE_ENIG_2006_2007
"Ullucos, cubios, hibias, chuguas, rubas",1335,Salidas,True,DANE_ENIG_2006_2007
"Otras raíces y tubérculos: mafafa, achira, batata, etc",1209,Salidas,True,DANE_ENIG_2006_2007
"Papa, yuca y plátano precocidos",2109,Salidas,True,DANE_ENIG_2006_2007
"Harina de plátano, de yuca, de achiras, puré de papas",877,Salidas,True,DANE_ENIG_2006_2007
Azúcar refinada,5729,Salidas,True,DANE_ENIG_2006_2007
Azúcar natural o morena,6486,Salidas,True,DANE_ENIG_2006_2007
"Endulzantes dietéticos: Aspartame, Fructuosa",15026,Salidas,False,DANE_ENIG_2006_2007
Panela,7701,Salidas,True,DANE_ENIG_2006_2007
Jaleas y mermeladas,836,Salidas,True,DANE_ENIG_2006_2007
Compotas,2509,Salidas,True,DANE_ENIG_2006_2007
Bocadillos,1696,Salidas,True,DANE_ENIG_2006_2007
Arequipe,1600,Salidas,True,DANE_ENIG_2006_2007
"Herpos, tumes y otros dulces de arequipe y bocadillo",1073,Salidas,True,DANE_ENIG_2006_2007
Gelatina de pata negra o blanca,409,Salidas,True,DANE_ENIG_2006_2007
"Gelatinas, flanes y pudines en vaso listos para el consumo",1852,Salidas,True,DANE_ENIG_2006_2007
"Miel de abejas, melazas y almíbares",1339,Salidas,True,DANE_ENIG_2006_2007
Pasta de chocolate para ponqué y cobertura de chocolate,430,Salidas,True,DANE_ENIG_2006_2007
"Dulces, confites, caramelos, bombones, chocolatinas, chicles, masmelos",3463,Salidas,True,DANE_ENIG_2006_2007
"Helados, conos, paletas, vasitos, refrescos congelados y tortas heladas",6566,Salidas,True,DANE_ENIG_2006_2007
"Gelatinas, flanes y pudines en polvo para preparar",2317,Salidas,True,DANE_ENIG_2006_2007
Polvo para preparar helados,908,Salidas,True,DANE_ENIG_2006_2007
"Frutas en conserva: Melocotón, piña, brevas, etc.",4236,Salidas,True,DANE_ENIG_2006_2007
Salsa de tomate,5129,Salidas,True,DANE_ENIG_2006_2007
Mayonesa,3697,Salidas,True,DANE_ENIG_2006_2007
"Mostaza, salsa rosada",1145,Salidas,True,DANE_ENIG_2006_2007
Pasta de tomate,2418,Salidas,True,DANE_ENIG_2006_2007
"Otras salsas: salsa de soya, salsa china, salsa tártara, salsa de ají, ají picante",1988,Salidas,True,DANE_ENIG_2006_2007
Vinagre,1001,Salidas,True,DANE_ENIG_2006_2007
Sal,1163,Salidas,True,DANE_ENIG_2006_2007
Cominos,395,Salidas,True,DANE_ENIG_2006_2007
Pimienta,133,Salidas,True,DANE_ENIG_2006_2007
Laurel,176,Salidas,True,DANE_ENIG_2006_2007
Tomillo,104,Salidas,True,DANE_ENIG_2006_2007
Color,413,Salidas,True,DANE_ENIG_2006_2007
"Ajo en polvo o en pasta, canela, clavos, nuez moscada",211,Salidas,True,DANE_ENIG_2006_2007
"Hierbas culinarias: perejil, cilantro, romero, orégano, etc",721,Salidas,True,DANE_ENIG_2006_2007
"Sopas: de vegetales, de carne, de pollo, de pescado, cremas de sobre, sopas para bebe",1788,Salidas,True,DANE_ENIG_2006_2007
Caldos y consomés concentrados (cubos y polvo),1413,Salidas,True,DANE_ENIG_2006_2007
Bases para preparar carnes y otros alimentos,299,Salidas,True,DANE_ENIG_2006_2007
"Frituras: papas fritas, chitos, maizitos, patacones, besitos, etc",10954,Salidas,False,DANE_ENIG_2006_2007
Levaduras y esencias (polvo para hornear),294,Salidas,True,DANE_ENIG_2006_2007
Alimentos precocidos: ajiaco y lechona enlatados y similares,6305,Salidas,True,DANE_ENIG_2006_2007
Mercados sin especificar productos,329201,Salidas,False,DANE_ENIG_2006_2007
Anchetas,6942,Salidas,True,DANE_ENIG_2006_2007
Café molido,5599,Salidas,True,DANE_ENIG_2006_2007
Café instantáneo en polvo o granulado,3386,Salidas,True,DANE_ENIG_2006_2007
Café en grano,1197,Salidas,True,DANE_ENIG_2006_2007
"Otras bebidas preparadas con café instantáneo: capuchino, mocachino, café con leche",820,Salidas,True,DANE_ENIG_2006_2007
Extractos y esencias de café,204,Salidas,True,DANE_ENIG_2006_2007
Chocolate en pastillas (con y sin azúcar),5194,Salidas,True,DANE_ENIG_2006_2007
Chocolate instantáneo en polvo o granulado,1999,Salidas,True,DANE_ENIG_2006_2007
Cocoa y chucula,354,Salidas,True,DANE_ENIG_2006_2007
Polvo para preparar bebidas achocolatadas,547,Salidas,True,DANE_ENIG_2006_2007
Bebidas achocolatadas listas para consumir,625,Salidas,True,DANE_ENIG_2006_2007
Té,445,Salidas,True,DANE_ENIG_2006_2007
"Hierbas aromáticas (secas y frescas), mate",435,Salidas,True,DANE_ENIG_2006_2007
Agua mineral,6099,Salidas,True,DANE_ENIG_2006_2007
Agua en lata o de carrotanque,5332,Salidas,True,DANE_ENIG_2006_2007
Hielo,1035,Salidas,True,DANE_ENIG_2006_2007
Gaseosas,13717,Salidas,False,DANE_ENIG_2006_2007
Maltas,2436,Salidas,True,DANE_ENIG_2006_2007
Refrescos líquidos empacados (jugos y bebidas hidratantes),3338,Salidas,True,DANE_ENIG_2006_2007
Concentrados para preparar refrescos,3127,Salidas,True,DANE_ENIG_2006_2007
Aguardiente,34479,Salidas,False,DANE_ENIG_2006_2007
Ron,36791,Salidas,False,DANE_ENIG_2006_2007
"Whisky, brandy, vodka, ginebra, cognac, tequila y similares",101762,Salidas,False,DANE_ENIG_2006_2007
"Cremas de licor (de amareto, de whisky, etc.), sabajón y ponche crema",32461,Salidas,False,DANE_ENIG_2006_2007
"Otras bebidas alcohólicas: aperitivos que no sean a base de vino, mezclas de cocteles",18093,Salidas,False,DANE_ENIG_2006_2007
"Vino, champaña, jerez y aperitivos a base de vino",23227,Salidas,False,DANE_ENIG_2006_2007
Cerveza nacional e importada,30577,Salidas,False,DANE_ENIG_2006_2007
Refajo preparado: Cola y Pola,10281,Salidas,False,DANE_ENIG_2006_2007
Cigarrillos con filtro,19954,Salidas,False,DANE_ENIG_2006_2007
Cigarrillos sin filtro,8878,Salidas,True,DANE_ENIG_2006_2007
Tabacos y picadura para pipa o para armar cigarrillos,12642,Salidas,False,DANE_ENIG_2006_2007
"Estupefacientes: cocaína, éxtasis, heroína, marihuana, bazuco, crack, etc.",7790,Salidas,True,DANE_ENIG_2006_2007
"Telas para la confección de ropa de hombre, mujer, niño, niña y bebé",14689,Salidas,False,DANE_ENIG_2006_2007
Camisas para hombre,21408,Salidas,False,DANE_ENIG_2006_2007
"Camisetas, franelas, esqueletos, polos para hombre",14525,Salidas,False,DANE_ENIG_2006_2007
"Calzoncillos, pantaloncillos, boxers para hombre",8995,Salidas,True,DANE_ENIG_2006_2007
Medias y calcetines para hombre,5271,Salidas,True,DANE_ENIG_2006_2007
Pantalones para hombre,23599,Salidas,False,DANE_ENIG_2006_2007
jeans para hombre,28545,Salidas,False,DANE_ENIG_2006_2007
"Bermudas, pantalonetas y pantalón corto para hombre",10412,Salidas,False,DANE_ENIG_2006_2007
"Vestido completo (sólo pantalón, chaqueta y/o chaleco) para hombre",115815,Salidas,False,DANE_ENIG_2006_2007
"Blazers, chaquetas, chaquetones, chompas y sacos de sport en paño, cuero, gamuza",33235,Salidas,False,DANE_ENIG_2006_2007
"Buzos, chalecos, sacos de lana y similares para hombre",19035,Salidas,False,DANE_ENIG_2006_2007
"Gabardinas, gabanes, abrigos y sobretodos para hombre",40890,Salidas,False,DANE_ENIG_2006_2007
Capas e impermeables para hombre,13344,Salidas,False,DANE_ENIG_2006_2007
"Sudaderas, trusas y bicicleteros para hombre",20156,Salidas,False,DANE_ENIG_2006_2007
Pantalonetas de baño para hombre,9104,Salidas,True,DANE_ENIG_2006_2007
Pijamas y batas para hombre,12518,Salidas,False,DANE_ENIG_2006_2007
Otros artículos de vestir para hombre (depotivos y formales),14192,Salidas,False,DANE_ENIG_2006_2007
Blusas para mujer,17178,Salidas,False,DANE_ENIG_2006_2007
"Camisetas, franelas y bodies para mujer",15258,Salidas,False,DANE_ENIG_2006_2007
"Pantalones, slacks y chicles para mujer",21806,Salidas,False,DANE_ENIG_2006_2007
"Shorts, bermudas y pantalonetas para mujer",14433,Salidas,False,DANE_ENIG_2006_2007
Jeans para mujer,26790,Salidas,False,DANE_ENIG_2006_2007
Faldas para mujer,14112,Salidas,False,DANE_ENIG_2006_2007
"Brassieres, tops y sostenes para mujer",12097,Salidas,False,DANE_ENIG_2006_2007
Pantys (interiores) para mujer,8509,Salidas,True,DANE_ENIG_2006_2007
Media de lana y otros materiales diferente a velada para mujer,4794,Salidas,True,DANE_ENIG_2006_2007
Medias veladas para mujer,10140,Salidas,False,DANE_ENIG_2006_2007
"Enaguas, fondos y combinaciones para mujer",7546,Salidas,True,DANE_ENIG_2006_2007
Vestidos confeccionados para mujer,37191,Salidas,False,DANE_ENIG_2006_2007
"Buzos, chalecos, sacos de lana y similares para mujer",18581,Salidas,False,DANE_ENIG_2006_2007
"Blazers, chaquetas, chaquetones y sacos de sport en paño, cuero, gamuza y otros",27811,Salidas,False,DANE_ENIG_2006_2007
"Gabardinas, gabanes, abrigos y sobretodos para mujer",39449,Salidas,False,DANE_ENIG_2006_2007
Capas e impermeables para mujer,17439,Salidas,False,DANE_ENIG_2006_2007
"Sudaderas, trusas y bicicleteros para mujer",13942,Salidas,False,DANE_ENIG_2006_2007
Traje de baño para mujer,16288,Salidas,False,DANE_ENIG_2006_2007
Pijamas y batas para mujer,12431,Salidas,False,DANE_ENIG_2006_2007
Otros artículos de vestir para mujer (deportivos y formales),24639,Salidas,False,DANE_ENIG_2006_2007
Camisas para niño,11288,Salidas,False,DANE_ENIG_2006_2007
"Camisetas, franelas, esqueletos, polos para niño",10348,Salidas,False,DANE_ENIG_2006_2007
"Calzoncillos, pantaloncillos, boxers para niño",5298,Salidas,True,DANE_ENIG_2006_2007
Medias y calcetines para niño,4045,Salidas,True,DANE_ENIG_2006_2007
Pantalones para niño,13255,Salidas,False,DANE_ENIG_2006_2007
Jeans para niño,17290,Salidas,False,DANE_ENIG_2006_2007
"Bermudas, pantalonetas y pantalón corto para niño",9349,Salidas,True,DANE_ENIG_2006_2007
"Vestido completo (sólo pantalón, chaqueta y/o chaleco) para niño",22307,Salidas,False,DANE_ENIG_2006_2007
"Blazers, chaquetas, chompas y sacos de sport en paño, cuero, gamuza y otros materiales",18619,Salidas,False,DANE_ENIG_2006_2007
"Buzos, chalecos, sacos de lana y similares para niño",12596,Salidas,False,DANE_ENIG_2006_2007
"Gabardinas, gabanes, abrigos y sobretodo para niño",32969,Salidas,False,DANE_ENIG_2006_2007
Capas e impermeables para niño,4797,Salidas,True,DANE_ENIG_2006_2007
"Sudaderas, trusas y bicicleteros para niño",13811,Salidas,False,DANE_ENIG_2006_2007
Pantalonetas de baño para niño,6041,Salidas,True,DANE_ENIG_2006_2007
Pijamas y batas para niño,9357,Salidas,True,DANE_ENIG_2006_2007
Otros artículos de vestir para niño (deportivos y formales),17848,Salidas,False,DANE_ENIG_2006_2007
Blusas para niña,10858,Salidas,False,DANE_ENIG_2006_2007
"Camisetas, franelas y bodies para niña",8055,Salidas,True,DANE_ENIG_2006_2007
"Pantalones, slacks y chicles para niña",12490,Salidas,False,DANE_ENIG_2006_2007
"Shorts, bermudas y pantalonetas para niña",9010,Salidas,True,DANE_ENIG_2006_2007
jeans para niña,17235,Salidas,False,DANE_ENIG_2006_2007
Faldas para niña,9753,Salidas,True,DANE_ENIG_2006_2007
Vestidos confeccionados para niña,17427,Salidas,False,DANE_ENIG_2006_2007
"Enaguas, fondos, combinaciones para niña",5102,Salidas,True,DANE_ENIG_2006_2007
Pantys (interiores) para niña,4900,Salidas,True,DANE_ENIG_2006_2007
"Brassieres, sostenes, tops y acostumbradores para niña",7426,Salidas,True,DANE_ENIG_2006_2007
"Media tobillera, media pantalón, media media (velada, de lana y otros materiales",3339,Salidas,True,DANE_ENIG_2006_2007
"Buzos, chalecos, sacos de lana y similares para niña",10919,Salidas,False,DANE_ENIG_2006_2007
"Blazers, chaquetas, chaquetones y sacos de sport en paño, cuero, gamuza y otros",14859,Salidas,False,DANE_ENIG_2006_2007
"Gabardinas, gabanes, abrigos y sobretodos para niña",4539,Salidas,True,DANE_ENIG_2006_2007
Capas e impermeables para niña,1685,Salidas,True,DANE_ENIG_2006_2007
"Sudaderas, trusas y bicicleteros para niña",16094,Salidas,False,DANE_ENIG_2006_2007
Traje de baño para niña,14360,Salidas,False,DANE_ENIG_2006_2007
Pijamas y batas para niña,9173,Salidas,True,DANE_ENIG_2006_2007
Otros artículos de vestir para niña (deportivos y formales),18895,Salidas,False,DANE_ENIG_2006_2007
"Camisitas, franelas para bebé",7283,Salidas,True,DANE_ENIG_2006_2007
"Vestiditos confeccionados para bebé, mamelucos, etc.",13249,Salidas,False,DANE_ENIG_2006_2007
"Escarpines, patines, mitones, zapatos de tela, medias, gorritos y bufandas para bebe",4646,Salidas,True,DANE_ENIG_2006_2007
Pijamitas y talegos para dormir para bebé,8952,Salidas,True,DANE_ENIG_2006_2007
"Buzos, ruanas, sacos de lana y similares para bebé",8556,Salidas,True,DANE_ENIG_2006_2007
Pañales de tela para bebé,5262,Salidas,True,DANE_ENIG_2006_2007
"Pantaloncitos de tela, plástico, caucho y similares para bebé",8785,Salidas,True,DANE_ENIG_2006_2007
Fajeros y cambiadores,3847,Salidas,True,DANE_ENIG_2006_2007
Otros artículos de vestir para bebé,14541,Salidas,False,DANE_ENIG_2006_2007
Corbatas y corbatines,15355,Salidas,False,DANE_ENIG_2006_2007
"Correas, tirantas y calzonarias para hombre",7257,Salidas,True,DANE_ENIG_2006_2007
Pañuelos para hombre,3271,Salidas,True,DANE_ENIG_2006_2007
Ruanas y ponchos para hombre,20725,Salidas,False,DANE_ENIG_2006_2007
Bufandas y guantes para hombre,6043,Salidas,True,DANE_ENIG_2006_2007
"Sombreros, gorros, cachuchas, boinas, viseras para hombre",10110,Salidas,False,DANE_ENIG_2006_2007
Pañuelos y pañoletas para mujer,4967,Salidas,True,DANE_ENIG_2006_2007
Cinturones y tirantas para mujer,5978,Salidas,True,DANE_ENIG_2006_2007
"Ruanas, chales, pañolones y ponchos para mujer",16434,Salidas,False,DANE_ENIG_2006_2007
Bufandas y guantes para mujer,6010,Salidas,True,DANE_ENIG_2006_2007
"Sombreros, gorros, cachuchas, boinas, viseras para mujer",8879,Salidas,True,DANE_ENIG_2006_2007
Guantes (de jardinería o de trabajo) en material diferente a caucho,2138,Salidas,True,DANE_ENIG_2006_2007
Cascos protectores para ciclista y motociclista,15382,Salidas,False,DANE_ENIG_2006_2007
"Hilos, cremalleras, botones, metro de costura, hombreras, encajes, broches, anchos para ropa, hebill",2748,Salidas,True,DANE_ENIG_2006_2007
"Baberos, broches y ganchos para bebé",4135,Salidas,True,DANE_ENIG_2006_2007
"Madejas de lana y otros materiales para coser, tejer y bordar",9830,Salidas,True,DANE_ENIG_2006_2007
"Confección y reparación de prendas de vestir en general (hombre, mujer, niños, niñas)",8880,Salidas,True,DANE_ENIG_2006_2007
Teñido de prendas de vestir,3789,Salidas,True,DANE_ENIG_2006_2007
Lavado y planchado de ropa fuera del hogar (en lavandería u otro hogar),20523,Salidas,False,DANE_ENIG_2006_2007
"Alquiler de prendas de vestir en general (hombre mujer, niños, niñas y bebés)",17120,Salidas,False,DANE_ENIG_2006_2007
"Zapatos en cuero, caucho, goma y similares para hombre",30546,Salidas,False,DANE_ENIG_2006_2007
"Botas en cuero, caucho, goma y similares para hombre",28067,Salidas,False,DANE_ENIG_2006_2007
"Tenis, zapatillas y otros zapatos deportivos para hombre (excluyendo zapatos para deportes específic",38602,Salidas,False,DANE_ENIG_2006_2007
"Pantuflas, sandalias, abuelitas, chanclas, cotizas y alpargatas para hombre",7579,Salidas,True,DANE_ENIG_2006_2007
"Calzado plano en cuero, caucho, goma y similares para mujer",18565,Salidas,False,DANE_ENIG_2006_2007
"Calzado de tacón en cuero, caucho, goma y similares para mujer",23008,Salidas,False,DANE_ENIG_2006_2007
"Botas en cuero, caucho, goma y similares para mujer",36453,Salidas,False,DANE_ENIG_2006_2007
"Tenis, zapatillas y otros zapatos deportivos para mujer (excluyendo zapatos para deportes específico",25769,Salidas,False,DANE_ENIG_2006_2007
"Pantuflas, sandalias, abuelitas, chanclas, cotizas y alpargatas para mujer",9496,Salidas,True,DANE_ENIG_2006_2007
"Zapatos en cuero, caucho, goma y similares para niño",17485,Salidas,False,DANE_ENIG_2006_2007
"Botas en cuero, caucho, goma y similares para niño",15165,Salidas,False,DANE_ENIG_2006_2007
"Tenis, zapatillas y otros zapatos deportivos para niño (excluyendo zapatos para deportes específicos",19722,Salidas,False,DANE_ENIG_2006_2007
"Pantuflas, sandalias, abuelitas, chanclas, cotizas y alpargatas para niño",6302,Salidas,True,DANE_ENIG_2006_2007
"Calzado plano en cuero, caucho, goma y similares para niña",14188,Salidas,False,DANE_ENIG_2006_2007
"Calzado de tacón en cuero, caucho, goma y similares para niña",12213,Salidas,False,DANE_ENIG_2006_2007
"Botas en cuero, caucho, goma y similares para niña",17411,Salidas,False,DANE_ENIG_2006_2007
"Tenis, zapatillas y otros zapatos deportivos para niña (excluyendo zapatos para deportes específicos",17216,Salidas,False,DANE_ENIG_2006_2007
"Pantuflas, sandalias, abuelitas, chanclas, cotizas y alpargatas para niña",7654,Salidas,True,DANE_ENIG_2006_2007
"Calzado para bebé: zapatos, botas y tenis",7439,Salidas,True,DANE_ENIG_2006_2007
"Accesorios para calzado: Plantillas, hormas, adaptadores para calzado y calzador",5472,Salidas,True,DANE_ENIG_2006_2007
Lustrado y limpieza de zapatos,10157,Salidas,False,DANE_ENIG_2006_2007
"Reparación de calzado: remonta, tapas, costuras, etc",3905,Salidas,True,DANE_ENIG_2006_2007
Alquiler de calzado,10169,Salidas,False,DANE_ENIG_2006_2007
Arriendo efectivo mensual por la vivienda que habita el hogar,221997,Fijos,False,DANE_ENIG_2006_2007
Arriendo por viviendas para uso del hogar diferentes a la que habita,214939,Fijos,False,DANE_ENIG_2006_2007
Arriendo imputado por la vivienda propia que habita el hogar,284012,Fijos,False,DANE_ENIG_2006_2007
"Arriendo imputado por la vivienda en usufructo, posesión u ocupación que habita",192434,Fijos,False,DANE_ENIG_2006_2007
Pinturas y barnices para vivienda,14084,Fijos,False,DANE_ENIG_2006_2007
Papel de colgadura y recubrimientos textiles para paredes,8836,Fijos,False,DANE_ENIG_2006_2007
"Baldosas, celosías, mármoles, cerámicas, cenefas de enchape (para interiores y y para baño y cocina)",87309,Fijos,False,DANE_ENIG_2006_2007
Vidriería para puertas y ventanas,11286,Fijos,False,DANE_ENIG_2006_2007
"Yeso, cemento, masilla, pegantes",17439,Fijos,False,DANE_ENIG_2006_2007
"Tubos para el agua, grifos, codos, sifones, etc.",6876,Fijos,False,DANE_ENIG_2006_2007
Tablones para pisos,34793,Fijos,False,DANE_ENIG_2006_2007
Puertas y ventanas,27270,Fijos,False,DANE_ENIG_2006_2007
"Otros materiales para la conservación y la reparación de la vivienda: tejas, cielo raso, tanque de a",52823,Fijos,False,DANE_ENIG_2006_2007
Mantenimiento y reparación de aire acondicionado y calefacción,8457,Fijos,False,DANE_ENIG_2006_2007
Mantenimiento y reparación de cañerias de agua y ductos e instalaciones de gas,15002,Fijos,False,DANE_ENIG_2006_2007
Mantenimiento y reparación de ductos de ascensor,15983,Fijos,False,DANE_ENIG_2006_2007
Mantenimiento y reparación de redes eléctricas y telefónicas,11838,Fijos,False,DANE_ENIG_2006_2007
Mantenimiento y reparación de techos y pisos,47030,Fijos,False,DANE_ENIG_2006_2007
Limpieza de exteriores de edificaciones,5633,Fijos,False,DANE_ENIG_2006_2007
Pavimentación y revestimiento de suelos,42436,Fijos,False,DANE_ENIG_2006_2007
Ampliación o subdivisión de la vivienda,378593,Fijos,False,DANE_ENIG_2006_2007
"Otros servicios para el mantenimiento y reparación de la vivienda: cerrajería, pintura, enchape, car",45064,Fijos,False,DANE_ENIG_2006_2007
"Instalación, conexión, contador de agua",5732,Fijos,False,DANE_ENIG_2006_2007
Acueducto,23375,Fijos,False,DANE_ENIG_2006_2007
Reconexión del servicio de acueducto,5956,Fijos,False,DANE_ENIG_2006_2007
Recolección de basuras y aseo,7264,Fijos,False,DANE_ENIG_2006_2007
Pagos a recogedor de basuras y desechos,18193,Fijos,False,DANE_ENIG_2006_2007
Instalación o conexión al servicio de alcantarillado,16360,Fijos,False,DANE_ENIG_2006_2007
Alcantarillado,10567,Fijos,False,DANE_ENIG_2006_2007
Cuotas mensuales de administración de la vivienda para uso del hogar,121101,Fijos,False,DANE_ENIG_2006_2007
Cuotas extraordinarias de administración,14406,Fijos,False,DANE_ENIG_2006_2007
Celaduría comunal,21217,Fijos,False,DANE_ENIG_2006_2007
Gastos de conservación en jardinería,15124,Fijos,False,DANE_ENIG_2006_2007
"Instalación, conexión, contador del servicio de energía eléctrica",5124,Fijos,False,DANE_ENIG_2006_2007
Energía eléctrica,37486,Fijos,False,DANE_ENIG_2006_2007
Reconexión del servicio de energía eléctrica,2058,Fijos,False,DANE_ENIG_2006_2007
Alumbrado público,4005,Fijos,False,DANE_ENIG_2006_2007
Compra de gas propano en pipeta o cilindro o por ducto,28884,Fijos,False,DANE_ENIG_2006_2007
"Instalación, conexión, contador del servicio de gas natural",8459,Fijos,False,DANE_ENIG_2006_2007
Gas natural por tubería,15410,Fijos,False,DANE_ENIG_2006_2007
Reconexión del servicio de gas natural,1491,Fijos,False,DANE_ENIG_2006_2007
"Combustibles líquidos para cocinar: gasolina, kerosene, petróleo, alcohol, etc.",13737,Fijos,False,DANE_ENIG_2006_2007
"Combustibles sólidos para cocinar: leña, carbón vegetal, carbón, mineral, etc.",11066,Fijos,False,DANE_ENIG_2006_2007
Cama sencilla,20504,Salidas,False,DANE_ENIG_2006_2007
"Cama semidoble, doble, king size",33911,Salidas,False,DANE_ENIG_2006_2007
Cunas y corral para bebé,22181,Salidas,False,DANE_ENIG_2006_2007
Juego completo de muebles de alcoba,80917,Salidas,False,DANE_ENIG_2006_2007
Juego completo de muebles de sala,83953,Salidas,False,DANE_ENIG_2006_2007
Juego completo de muebles de comedor,62091,Salidas,False,DANE_ENIG_2006_2007
Gabinetes de baño,15753,Salidas,False,DANE_ENIG_2006_2007
Cocina integral,103467,Salidas,False,DANE_ENIG_2006_2007
Muebles y gabinetes para cocina,24950,Salidas,False,DANE_ENIG_2006_2007
Escritorios y mesas de dibujo,26223,Salidas,False,DANE_ENIG_2006_2007
Muebles para computador o centros de entretenimiento,11723,Salidas,False,DANE_ENIG_2006_2007
"Colchones, somiers y colchonetas",20201,Salidas,False,DANE_ENIG_2006_2007
"Bases para colchón, catres",7943,Salidas,True,DANE_ENIG_2006_2007
"Sillas, sillones, sofás, sofacamas",17764,Salidas,False,DANE_ENIG_2006_2007
"Asientos, mecedoras, butacos, bancas",8025,Salidas,True,DANE_ENIG_2006_2007
"Armarios, clósets, cómodas, chifoniers, escaparates, roperos, baules",19777,Salidas,False,DANE_ENIG_2006_2007
Bibliotecas y muebles modulares,17474,Salidas,False,DANE_ENIG_2006_2007
"Otros muebles y accesorios para el hogar:biffé, tocadores, vitrinas, archivadore",14521,Salidas,False,DANE_ENIG_2006_2007
Lámparas de techo o de pie,9134,Salidas,True,DANE_ENIG_2006_2007
Pantallas de mesa,5658,Salidas,True,DANE_ENIG_2006_2007
"Velas, veladoras, velones",2938,Salidas,True,DANE_ENIG_2006_2007
Candeleros y candelabros,11033,Salidas,False,DANE_ENIG_2006_2007
Cuadros y pinturas de arte,19879,Salidas,False,DANE_ENIG_2006_2007
Reproducciones de cuadros y pinturas,11130,Salidas,False,DANE_ENIG_2006_2007
"Dibujos, grabados, tapices",342,Salidas,True,DANE_ENIG_2006_2007
"Estatuillas, esculturas, porcelanas y objetos de decoración en plata o metal",11984,Salidas,False,DANE_ENIG_2006_2007
Otros objetos artísticos,3259,Salidas,True,DANE_ENIG_2006_2007
"Espejos, portaretratos y percheros",6799,Salidas,True,DANE_ENIG_2006_2007
Persianas de materiales diferentes a tela,36985,Salidas,False,DANE_ENIG_2006_2007
Alfombras y tapetes fijos y sueltos,9344,Salidas,True,DANE_ENIG_2006_2007
Mano de obra para colocación de alfombras y tapetes,538,Salidas,True,DANE_ENIG_2006_2007
"Reparación de muebles, accesorios y materiales para pisos",31802,Salidas,False,DANE_ENIG_2006_2007
Restauración de obras de arte y de muebles antiguos,16916,Salidas,False,DANE_ENIG_2006_2007
"Telas para confeccionar ropa de cama, manteles, cortinas y forros de muebles",8288,Salidas,True,DANE_ENIG_2006_2007
"Juego completo de sábanas, sobresábanas y fundas",5687,Salidas,True,DANE_ENIG_2006_2007
"Sábanas, sobresabanas y fundas sueltas",4300,Salidas,True,DANE_ENIG_2006_2007
"Cubrelechos, cubrecamas, colchas para cama",8669,Salidas,True,DANE_ENIG_2006_2007
Cobijas y mantas para adultos,5564,Salidas,True,DANE_ENIG_2006_2007
"Cobijas, mantas y cobertores para bebés",3952,Salidas,True,DANE_ENIG_2006_2007
"Almohadas, cojines, almohadones",2088,Salidas,True,DANE_ENIG_2006_2007
"Hamacas, chinchorros, toldillos, mosquiteros",4067,Salidas,True,DANE_ENIG_2006_2007
"Ropa de mesa: Manteles, caminos de mesa, individuales y servilletas de tela para comedor",3294,Salidas,True,DANE_ENIG_2006_2007
Toallas de tela para baño,2322,Salidas,True,DANE_ENIG_2006_2007
Juego de lencería para baño,4210,Salidas,True,DANE_ENIG_2006_2007
Cortinas para baño,1405,Salidas,True,DANE_ENIG_2006_2007
Cortinas confeccionadas,14248,Salidas,False,DANE_ENIG_2006_2007
Lanas y telas para tejidos y decoración del hogar,1945,Salidas,True,DANE_ENIG_2006_2007
Sacos o lonas para ropa,2641,Salidas,True,DANE_ENIG_2006_2007
Banderas y escudos en general,1083,Salidas,True,DANE_ENIG_2006_2007
"Piedecamas, esteras y esterillas",2408,Salidas,True,DANE_ENIG_2006_2007
Forros para muebles y electrodomésticos,6878,Salidas,True,DANE_ENIG_2006_2007
Gastos por confección y reparación de productos textiles para el hogar,5399,Salidas,True,DANE_ENIG_2006_2007
"Neveras, refrigeradores y congeladores",50324,Salidas,False,DANE_ENIG_2006_2007
Lavadora y secadora de ropa,46009,Salidas,False,DANE_ENIG_2006_2007
Lavadora de platos,57083,Salidas,False,DANE_ENIG_2006_2007
Estufa a gas,17665,Salidas,False,DANE_ENIG_2006_2007
Estufa eléctrica,6736,Salidas,True,DANE_ENIG_2006_2007
Estufa mixta (electrica y a gas),41791,Salidas,False,DANE_ENIG_2006_2007
Campana extractora para la estufa,15551,Salidas,False,DANE_ENIG_2006_2007
Estufa de carbón o leña a gasolina o petróleo,1648,Salidas,True,DANE_ENIG_2006_2007
Hornos eléctricos y hornos de gas,13476,Salidas,False,DANE_ENIG_2006_2007
Hornos microondas,14888,Salidas,False,DANE_ENIG_2006_2007
Pipetas o cilindros de gas (envase sin incluir el gas),3503,Salidas,True,DANE_ENIG_2006_2007
Calentadores eléctricos,6371,Salidas,True,DANE_ENIG_2006_2007
Calentador de gas,22982,Salidas,False,DANE_ENIG_2006_2007
Sistema de calefacción para el hogar,74978,Salidas,False,DANE_ENIG_2006_2007
Aire acondicionado,31113,Salidas,False,DANE_ENIG_2006_2007
Ventiladores o abanicos fijos,5635,Salidas,True,DANE_ENIG_2006_2007
"Aspiradora, brilladora y lavatapetes",15570,Salidas,False,DANE_ENIG_2006_2007
"Máquinas de coser, tejer, fileteadoras y telares",23158,Salidas,False,DANE_ENIG_2006_2007
"Otros aparatos grandes del hogar: Trituradoras de desperdicios, cajas fuertes, purificadores de agua",39280,Salidas,False,DANE_ENIG_2006_2007
Plancha eléctrica,3728,Salidas,True,DANE_ENIG_2006_2007
"Licuadora, picadora y ayudante de cocina eléctrico",6056,Salidas,True,DANE_ENIG_2006_2007
Batidora y mezcladora eléctrica,4787,Salidas,True,DANE_ENIG_2006_2007
"Sanducheras, wafleras y tostadoras eléctricas",3472,Salidas,True,DANE_ENIG_2006_2007
Extractor de zumos y exprimidor eléctricos,4991,Salidas,True,DANE_ENIG_2006_2007
Cafeteras eléctricas,4040,Salidas,True,DANE_ENIG_2006_2007
Ollas arroceras y freidoras eléctricas,6979,Salidas,True,DANE_ENIG_2006_2007
"Cuchillos, afila cuchillos y abrelatas eléctricos",1036,Salidas,True,DANE_ENIG_2006_2007
Encendedores eléctricos y no eléctricos para estufa,1490,Salidas,True,DANE_ENIG_2006_2007
Ventiladores o abanicos movibles,5319,Salidas,True,DANE_ENIG_2006_2007
Duchas eléctricas,2336,Salidas,True,DANE_ENIG_2006_2007
Asadores eléctricos para carne,7217,Salidas,True,DANE_ENIG_2006_2007
Mantas eléctricas para el hogar,5250,Salidas,True,DANE_ENIG_2006_2007
Extractor eléctrico de olores,10373,Salidas,False,DANE_ENIG_2006_2007
"Otros aparatos eléctricos para el hogar: teteras eléctricas, máquina para helados, hornos tostadores",5802,Salidas,True,DANE_ENIG_2006_2007
Repuestos para aparatos domésticos,3951,Salidas,True,DANE_ENIG_2006_2007
Reparación de aparatos y utensilios domésticos,5382,Salidas,True,DANE_ENIG_2006_2007
"Alquiler de artefactos o aparatos domésticos (lavadoras, computadores, etc)",5126,Salidas,True,DANE_ENIG_2006_2007
"Vajilla completa, juego de té o café y otros juegos completos (vaso, jarra, copas)",4875,Salidas,True,DANE_ENIG_2006_2007
"Platos, pocillos, tazas, Mugs",5356,Salidas,True,DANE_ENIG_2006_2007
"Vasos, copas, jarras",3958,Salidas,True,DANE_ENIG_2006_2007
"Bandejas, ensaladeras, soperas, dulceras",4913,Salidas,True,DANE_ENIG_2006_2007
Refractarias,8033,Salidas,True,DANE_ENIG_2006_2007
Otros artículos de cristalería y vajilla,14331,Salidas,False,DANE_ENIG_2006_2007
Juego completo de cubiertos de mesa y cocina,9586,Salidas,True,DANE_ENIG_2006_2007
"Cucharas, cucharitas, tenedores, cuchillos, cucharones, tijeras de cocina",3737,Salidas,True,DANE_ENIG_2006_2007
"Ollas, cacerolas, cazuelas y sartenes de aluminio, esmaltadas y de teflón",17785,Salidas,False,DANE_ENIG_2006_2007
Ollas a presión,27420,Salidas,False,DANE_ENIG_2006_2007
Planchas para asar y parrillas,9060,Salidas,True,DANE_ENIG_2006_2007
"Molinillos, coladeras, coladores, pinzas para hielo, abrelatas y sacacorchos manuales, piedras de af",1826,Salidas,True,DANE_ENIG_2006_2007
Cafeteras no eléctricas,14263,Salidas,False,DANE_ENIG_2006_2007
"Molinos, ralladores, picadoras manuales y exprimidores de jugo",7053,Salidas,True,DANE_ENIG_2006_2007
"Corta huevos, pela papas, rebanador de quesos, cortador de pizza",2701,Salidas,True,DANE_ENIG_2006_2007
"Tablas para picar, morteros y mazos, escurridorres de aceite",2825,Salidas,True,DANE_ENIG_2006_2007
Servilleteros,2873,Salidas,True,DANE_ENIG_2006_2007
Termos,5669,Salidas,True,DANE_ENIG_2006_2007
"Reverberos, cocinas de alcohol y cocinetas",19613,Salidas,False,DANE_ENIG_2006_2007
Esterilizadores o calentadores de teteros,13681,Salidas,False,DANE_ENIG_2006_2007
Biberones o teteros,3792,Salidas,True,DANE_ENIG_2006_2007
Mesa de planchar,10997,Salidas,False,DANE_ENIG_2006_2007
Planchas no eléctricas,12448,Salidas,False,DANE_ENIG_2006_2007
"Ceniceros, floreros",6196,Salidas,True,DANE_ENIG_2006_2007
"Platones, baldes y poncheras",3934,Salidas,True,DANE_ENIG_2006_2007
Canecas y papeleras para la basura,5869,Salidas,True,DANE_ENIG_2006_2007
Cestas y recipientes para la ropa,8705,Salidas,True,DANE_ENIG_2006_2007
"Vacinillas, micas o patos médicos",2240,Salidas,True,DANE_ENIG_2006_2007
"Reparación de cristalería, vajilla y utensilios del hogar",8403,Salidas,True,DANE_ENIG_2006_2007
"Taladros, soldadoras, sierras, pulidoras y cizallas eléctricas",7397,Salidas,True,DANE_ENIG_2006_2007
"Podadoras, cortadoras de césped y guadañadoras eléctricas o motorizadas y tractores eléctricos para ",51678,Salidas,False,DANE_ENIG_2006_2007
Compra e instalación de bombas eléctricas de agua,14446,Salidas,False,DANE_ENIG_2006_2007
Otras herramientas y equipos eléctricos grandes,17243,Salidas,False,DANE_ENIG_2006_2007
Reparación de herramientas y equipos grandes,11955,Salidas,False,DANE_ENIG_2006_2007
Alquiler de maquinaria y equipo grande,18647,Salidas,False,DANE_ENIG_2006_2007
"Hombresolos, alicates, tenazas, martillos, destornilladores, punzones, serruchos, limas para herrami",13468,Salidas,False,DANE_ENIG_2006_2007
"Llaves de tuercas, llaves inglesas, llaves bristol.",1968,Salidas,True,DANE_ENIG_2006_2007
"Cintas métricas: Metro, Decámetro, niveles, etc.",707,Salidas,True,DANE_ENIG_2006_2007
"Otras herramientas del hogar: Tijeras para ropa, escaleras, etc.",1781,Salidas,True,DANE_ENIG_2006_2007
"Herramientas de jardín: Carretillas, mangueras, palas, azadones, estacas, etc.",2747,Salidas,True,DANE_ENIG_2006_2007
"Bombillos incandescentes, tubos fluorescentes, larga vida, halógenos y de neón",5492,Salidas,True,DANE_ENIG_2006_2007
"Enchufes, interruptores, dimmers, cables eléctricos, rosetas, cinta aislante, timbres, alarmas",27240,Salidas,False,DANE_ENIG_2006_2007
Pilas no recargables para uso general,3997,Salidas,True,DANE_ENIG_2006_2007
"Linternas, lámparas de mano, estabilizadores y timers, baterías o pilas recargables",7990,Salidas,True,DANE_ENIG_2006_2007
Otros accesorios eléctricos pequeños,10336,Salidas,False,DANE_ENIG_2006_2007
"Accesorios para puertas: Bisagras, manijas, cerraduras, candados, etc.",5660,Salidas,True,DANE_ENIG_2006_2007
"Otros artículos de metal para el hogar: Rieles, varillas, ganchos para cortina, etc.",1642,Salidas,True,DANE_ENIG_2006_2007
Reparación de herramientas pequeñas y accesorios diversos del hogar y del jardín,921,Salidas,True,DANE_ENIG_2006_2007
Jabón en barra para lavar ropa,3418,Salidas,True,DANE_ENIG_2006_2007
Jabón de cocina,2800,Salidas,True,DANE_ENIG_2006_2007
Jabón para lavadora,9032,Salidas,True,DANE_ENIG_2006_2007
Detergente en polvo,4662,Salidas,True,DANE_ENIG_2006_2007
Detergente líquido,4424,Salidas,True,DANE_ENIG_2006_2007
Blanqueadores,2411,Salidas,True,DANE_ENIG_2006_2007
Suavizantes,4486,Salidas,True,DANE_ENIG_2006_2007
"Quitamanchas, polvo limpiador y shampoo para alfombras",5316,Salidas,True,DANE_ENIG_2006_2007
"Líquidos y desinfectantes para limpiar muebles, vidrios, hornos, estufas, paredes, baños, pisos",4178,Salidas,True,DANE_ENIG_2006_2007
Desodorantes ambientales y ambientadores,5048,Salidas,True,DANE_ENIG_2006_2007
Cera para pisos,4144,Salidas,True,DANE_ENIG_2006_2007
Insecticidas y fungicidas,6100,Salidas,True,DANE_ENIG_2006_2007
"Otros productos de limpieza y mantenimiento: almidones para camisas, alcanfor, naftalina, disolvente",4161,Salidas,True,DANE_ENIG_2006_2007
"Escobas, recogedores de basura, escobillas, plumeros limpiapolvos, trapeadores y cepillos para: pare",5553,Salidas,True,DANE_ENIG_2006_2007
Guantes de caucho,3176,Salidas,True,DANE_ENIG_2006_2007
"Esponjas, esponjillas y estropajos",1599,Salidas,True,DANE_ENIG_2006_2007
"Limpiones, cogeollas, trapos para limpiar, paños de cocina, bayetillas y dulceabrigos",3939,Salidas,True,DANE_ENIG_2006_2007
Otros elementos de aseo,17734,Salidas,False,DANE_ENIG_2006_2007
"Cuerdas, cordeles, tendederos y pinzas para ropa, cintas adhesivas y pegamentos",3663,Salidas,True,DANE_ENIG_2006_2007
"Agujas (para coser, tejer), alfileres",1230,Salidas,True,DANE_ENIG_2006_2007
"Tijeras para costura, abreojales, desbaratadores, dedales",2174,Salidas,True,DANE_ENIG_2006_2007
Mechas para lámparas,384,Salidas,True,DANE_ENIG_2006_2007
Fósforos y encendedores desechables,1085,Salidas,True,DANE_ENIG_2006_2007
"Betún, pomadas y tintes para calzado",2746,Salidas,True,DANE_ENIG_2006_2007
"Barnices, lacas y tintes para accesorios del hogar.",9962,Salidas,True,DANE_ENIG_2006_2007
Anilinas y tintes para prendas de vestir,1713,Salidas,True,DANE_ENIG_2006_2007
"Artículos de ferretería: Puntillas, clavos, tornillos, tuercas, brocas, brochas, pinceles, lijas y o",5987,Salidas,True,DANE_ENIG_2006_2007
"Papel de aluminio, papel parafinado, moldes de aluminio, vinilpel, filtros de papel para cafetera",3948,Salidas,True,DANE_ENIG_2006_2007
Rollos de papel para cocina,4900,Salidas,True,DANE_ENIG_2006_2007
"Productos desechables: servilletas, manteles, platos, vasos, cubiertos, palillos",2367,Salidas,True,DANE_ENIG_2006_2007
"Otros productos desechables: pitillos, palos de pincho, etc.",2527,Salidas,True,DANE_ENIG_2006_2007
Bolsas plásticas para basura y para aspiradora,1832,Salidas,True,DANE_ENIG_2006_2007
Empleada interna,223652,Salidas,False,DANE_ENIG_2006_2007
Empleada de por días (permanente o temporal),120348,Salidas,False,DANE_ENIG_2006_2007
"Amas de llaves, institutrices, tutores, mayordomos, choferes, jardineros, celadores, niñeras dentro ",146341,Salidas,False,DANE_ENIG_2006_2007
Limpieza de ventanas,2685,Salidas,True,DANE_ENIG_2006_2007
Desinfección y fumigación del hogar,2288,Salidas,True,DANE_ENIG_2006_2007
"Lavado y limpieza de ropa del hogar: cubrelechos, cobijas, cortinas, tejidos del hogar, etc.",3568,Salidas,True,DANE_ENIG_2006_2007
Lavado de alfombras,5670,Salidas,True,DANE_ENIG_2006_2007
Servicio de tintorería y teñido de ropa del hogar,1053,Salidas,True,DANE_ENIG_2006_2007
"Analgésicos: mejoral, aspirina, focus, dólex, asawín, advil, etc",5219,Fijos,False,DANE_ENIG_2006_2007
"Antiácidos: alkaseltser, sal de frutas, mylanta, pepsamar, etc.",4652,Fijos,False,DANE_ENIG_2006_2007
Antibióticos,18835,Fijos,False,DANE_ENIG_2006_2007
Medicamentos antialérgicos (antihistamínicos): loratadina,12480,Fijos,False,DANE_ENIG_2006_2007
"Antigripales: desenfriol, dristán, etc.",5245,Fijos,False,DANE_ENIG_2006_2007
"Antiparasitario, antiamibiásicos, purgantes, laxantes",11074,Fijos,False,DANE_ENIG_2006_2007
Antiartríticos y antirreumáticos,27748,Fijos,False,DANE_ENIG_2006_2007
Antidiabéticos,37846,Fijos,False,DANE_ENIG_2006_2007
"Antiespasmódicos, antidiarréicos",8156,Fijos,False,DANE_ENIG_2006_2007
Antiinflamatorios,13786,Fijos,False,DANE_ENIG_2006_2007
"Cardiovasculares, medicamentos para la tensión arterial: Artensol, Aldomet, Captopril, etc.",28327,Fijos,False,DANE_ENIG_2006_2007
"Desinfectantes: alcohol, menticol, yodo, merthiolate, mercurio cromo, agua oxigenada, árnica, isodin",4201,Fijos,False,DANE_ENIG_2006_2007
"Suero oral, fisiológico, etc.",8236,Fijos,False,DANE_ENIG_2006_2007
Vacunas,7443,Fijos,False,DANE_ENIG_2006_2007
"Vitaminas, reconstituyentes, calcio y otros minerales",31775,Fijos,False,DANE_ENIG_2006_2007
Aceite de hígado de bacalao,16297,Fijos,False,DANE_ENIG_2006_2007
"Productos formulados para uso dermatológico: Lociones, cremas, pomadas, unguento",54771,Fijos,False,DANE_ENIG_2006_2007
"Gotas para oidos, ojos y naríz",18464,Fijos,False,DANE_ENIG_2006_2007
"Anticonceptivos orales (píldoras), óvulos, inyecciones, cremas anticonceptivas y parches",16176,Fijos,False,DANE_ENIG_2006_2007
Medicamentos homeopáticos y bioenergéticos,55029,Fijos,False,DANE_ENIG_2006_2007
"Otras drogas sueltas: anestésicos, enzimas y sales biliares, diuréticos orales e inyectables y otros",29341,Fijos,False,DANE_ENIG_2006_2007
Fórmula médica completa,82673,Fijos,False,DANE_ENIG_2006_2007
Termómetros clínicos,4788,Fijos,False,DANE_ENIG_2006_2007
"Jeringas, agujas hipodérmicas",2592,Fijos,False,DANE_ENIG_2006_2007
"Esparadrapo, vendas, gasas, curitas.",5111,Fijos,False,DANE_ENIG_2006_2007
Botiquines de primeros auxilios,4147,Fijos,False,DANE_ENIG_2006_2007
Dispositivo de pruebas de embarazo,8260,Fijos,False,DANE_ENIG_2006_2007
"Otros implementos médicos: bolsas de agua caliente, bolsas de hielo, etc",6935,Fijos,False,DANE_ENIG_2006_2007
Dispositivos intrauterinos y otros anticonceptivos,11492,Fijos,False,DANE_ENIG_2006_2007
Preservativos (condones),10697,Fijos,False,DANE_ENIG_2006_2007
"Anteojos, gafas o lentes de contacto formulados",11058,Fijos,False,DANE_ENIG_2006_2007
"Sillas de ruedas, camas y colchones especiales (de hospital para uso en el hogar",21116,Fijos,False,DANE_ENIG_2006_2007
Muletas y bastones ortopédicos,4216,Fijos,False,DANE_ENIG_2006_2007
Zapatos ortopédicos,10859,Fijos,False,DANE_ENIG_2006_2007
"Soportes de cuello, bragueros, fajas quirúrgicas, medias elásticas para traumatología; soportes para",4494,Fijos,False,DANE_ENIG_2006_2007
Equipo para masajes médicos,7558,Fijos,False,DANE_ENIG_2006_2007
"Prótesis (miembros artificiales), dentaduras postizas",54405,Fijos,False,DANE_ENIG_2006_2007
"Otros aparatos ortopédicos: ojos de cristal, audífonos ortopédicos",11253,Fijos,False,DANE_ENIG_2006_2007
"Tensiómetros (eléctricos, manuales y de otro tipo), estetoscopios, glucómetros",8342,Fijos,False,DANE_ENIG_2006_2007
Reparación de artefactos y equipos terapéuticos,1348,Fijos,False,DANE_ENIG_2006_2007
Consulta médica general con médico particular,11434,Fijos,False,DANE_ENIG_2006_2007
"Consulta médica con especialista particular: pediatría, oftalmología, ginecología, siquiatría, traum",29288,Fijos,False,DANE_ENIG_2006_2007
Servicios de especialistas en ortodoncia,57681,Fijos,False,DANE_ENIG_2006_2007
"Consulta particular con médicos homeópatas, bioenérgeticos y otros no tradicional",21544,Fijos,False,DANE_ENIG_2006_2007
"Servicios odontológicos con odontólogos particulares: consultas, profilaxis, exodoncias (extracción)",52939,Fijos,False,DANE_ENIG_2006_2007
"Servicios para particulares en centros de rayos X: radiografías (incluyendo las dentales), urografía",18834,Fijos,False,DANE_ENIG_2006_2007
"Exámenes de laboratorio para particulares: de sangre, bacteriológicos, serología, etc.",16674,Fijos,False,DANE_ENIG_2006_2007
"Servicios independientes de: acupunturistas, fonoaudiólogos, fisioterapeutas",30381,Fijos,False,DANE_ENIG_2006_2007
Terapia de gimnasia correctiva recetada por médicos,25383,Fijos,False,DANE_ENIG_2006_2007
Baños termales o tratamientos con agua de mar,4047,Fijos,False,DANE_ENIG_2006_2007
"Servicios de enfermería y maternidad en el hogar (partera, comadrona, enfermera privada)",63816,Fijos,False,DANE_ENIG_2006_2007
"Consulta con teguas, empíricos, curanderos, yerbateros, comadronas, etc",5761,Fijos,False,DANE_ENIG_2006_2007
Otros servicios extrahospitalarios: Alquiler de equipo terapéutico,6647,Fijos,False,DANE_ENIG_2006_2007
"Cuotas moderadoras EPS, ARS (medicina, odontología, especialistas, medicamentos, examenes, etc.",11204,Fijos,False,DANE_ENIG_2006_2007
"Bonos de medicina prepagada o pago en efectivo por consultas, odontología, medicamentos, examenes, e",51446,Fijos,False,DANE_ENIG_2006_2007
"Servicios básicos hospitalarios para pacientes particulares internos: alojamiento, alimentación, tra",29987,Fijos,False,DANE_ENIG_2006_2007
"Servicios médicos hospitalarios para particulares: atención de médicos (generales y especialistas), ",23985,Fijos,False,DANE_ENIG_2006_2007
"Servicios médicos menores (pequeña cirugía, cirugía ambulatoria, urgencias, etc.",18994,Fijos,False,DANE_ENIG_2006_2007
Copagos (Pago adicional por hospitalizaciones o cirugias de beneficiarios de EPS),9827,Fijos,False,DANE_ENIG_2006_2007
Compra de vehículos nuevos para uso particular (incluye pagos por nacionalización y otros pagos),1439254,Salidas,False,DANE_ENIG_2006_2007
Compra de vehículos usados para uso particular (incluye pagos por nacionalización y otros pagos),832440,Salidas,False,DANE_ENIG_2006_2007
Gastos de matrículas para vehículo nuevo y de traspaso para vehículos usados,36110,Salidas,False,DANE_ENIG_2006_2007
Compra de motocicletas y bicicletas con motor nuevas o usadas,212481,Salidas,False,DANE_ENIG_2006_2007
Gastos de matrículas o traspaso de motocicletas o bicicletas con motor,9033,Salidas,True,DANE_ENIG_2006_2007
Compra de bicicletas nuevas o usadas,18095,Salidas,False,DANE_ENIG_2006_2007
Animales y vehículos de tracción animal para transporte de personas del hogar,2426,Salidas,True,DANE_ENIG_2006_2007
"Llantas y neumáticos, rines para vehículo",24040,Salidas,False,DANE_ENIG_2006_2007
Motores para vehículo,63858,Salidas,False,DANE_ENIG_2006_2007
"Bujías, inyectores, filtros, amortiguadores, baterías, carburadores, distribuidores de corriente, vi",32761,Salidas,False,DANE_ENIG_2006_2007
"Productos para la limpieza y conservación del vehículo: pintura, limpiadores, shampoo, ceras, ambien",19269,Salidas,False,DANE_ENIG_2006_2007
"Productos y accesorios para carrocería: Pijamas, tapetes, barras de seguridad, ceniceros, etc.",12175,Salidas,False,DANE_ENIG_2006_2007
Herramientas para vehículos de transporte personal,4545,Salidas,True,DANE_ENIG_2006_2007
"Piezas para bicicleta: Llantas, neumáticos, rines, manzanas, cadenas, cambios, piñones, guallas, sil",30305,Salidas,False,DANE_ENIG_2006_2007
Gasolina corriente y extra,188849,Salidas,False,DANE_ENIG_2006_2007
Gas vehicular,244180,Salidas,False,DANE_ENIG_2006_2007
Combustible diesel,255429,Salidas,False,DANE_ENIG_2006_2007
"Aditivos, valvulinas, líquido para frenos, refrigerantes, etc.",10826,Salidas,False,DANE_ENIG_2006_2007
"Mantenimiento y reparaciones efectuadas en el taller: engrase, sincronización, revisiones técnicas, ",86994,Salidas,False,DANE_ENIG_2006_2007
Compra y cambio de aceite,15501,Salidas,False,DANE_ENIG_2006_2007
Servicios de latonería y pintura,37520,Salidas,False,DANE_ENIG_2006_2007
Cuotas a clubes o compañías de servicos especiales para el vehículo,22520,Salidas,False,DANE_ENIG_2006_2007
Pago mensual de parqueadero,42813,Salidas,False,DANE_ENIG_2006_2007
Pago de parqueadero o parquímetro por horas o días,43680,Salidas,False,DANE_ENIG_2006_2007
Peajes,51213,Salidas,False,DANE_ENIG_2006_2007
Gastos en licencias y clases de conducción,15567,Salidas,False,DANE_ENIG_2006_2007
Comparendos y multas por infracciones,90111,Salidas,False,DANE_ENIG_2006_2007
Certificado de gases y otras revisiones ordenadas por ley,3879,Salidas,True,DANE_ENIG_2006_2007
Alquiler de vehículos sin conductor,27631,Salidas,False,DANE_ENIG_2006_2007
Pasaje en tren,36546,Salidas,False,DANE_ENIG_2006_2007
Pasaje en metro,63235,Salidas,False,DANE_ENIG_2006_2007
"Pasaje en bus, buseta y colectivo",80778,Salidas,False,DANE_ENIG_2006_2007
"Pasaje en Transmilenio, MIO, etc",64868,Salidas,False,DANE_ENIG_2006_2007
Taxi urbano,85223,Salidas,False,DANE_ENIG_2006_2007
"Otros transporte urbano: servicio pirata, bicitaxi, mototaxi, funicular, telesfésrico, etc.",40223,Salidas,False,DANE_ENIG_2006_2007
"Pasaje intermunicipal en bus, buseta, colectivo, taxi, aero vans, chiva, campero, etc.",55729,Salidas,False,DANE_ENIG_2006_2007
Pasaje en transporte internacional terrestre,46058,Salidas,False,DANE_ENIG_2006_2007
Transporte de equipajes por vía terrestre,88305,Salidas,False,DANE_ENIG_2006_2007
Alquiler de vehículo con conductor,604987,Salidas,False,DANE_ENIG_2006_2007
Otro tipo de transporte intermunicipal,69153,Salidas,False,DANE_ENIG_2006_2007
Pasaje en transporte interveredal y a ciudades dormitorio,116820,Salidas,False,DANE_ENIG_2006_2007
Transporte escolar prestado por el colegio (con buses propios o con empresa contratada),92026,Salidas,False,DANE_ENIG_2006_2007
Transporte escolar particular contratado por los padres,75579,Salidas,False,DANE_ENIG_2006_2007
Transporte de pasajeros y equipaje en avión (incluye pagos por exceso de equipaje),1171804,Salidas,False,DANE_ENIG_2006_2007
Transporte de pasajeros y equipajes en helicóptero,4453,Salidas,True,DANE_ENIG_2006_2007
"Transporte de pasajeros y equipajes por mar, rios, caños, lagos, etc. En buque, navío, aerodeslizado",49549,Salidas,False,DANE_ENIG_2006_2007
"Transporte de pasajeros y equipajes por mar, rios, caños, lagos, etc. En ferry, planchon, canoa y la",63093,Salidas,False,DANE_ENIG_2006_2007
Gastos por dos o más medios de transporte cuando el gasto no se puede discriminar,73102,Salidas,False,DANE_ENIG_2006_2007
Servicios de remoción de escombros,10635,Salidas,False,DANE_ENIG_2006_2007
Servicios de almacenamiento y depósito de equipaje,795,Salidas,True,DANE_ENIG_2006_2007
Servicio de trasteos y mudanzas,8020,Salidas,True,DANE_ENIG_2006_2007
"Envío de cartas, correspondencia, paquetes o encomiendas por correo (incluye compra de postales con ",21163,Susc.,False,DANE_ENIG_2006_2007
Pago por servicio de envío de giros postales,31015,Susc.,False,DANE_ENIG_2006_2007
Apartado Aéreo,1625,Susc.,False,DANE_ENIG_2006_2007
Compra de teléfonos fijos y accesorios,5631,Susc.,False,DANE_ENIG_2006_2007
Compra de fax,9484,Susc.,False,DANE_ENIG_2006_2007
"Reparación de teléfonos fijos, de fax y de accesorios",1925,Susc.,False,DANE_ENIG_2006_2007
Compra de celular y accesorios,17758,Susc.,False,DANE_ENIG_2006_2007
"Compra de radioteléfono, bepper, Avantel y accesorios",6225,Susc.,False,DANE_ENIG_2006_2007
"Servicios telegráficos: Telegramas, telex y fax",3997,Susc.,False,DANE_ENIG_2006_2007
"Llamadas locales desde teléfonos públicos, cabinas telefónicas y monederos",14580,Susc.,False,DANE_ENIG_2006_2007
"Llamadas de larga distancia nacional o internacional desde teléfonos públicos, cabinas telefónicas, ",14354,Susc.,False,DANE_ENIG_2006_2007
Pago de llamadas por minuto desde celular en la calle a cualquier destino,16845,Susc.,False,DANE_ENIG_2006_2007
Teléfono residencial (local y larga distancia),38669,Susc.,False,DANE_ENIG_2006_2007
Instalación y reconexión de línea telefónica residencial,7520,Susc.,False,DANE_ENIG_2006_2007
Pago de servicio de telefono celular postpago,95865,Susc.,False,DANE_ENIG_2006_2007
Activación y reactivación de teléfono celular,3938,Susc.,False,DANE_ENIG_2006_2007
Pago por servicio de beeper o Avantel,11619,Susc.,False,DANE_ENIG_2006_2007
"Pago por suscripción a internet (banda ancha, acceso telefónico, acceso inalámbrico, etc.)",4552,Susc.,False,DANE_ENIG_2006_2007
Pago de internet según demanda o por tiempo de uso,22389,Susc.,False,DANE_ENIG_2006_2007
Pago por servicio de Internet según plan,61421,Susc.,False,DANE_ENIG_2006_2007
Servicios de café internet,16307,Susc.,False,DANE_ENIG_2006_2007
Pago por descargas de internet y suscripción a páginas web,30574,Susc.,False,DANE_ENIG_2006_2007
Tarjetas prepago para celular,22559,Susc.,False,DANE_ENIG_2006_2007
"Otras tarjetas prepago: local, larga distancia, internet, etc.",17231,Susc.,False,DANE_ENIG_2006_2007
"Equipos de sonido, radiolas y tocadiscos",37438,Salidas,False,DANE_ENIG_2006_2007
Reproductores de CD,12203,Salidas,False,DANE_ENIG_2006_2007
"Radio, radioreloj, grabadoras, radiograbadora",9066,Salidas,True,DANE_ENIG_2006_2007
"Walkman, diskman",17986,Salidas,False,DANE_ENIG_2006_2007
"Radio o equipo de sonido para vehículos (casetera, CD y MP3)",32205,Salidas,False,DANE_ENIG_2006_2007
"Amplificadores de sonido, altavoces, equalizadores, bafles, micrófonos, audífonos, sintonizadores, a",43061,Salidas,False,DANE_ENIG_2006_2007
"Otros equipos para la recepción, grabación y reproducción de sonido",31817,Salidas,False,DANE_ENIG_2006_2007
Televisor blanco y negro,13022,Salidas,False,DANE_ENIG_2006_2007
Televisor a color convencional,33696,Salidas,False,DANE_ENIG_2006_2007
Televisor de plasma o pantalla crsital liquido (LCD),102759,Salidas,False,DANE_ENIG_2006_2007
Antenas de televisión,2943,Salidas,True,DANE_ENIG_2006_2007
VHS,10689,Salidas,False,DANE_ENIG_2006_2007
DVD,11469,Salidas,False,DANE_ENIG_2006_2007
Teatro en casa,15852,Salidas,False,DANE_ENIG_2006_2007
Cámaras fotográficas,31254,Salidas,False,DANE_ENIG_2006_2007
Proyectores de diapositivas,266667,Salidas,False,DANE_ENIG_2006_2007
"Accesorios de fotografía: Flash, lentes, medidores de luz, filtros, trípodes, equipo para revelado, ",7251,Salidas,True,DANE_ENIG_2006_2007
Cámaras de video,60967,Salidas,False,DANE_ENIG_2006_2007
"Proyectores de películas, video beams, proyectores de opacos, acetatos, etc",92313,Salidas,False,DANE_ENIG_2006_2007
"Instrumentos ópticos: Microscopios, telescopios, lupas, binóculos, brújulas, etc",1948,Salidas,True,DANE_ENIG_2006_2007
"Computadores personales, portátiles y de bolsillo",124697,Salidas,False,DANE_ENIG_2006_2007
Monitores,26948,Salidas,False,DANE_ENIG_2006_2007
Impresoras,18815,Salidas,False,DANE_ENIG_2006_2007
Escáner,20433,Salidas,False,DANE_ENIG_2006_2007
"Agendas electrónicas, diccionarios electrónicos y procesadores de texto",70204,Salidas,False,DANE_ENIG_2006_2007
"Reproductores digitales de música, video e imagen (MP3, MP4, Ipod, etc.)",15465,Salidas,False,DANE_ENIG_2006_2007
Máquinas de escribir manuales y eléctricas,2291,Salidas,True,DANE_ENIG_2006_2007
Calculadoras,3039,Salidas,True,DANE_ENIG_2006_2007
"Otros aparatos de tratamiento de información: servidores, etc.",7824,Salidas,True,DANE_ENIG_2006_2007
"Software tipo Office: procesadores de palabra, hojas de cálculo, software para hacer presentaciones ",10141,Salidas,False,DANE_ENIG_2006_2007
"Software especializado: de medicina, financiero, de diseño y dibujo, paquetes estadísticos y similar",36073,Salidas,False,DANE_ENIG_2006_2007
Software de entretenimiento para computadores,12596,Salidas,False,DANE_ENIG_2006_2007
Antivirus,3277,Salidas,True,DANE_ENIG_2006_2007
"Webcam, Dispositivos de joystick y similares, Mouse, Teclados, Parlantes para computador, Cables par",4633,Salidas,True,DANE_ENIG_2006_2007
"Módem, Tarjetas de video, Tarjetas de sonido, unidades de diskette, unidades de DVD",7885,Salidas,True,DANE_ENIG_2006_2007
"Memoria RAM, Procesador, Board, switch de red, disco duro",12289,Salidas,False,DANE_ENIG_2006_2007
"Memoria de USB, memory sticks, tarjetas SD, lectores de SD",10534,Salidas,False,DANE_ENIG_2006_2007
"Otros accesorios para computador: Forros, Pad mouse, etc.",6326,Salidas,True,DANE_ENIG_2006_2007
Casetes pregrabados de audio,15801,Salidas,False,DANE_ENIG_2006_2007
Casetes pregrabados de video,10477,Salidas,False,DANE_ENIG_2006_2007
Disquetes pregrabados (excluir software y videojuegos),9077,Salidas,True,DANE_ENIG_2006_2007
CD´s y DVD´s pregrabados (excluir software y videojuegos),18962,Salidas,False,DANE_ENIG_2006_2007
Discos de acetato pregrabados,26191,Salidas,False,DANE_ENIG_2006_2007
"Cintas, casetes, CD´s, DVD´s y disquetes vírgenes",11084,Salidas,False,DANE_ENIG_2006_2007
"Material para uso fotográfico: Rollos, cartuchos, discos vírgenes para uso otográfico y cinematográf",13908,Salidas,False,DANE_ENIG_2006_2007
Reparación de equipos y accesorios audiovisuales,7028,Salidas,True,DANE_ENIG_2006_2007
Reparación de equipos y accesorios fotográficos,20490,Salidas,False,DANE_ENIG_2006_2007
"Equipo y accesorios para deportes: pesas, balones, mallas, bicicletas estáticas, mesas de ping pong,",6434,Salidas,True,DANE_ENIG_2006_2007
"Instrumentos musicales: Armónicas, flautas, maracas, tambores, baterías, guitarras, órganos, pianos,",21642,Salidas,False,DANE_ENIG_2006_2007
Accesorios para instrumentos musicales,37084,Salidas,False,DANE_ENIG_2006_2007
Mantenimiento y reparación de instrumentos musicales y de equipos relacionados con deportes y ocio t,9451,Salidas,True,DANE_ENIG_2006_2007
"Juegos de mesa: cartas, naipes, dominó, ajedrez, parqués, damas chinas, rumi-q, etc.",1913,Salidas,True,DANE_ENIG_2006_2007
"Juguetes: carros, trenes, muñecas, loterias, peluches, rompecabezas, sonajeros,  armatodos, bromas, ",25049,Salidas,False,DANE_ENIG_2006_2007
"Bicicletas para niño(a), triciclos, columpios",9033,Salidas,True,DANE_ENIG_2006_2007
"Consolas para juegos electrónicos: Play Station, nintendos, X-box, gameboy, etc.",39427,Salidas,False,DANE_ENIG_2006_2007
Casetes y CD ROM de video juegos,12905,Salidas,False,DANE_ENIG_2006_2007
"Disfraces (vestidos, máscaras, accesorios)",3541,Salidas,True,DANE_ENIG_2006_2007
"Adornos navideños (árboles de navidad, guirnaldas, etc), pólvora y fuegos artificiales",5562,Salidas,True,DANE_ENIG_2006_2007
"Artículos para fiestas: piñatas, serpentinas, confetis, bombas plásticas, recordatorios, etc.",38374,Salidas,False,DANE_ENIG_2006_2007
"Artículos de colección: monedas, estampillas, álbumes para estampillas, billetes, etc.",6003,Salidas,True,DANE_ENIG_2006_2007
"Equipo y accesorios para camping: carpas, colchonetas aislantes o térmicas, linternas, asadores o es",5620,Salidas,True,DANE_ENIG_2006_2007
"Calzado para deportes: patines, guayos, zapatos para golf, zapatillas para atletismo, clavos para al",30099,Salidas,False,DANE_ENIG_2006_2007
"Equipos para pesca y caza: cañas y otros equipos para pescar, armas de fuego y municiones",6343,Salidas,True,DANE_ENIG_2006_2007
Flores sueltas o por docena,52980,Salidas,False,DANE_ENIG_2006_2007
"Plantas naturales: Ramos de flores, matas, arbustos",13773,Salidas,False,DANE_ENIG_2006_2007
"Coronas, flores para funerales, hojas verdes",4042,Salidas,True,DANE_ENIG_2006_2007
Plantas artificiales: Flores (sueltas o en ramo) y matas,24535,Salidas,False,DANE_ENIG_2006_2007
"Semillas, bulbos de plantas, césped, fertilizantes, fungicidas, abonos, materas, macetas y tiestos p",21465,Salidas,False,DANE_ENIG_2006_2007
"Animales domésticos y mascotas: perros, gatos, pájaros, conejos, peces, etc.",3259,Salidas,True,DANE_ENIG_2006_2007
Alimentos para animales domésticos y mascotas,30496,Salidas,False,DANE_ENIG_2006_2007
"Productos para animales domésticos y mascotas, productos de veterinaria, para el cuidado e higiene (",22710,Salidas,False,DANE_ENIG_2006_2007
"Servicios de veterinaria y de otro tipo para animales domésticos: cuidado, salón",40584,Salidas,False,DANE_ENIG_2006_2007
"Entrada a Ferias (del libro, artesanal, etc)",24275,Salidas,False,DANE_ENIG_2006_2007
"Gastos en parques, parques de diversiones, juegos mecánicos (no incluir pago de paquetes de paseos d",44474,Salidas,False,DANE_ENIG_2006_2007
Gastos en bazares y fiestas populares,37702,Salidas,False,DANE_ENIG_2006_2007
"Servicio de profesores o instructores particulares en clases recreativas y deportivas (bridge, ajedr",72179,Salidas,False,DANE_ENIG_2006_2007
"Servicio de profesores o instructores particulares en clases de formación artístartística (música, b",37349,Salidas,False,DANE_ENIG_2006_2007
"Gastos en fiestas del hogar (matrimonios, cumpleaños, bautizos, navidad)",43564,Salidas,False,DANE_ENIG_2006_2007
Gastos en juegos electrónicos y maquinitas (daytona y otras) en estableciemientos públicos,39402,Salidas,False,DANE_ENIG_2006_2007
Entrada a espectáculos deportivos,32452,Salidas,False,DANE_ENIG_2006_2007
"Alquiler de instalaciones o canchas deportivas para la práctica de deportes (bolos, tenis, golfito, ",97358,Salidas,False,DANE_ENIG_2006_2007
Pago por servicios de gimnasio,12989,Salidas,False,DANE_ENIG_2006_2007
Cuotas a clubes sociales y deportivos,129612,Salidas,False,DANE_ENIG_2006_2007
"Servicio de billar, tejo, rana y ping pong",57640,Salidas,False,DANE_ENIG_2006_2007
"Alquiler de equipo, accesorios y calzado para deporte y recreación",10564,Salidas,False,DANE_ENIG_2006_2007
Entradas a cine,32106,Salidas,False,DANE_ENIG_2006_2007
Entradas a teatro,49903,Salidas,False,DANE_ENIG_2006_2007
"Entradas a espectáculos musicales: conciertos, óperas, ballets, zarzuela, etc.",16131,Salidas,False,DANE_ENIG_2006_2007
Entradas a circos y otros espectáculos afines,5930,Salidas,True,DANE_ENIG_2006_2007
Entradas a plazas de toros,28350,Salidas,False,DANE_ENIG_2006_2007
"Entradas a museos, galerías de arte y exhibiciones",20830,Salidas,False,DANE_ENIG_2006_2007
"Entradas a bibliotecas, hemerotecas y archivos",60552,Salidas,False,DANE_ENIG_2006_2007
Entradas a parques nacionales y Reservas naturales,4960,Salidas,True,DANE_ENIG_2006_2007
"Entradas a jardines botánicos, zoológicos y acuarios",19475,Salidas,False,DANE_ENIG_2006_2007
"Entradas a monumentos nacionales (sitios históricos, etc) y zonas arqueológicas",5369,Salidas,True,DANE_ENIG_2006_2007
"Suscripción, instalación, conexión o reconexión a televisión por cable, satelital, digitalizada o an",2498,Salidas,True,DANE_ENIG_2006_2007
"Pago por servicio de televisión por cable, satelital, digitalizada o antena parabolica",22685,Salidas,False,DANE_ENIG_2006_2007
"Alquiler de TV y equipos de video: televisores, reproductoras de video, radios, etc.",17051,Salidas,False,DANE_ENIG_2006_2007
"Alquiler de películas, videos musicales y videojuegos",9444,Salidas,True,DANE_ENIG_2006_2007
"Servicios fotográficos: fotografías, revelado, ampliaciones, impresión de fotografías digitales, ser",25013,Salidas,False,DANE_ENIG_2006_2007
"Otros servicios culturales: músicos, payasos, recreacionistas y otros",4301,Salidas,True,DANE_ENIG_2006_2007
"Loterías, chance, baloto y similares",26402,Salidas,False,DANE_ENIG_2006_2007
Rifas y sorteos (diferentes a loterías),17988,Salidas,False,DANE_ENIG_2006_2007
"Casinos, máquinas tragamonedas y bingos",65108,Salidas,False,DANE_ENIG_2006_2007
Libros sueltos de lectura,51603,Salidas,False,DANE_ENIG_2006_2007
Atlas y diccionarios,7375,Salidas,True,DANE_ENIG_2006_2007
"Enciclopedias, obras completas y colecciones",11017,Salidas,False,DANE_ENIG_2006_2007
"Fascículos y tomos de enciclopedias, obras completas o colecciones",136008,Salidas,False,DANE_ENIG_2006_2007
Encuadernación de libros,12351,Salidas,False,DANE_ENIG_2006_2007
Libros técnicos y libros especializados,96385,Salidas,False,DANE_ENIG_2006_2007
Lista de útiles escolares completa,11263,Salidas,False,DANE_ENIG_2006_2007
"Libros de texto: textos guías para clase (incluye libros de literatura, poesía, etc, requeridos en c",8650,Salidas,True,DANE_ENIG_2006_2007
Compra diaria de periódicos,15116,Salidas,False,DANE_ENIG_2006_2007
Suscripción a periódicos,10267,Salidas,False,DANE_ENIG_2006_2007
"Compra de revistas sueltas, fotonovelas, cuentos y cuadernillos para colorear",8142,Salidas,True,DANE_ENIG_2006_2007
Suscripción a revistas y otras publicaciones periódicas,7953,Salidas,True,DANE_ENIG_2006_2007
"Catálogos, material publicitario, tarjetas de invitación o felicitación, arteles, postales, calendar",23603,Salidas,False,DANE_ENIG_2006_2007
Mapas y globos terráqueos,1020,Salidas,True,DANE_ENIG_2006_2007
"Cuadernos (cosidos, grapados, argollados, plastificados, etc.) y blocks",18649,Salidas,False,DANE_ENIG_2006_2007
"Libretas, agendas, diarios personales y libros de contabilidad",5100,Salidas,True,DANE_ENIG_2006_2007
"Hojas sueltas de papel (oficio, carta, cuadriculado, mantequilla, carbón), cartulina y otro tipo de ",5252,Salidas,True,DANE_ENIG_2006_2007
Resmas de papel (carta u oficio),9375,Salidas,True,DANE_ENIG_2006_2007
"Otros artículos de papeleria: fólderes, sobres (carta o manila), forros, rótulos",6726,Salidas,True,DANE_ENIG_2006_2007
"Lápices, portaminas, minas, talápices y borradores",4103,Salidas,True,DANE_ENIG_2006_2007
"Bolígrafos, plumasters, estilógrafos, plumas, marcadores y resaltadores",3980,Salidas,True,DANE_ENIG_2006_2007
"Tintas (para estilógrafo, china y otras), plantillas de dibujo, almohadillas, líquidos correctores, ",16869,Salidas,False,DANE_ENIG_2006_2007
"Lienzos, telas para dibujo y pintura",69598,Salidas,False,DANE_ENIG_2006_2007
Pinceles para dibujo,3380,Salidas,True,DANE_ENIG_2006_2007
"Vinilos, témperas, acuarelas, óleos, carboncillos, cajas de colores, crayolas, plastilina, otras pin",7071,Salidas,True,DANE_ENIG_2006_2007
"Otros artículos para manualidades (repujadores, troqueladores, enrolladores, etc",16803,Salidas,False,DANE_ENIG_2006_2007
"Perforadoras, cortadoras, tijeras, grapadoras",679,Salidas,True,DANE_ENIG_2006_2007
"Pegamentos, cintas, colbones, gomas, adhesivos, bisturís, grapas, clips, broches",3784,Salidas,True,DANE_ENIG_2006_2007
"Reglas, escuadras, compaces, transportadores y otros instrumentos de geometría.",6840,Salidas,True,DANE_ENIG_2006_2007
"Estuches para lápices, pizarras, tiza, yeso para actividades educativas, madera balso etc.",5524,Salidas,True,DANE_ENIG_2006_2007
"Paquetes turísticos completos: Gira turística completa (incluye pasajes, alojamiento, alimentación, ",159853,Salidas,False,DANE_ENIG_2006_2007
"Pago de paquete por viajes de excursión, peregrinaje o convivencia de menos de un día (sin pernoctar",24437,Salidas,False,DANE_ENIG_2006_2007
Matrícula e inscripción en preescolar,8467,Fijos,False,DANE_ENIG_2006_2007
Pensiones en preescolar,78088,Fijos,False,DANE_ENIG_2006_2007
Bonos escolares en preescolar,2607,Fijos,False,DANE_ENIG_2006_2007
Asociación de padres de familia en preescolar,1998,Fijos,False,DANE_ENIG_2006_2007
"Uniformes (diario, gala, deportes) en preescolar",7257,Fijos,False,DANE_ENIG_2006_2007
"Otros gastos en preescolar no especificados anteriormente (aportes para rifas, eventos especiales y ",19257,Fijos,False,DANE_ENIG_2006_2007
Matrícula e inscripción en primaria,8040,Fijos,False,DANE_ENIG_2006_2007
Pensiones en primaria,105816,Fijos,False,DANE_ENIG_2006_2007
Bonos escolares en primaria,9041,Fijos,False,DANE_ENIG_2006_2007
Asociación de padres de familia en primaria,2161,Fijos,False,DANE_ENIG_2006_2007
"Uniformes (diario, gala, deportes) en primaria",8364,Fijos,False,DANE_ENIG_2006_2007
"Otros gastos en primaria no especificados anteriormente (aportes para rifas, eventos especiales y co",12210,Fijos,False,DANE_ENIG_2006_2007
Matrícula e inscripción en educación para niños con necesidades educativas especiales,9322,Fijos,False,DANE_ENIG_2006_2007
Pensiones en educación de niños con necesidades educativas especiales,82906,Fijos,False,DANE_ENIG_2006_2007
"Otros gastos en enseñanza de niños con necesidades educativas especiales (aportes para rifas, evento",14064,Fijos,False,DANE_ENIG_2006_2007
Matriculas e inscripción en secundaria,11128,Fijos,False,DANE_ENIG_2006_2007
Pensiones en secundaria,134036,Fijos,False,DANE_ENIG_2006_2007
Bonos escolares en secundaria,4987,Fijos,False,DANE_ENIG_2006_2007
Asociación de padres de familia en secundaria,2429,Fijos,False,DANE_ENIG_2006_2007
"Uniformes (diario, gala, deportes) en secundaria",10093,Fijos,False,DANE_ENIG_2006_2007
"Otros gastos en secundaria no especificados anteriormente (aportes para rifas, eventos especiales y ",22558,Fijos,False,DANE_ENIG_2006_2007
Inscripciones y matrículas en carreras universitarias (no incluye postgrado),198144,Fijos,False,DANE_ENIG_2006_2007
Inscripciones y matrículas en carreras técnicas y tecnológicas,64294,Fijos,False,DANE_ENIG_2006_2007
"Inscripciones y matrículas en postgrados (especialización, maestría, doctorado)",259080,Fijos,False,DANE_ENIG_2006_2007
Otros gastos en educación superior (pregrados y postgrados),63566,Fijos,False,DANE_ENIG_2006_2007
"Cursos de educación no formal en academias o instituciones de idiomas, informática, moda y confecció",140413,Fijos,False,DANE_ENIG_2006_2007
Cursos de educación no formal en academias o instituciones de deportes,99659,Fijos,False,DANE_ENIG_2006_2007
Cursos de educación no formal en academias o instituciones de formación artística,134858,Fijos,False,DANE_ENIG_2006_2007
"Diplomados, educación continuada, preicfes, preuniversitarios",36068,Fijos,False,DANE_ENIG_2006_2007
Educación para adultos y validaciones,8419,Fijos,False,DANE_ENIG_2006_2007
Pago a instituciones por asesoría de tareas,69323,Fijos,False,DANE_ENIG_2006_2007
Clases académicas dictadas por particulares,40270,Fijos,False,DANE_ENIG_2006_2007
Desayunos completos,45806,Salidas,False,DANE_ENIG_2006_2007
Almuerzos completos,117264,Salidas,False,DANE_ENIG_2006_2007
Comidas completas,64294,Salidas,False,DANE_ENIG_2006_2007
"Tiquetera para alimentos preparados, excepto en establecimientos educativos",84794,Salidas,False,DANE_ENIG_2006_2007
"Platos diversos: Pollo asado, carne asada, arroz chino, lechona y similares",43457,Salidas,False,DANE_ENIG_2006_2007
"Bebidas calientes en cafeterías y similares: Tinto, café con leche, chocolate, té, bebida achocolata",11158,Salidas,False,DANE_ENIG_2006_2007
Gaseosa y otros refrescos,17823,Salidas,False,DANE_ENIG_2006_2007
Jugos naturales,10177,Salidas,False,DANE_ENIG_2006_2007
Leche tomada fuera del hogar,7521,Salidas,True,DANE_ENIG_2006_2007
"Yogurt, kumis",8251,Salidas,True,DANE_ENIG_2006_2007
"Masato, mazamorra, chicha, avena helada, malteada, agua de panela fria y similar",5896,Salidas,True,DANE_ENIG_2006_2007
Agua mineral,8177,Salidas,True,DANE_ENIG_2006_2007
"Helados, paletas, conos y similares",12223,Salidas,False,DANE_ENIG_2006_2007
"Ensaladas de frutas, frutas sueltas, fresas con crema",13756,Salidas,False,DANE_ENIG_2006_2007
Galletas de sal y de dulce,5516,Salidas,True,DANE_ENIG_2006_2007
"Pan, almojábanas, buñuelos, pandeyucas, arepas y similares",14741,Salidas,False,DANE_ENIG_2006_2007
"Emparedados, empanadas, bollos, envueltos, tamales, pastel de pollo, perros calientes, hamburguesas,",22021,Salidas,False,DANE_ENIG_2006_2007
"Brownies, obleas, ponques, bizcochos, milhojas y similares",9879,Salidas,True,DANE_ENIG_2006_2007
"Productos de salsamentaria y fritanga: chorizos, jamones, rellenas y similares",9076,Salidas,True,DANE_ENIG_2006_2007
"Quesos, cuajadas y quesillos",12882,Salidas,False,DANE_ENIG_2006_2007
Huevos preparados,4084,Salidas,True,DANE_ENIG_2006_2007
"Arequipes, bocadillos, gelatinas y similares",5176,Salidas,True,DANE_ENIG_2006_2007
"Frituras: papas fritas, chitos, patacones y similares",7520,Salidas,True,DANE_ENIG_2006_2007
"Dulces, confites, chocolatinas, bombones",6861,Salidas,True,DANE_ENIG_2006_2007
"Cócteles de camarones, ostras y similares",15078,Salidas,False,DANE_ENIG_2006_2007
"Onces, medias nueves, media mañana, algo, entredía, recreo",31316,Salidas,False,DANE_ENIG_2006_2007
"Gastos en discotecas, bares, griles, tabernas y similares (comida, bebidas, cover)",74224,Salidas,False,DANE_ENIG_2006_2007
"Gastos en bebidas alcohólicas (cerveza, aguardiente, ron, etc) en tiendas, fondas rurales y al aire ",59038,Salidas,False,DANE_ENIG_2006_2007
"Pago mensual por alimentación de estudiantes en establecimiento educativo (restaurantes escolares, u",61901,Salidas,False,DANE_ENIG_2006_2007
Pago en comedores comunitarios,13547,Salidas,False,DANE_ENIG_2006_2007
"Pago de alimentos recibidos por niños menores de 3 años en jardín, preescolar, guardería",15423,Salidas,False,DANE_ENIG_2006_2007
Valor imputado de alimentos que pagaria a precios de mercado para menores de 3 años,73104,Salidas,False,DANE_ENIG_2006_2007
Pago de alimentos recibidos por personas de 3 años y más en el plantel,8481,Salidas,True,DANE_ENIG_2006_2007
Valor imputado de alimentos que pagaria a precios de mercado para personas de 3 años y más,56474,Salidas,False,DANE_ENIG_2006_2007
"Servicios de alojamiento en hoteles, pensiones, posadas y hostales",200161,Salidas,False,DANE_ENIG_2006_2007
Servicios de alojamiento en moteles y residencias,72244,Salidas,False,DANE_ENIG_2006_2007
"Servicios de alojamiento en Centros de vacaciones, cabañas, apartamentos, servicios de alquiler en t",29878,Salidas,False,DANE_ENIG_2006_2007
Servicios de alojamiento por motivo de enseñanza: internados de colegios; residencias estudiantiles;,259896,Salidas,False,DANE_ENIG_2006_2007
Corte de pelo para hombres y niños,6177,Fijos,False,DANE_ENIG_2006_2007
Afeitado en barberías,5545,Fijos,False,DANE_ENIG_2006_2007
"Corte de pelo, peinado y alizado para mujeres y niñas",12582,Fijos,False,DANE_ENIG_2006_2007
Tratamientos capilares y faciales,22476,Fijos,False,DANE_ENIG_2006_2007
Manicure y pedicure,11592,Fijos,False,DANE_ENIG_2006_2007
"Teñido de cabello, permanentes y desrizados en salon de belleza",34971,Fijos,False,DANE_ENIG_2006_2007
"Saunas, turcos y masajes no terapéuticos",31582,Fijos,False,DANE_ENIG_2006_2007
Depilaciones,15970,Fijos,False,DANE_ENIG_2006_2007
"Otros tratamientos de belleza: bronceado en cámara, etc",61254,Fijos,False,DANE_ENIG_2006_2007
"Máquinas eléctricas de afeitar, para cortar el pelo y depiladoras",5129,Fijos,False,DANE_ENIG_2006_2007
Pinzas y secadores eléctricos,6921,Fijos,False,DANE_ENIG_2006_2007
"Otros aparatos eléctricos para el cuidado personal: cepillos de dientes, vaporizdores, artículos elé",4584,Fijos,False,DANE_ENIG_2006_2007
Reparación de aparatos eléctricos para el cuidado personal,1892,Fijos,False,DANE_ENIG_2006_2007
"Máquina de afeitar no desechables, cuchillas y repuestos para máquinas de afeitar desechables, depil",4065,Fijos,False,DANE_ENIG_2006_2007
Balanzas personales o pesas,3514,Fijos,False,DANE_ENIG_2006_2007
Jabones de tocador líquidos y en barra,3971,Fijos,False,DANE_ENIG_2006_2007
"Champús, acondicionadores, bálsamos, enjuagues, cremas y tratamientos para el cabello (excluir los p",11785,Fijos,False,DANE_ENIG_2006_2007
"Cremas de afeitar (tubo, aerosol, gel) y lociones para después de la afeitada",8901,Fijos,False,DANE_ENIG_2006_2007
"Desodorantes (crema, barra, roll-on, aerosol)",8156,Fijos,False,DANE_ENIG_2006_2007
"Perfumes, colonias y lociones",53036,Fijos,False,DANE_ENIG_2006_2007
"Artículos para la higiene corporal del bebé: Aceites, cremas, champús, bálsamos, , jabones, colonias",18347,Fijos,False,DANE_ENIG_2006_2007
Otros artículos para higiene corporal,9743,Fijos,False,DANE_ENIG_2006_2007
"Cepillos de dientes, hilo y seda dental",5773,Fijos,False,DANE_ENIG_2006_2007
Crema dental y enjuague bucal,5051,Fijos,False,DANE_ENIG_2006_2007
"Otros artículos para la higiene oral (blanqueadores, ceras, etc)",6474,Fijos,False,DANE_ENIG_2006_2007
"Bases para la cara, polvos faciales, pestañinas, labiales, lápices de ceja, delineadores, sombras y ",17862,Fijos,False,DANE_ENIG_2006_2007
"Esmaltes, quitaesmaltes y diluyentes",4719,Fijos,False,DANE_ENIG_2006_2007
"Cremas (nutritivas, limpiadoras, hidratantes, etc.), talcos y polvos para el cueerpo y los pies, bro",17038,Fijos,False,DANE_ENIG_2006_2007
Tinturas para el cabello,14082,Fijos,False,DANE_ENIG_2006_2007
Otros productos de belleza,22972,Fijos,False,DANE_ENIG_2006_2007
Papel higiénico,7138,Fijos,False,DANE_ENIG_2006_2007
"Algodón, esponjas para el cuerpo y copitos",2438,Fijos,False,DANE_ENIG_2006_2007
"Toallas desechables: de mano, de cocina, pañuelos desechables, pañitos húmedos",6205,Fijos,False,DANE_ENIG_2006_2007
"Toallas sanitarias, protectores y tampones",5708,Fijos,False,DANE_ENIG_2006_2007
"Protectores para brassier, mamadores, succionadores y pezoneras",7977,Fijos,False,DANE_ENIG_2006_2007
Pañales desechables,20285,Fijos,False,DANE_ENIG_2006_2007
Pañales para incontinencia,25597,Fijos,False,DANE_ENIG_2006_2007
Otros productos para el aseo personal,7390,Fijos,False,DANE_ENIG_2006_2007
Servicios prestados por personas para entretenimiento privado de adultos (strippers y otros),25399,Fijos,False,DANE_ENIG_2006_2007
"Anillos, argollas, sortijas, aretes, pendientes, prendedores y alfileres para corbata, mancornas en ",28431,Fijos,False,DANE_ENIG_2006_2007
"Collares, cadenas, gargantillas, pulseras y manillas en oro y plata.",24510,Fijos,False,DANE_ENIG_2006_2007
Piedras preciosas,49675,Fijos,False,DANE_ENIG_2006_2007
"Reparación de artículos de oro, plata y piedras preciosas.",17351,Fijos,False,DANE_ENIG_2006_2007
"Relojes de mesa o pared y despertadores, termómetros y barómetros de pared",4168,Fijos,False,DANE_ENIG_2006_2007
"Relojes de pulso, de bolsillo y cronómetros",7726,Fijos,False,DANE_ENIG_2006_2007
"Reparación de relojes, cronómetros, termómetros y barómetros de pared",1676,Fijos,False,DANE_ENIG_2006_2007
"Anillos, argollas, sortijas, aretes, pendientes, prendedores de fantasía.",5846,Fijos,False,DANE_ENIG_2006_2007
"Collares, cadenas, gargantillas, pulseras y manillas de fantasía",7009,Fijos,False,DANE_ENIG_2006_2007
Reparación de artículos de fantasía,2122,Fijos,False,DANE_ENIG_2006_2007
"Maletines, portafolios y bolsos de viaje",20685,Fijos,False,DANE_ENIG_2006_2007
Carteras y bolsos de mano,16588,Fijos,False,DANE_ENIG_2006_2007
"Billeteras, monederos, tarjeteros de bolsillo y portabilletes",10155,Fijos,False,DANE_ENIG_2006_2007
Bolsos y mochilas para estudiantes,14079,Fijos,False,DANE_ENIG_2006_2007
Reparación de artículos de viaje y para el transporte de efectos personales,3433,Fijos,False,DANE_ENIG_2006_2007
"Coches, caminadores, sillas, sillas para vehículo, cestos y hamacas para bebé",41068,Fijos,False,DANE_ENIG_2006_2007
Portabebés delanteros y de espalda,9296,Fijos,False,DANE_ENIG_2006_2007
Monitores e intercomunicadores para bebé,13043,Fijos,False,DANE_ENIG_2006_2007
"Chupos, mamilas, entretenedores",2778,Fijos,False,DANE_ENIG_2006_2007
Pañaleras,8698,Fijos,False,DANE_ENIG_2006_2007
"Otros artículos para bebé (bañeras, correas para bebé, etc)",9838,Fijos,False,DANE_ENIG_2006_2007
Reparación de artículos para bebé,47236,Fijos,False,DANE_ENIG_2006_2007
"Artículos para fumador: Pipas, encendedores no desechables, pitilleras y cortapuros",1186,Fijos,False,DANE_ENIG_2006_2007
"Artículos personales varios: gafas de sol, lentes de contacto cosmeticos, bastones, paraguas y sombr",21342,Fijos,False,DANE_ENIG_2006_2007
"Artículos de funeraria: Ataúdes, lápidas y urnas",51342,Fijos,False,DANE_ENIG_2006_2007
"Residencias para ancianos, hogares geriátricos, hogares para personas con limitaciones físicas o men",215205,Fijos,False,DANE_ENIG_2006_2007
Asistencia en el hogar para el cuidado y mantenimiento de personas con limitaciones,105286,Fijos,False,DANE_ENIG_2006_2007
"Pagos mensuales en guardería o salacunas: pensión, alimentación, etc",42046,Fijos,False,DANE_ENIG_2006_2007
"Pagos anuales en guarderías o salacunas: matrícula, materiales, etc",8101,Fijos,False,DANE_ENIG_2006_2007
Cuidado de niños fuera del hogar (niñeras fuera del hogar),48864,Fijos,False,DANE_ENIG_2006_2007
Pago mensual por seguridad social en salud en regímenes contributivo o especial,70308,Fijos,False,DANE_ENIG_2006_2007
"Pagos adicionales de EPS, diferentes al nucleo familiar (UPC)",42868,Fijos,False,DANE_ENIG_2006_2007
Pago mensual por afiliación al fondo de pensiones,45583,Fijos,False,DANE_ENIG_2006_2007
Aportes voluntarios a fondos de pensiones y cesantías,134908,Fijos,False,DANE_ENIG_2006_2007
Seguro de vida y de educación (ahorro programado),19262,Fijos,False,DANE_ENIG_2006_2007
"Seguro relacionado con la vivienda (robo, incendio, terremoto, terrorismo, etc)",12159,Fijos,False,DANE_ENIG_2006_2007
Pago anual por medicina prepagada,139480,Fijos,False,DANE_ENIG_2006_2007
Seguro estudiantil,1422,Fijos,False,DANE_ENIG_2006_2007
"Seguros relacionados con la salud: Médico, Maternidad, Neonatal, ambulancia, de accidentes, etc.",14070,Fijos,False,DANE_ENIG_2006_2007
Pago de Seguro Obligatorio SOAT,18090,Fijos,False,DANE_ENIG_2006_2007
Pago de Seguro de vehículos contra todo riesgo,63033,Fijos,False,DANE_ENIG_2006_2007
"Otros Seguros relacionados con el transporte: Seguro de Vuelo, Seguro de viaje y equipaje",156245,Fijos,False,DANE_ENIG_2006_2007
Otros seguros: Seguros de responsabilidad civil por lesiones o daños a terceros,7147,Fijos,False,DANE_ENIG_2006_2007
Pago de póliza de cumplimiento por contrato a término fijo,87548,Fijos,False,DANE_ENIG_2006_2007
Comisiones bancarias por transferencias y giros,12642,Fijos,False,DANE_ENIG_2006_2007
"Compra, custodia y corretaje de valores, títulos financieros, CDT´s y acciones",782774,Fijos,False,DANE_ENIG_2006_2007
Cuota de manejo de tarjeta débito o crédito,18792,Fijos,False,DANE_ENIG_2006_2007
Cuotas por crédito para adquisición de vehículos,465431,Fijos,False,DANE_ENIG_2006_2007
"Cuotas o pagos por préstamos de consumo realizados a Bancos, Cooperativas y Fondos (excluir cuotas d",353603,Fijos,False,DANE_ENIG_2006_2007
"Pago del ultimo recibo por tarjetas de crédito (Diners, Credibanco, Visa, etc.),",302318,Fijos,False,DANE_ENIG_2006_2007
Cuotas de amortización de vivienda para uso del hogar diferentes a la que habita,543556,Fijos,False,DANE_ENIG_2006_2007
Cuotas mensuales por adquisición de bienes raíces diferentes a vivienda,379504,Fijos,False,DANE_ENIG_2006_2007
Cuotas o pagos por préstamos adquiridos con particulares y organizaciones del sector no financiero,194519,Fijos,False,DANE_ENIG_2006_2007
Compra de vivienda,5287555,Fijos,False,DANE_ENIG_2006_2007
"Compra de terrenos, lotes, locales, fincas, parcelas y similares",1186847,Fijos,False,DANE_ENIG_2006_2007
Dineros ahorrados el último mes,687419,Fijos,False,DANE_ENIG_2006_2007
Dineros dados en préstamo a otras personas,573705,Fijos,False,DANE_ENIG_2006_2007
Otros Servicios de Intermediación Financiera,465562,Fijos,False,DANE_ENIG_2006_2007
"Cuota de amortización de la vivienda propia, pagándose que habita el hogar",394732,Fijos,False,DANE_ENIG_2006_2007
"Pagos a bancos e instituciones financieras, casas de cambios, etc, por chequeras",98575,Fijos,False,DANE_ENIG_2006_2007
Cuotas o pagos directos a almacenes y distribuidores por compras a crédito (cluye tarjetas de crédit,110460,Fijos,False,DANE_ENIG_2006_2007
"Honorarios y cargos por servicios de agentes, asesores de inversión, consultores",51097,Fijos,False,DANE_ENIG_2006_2007
"Pagos de honorarios por: asesoría jurídicas, contratación de personal para el hogar, agencias matrim",50976,Fijos,False,DANE_ENIG_2006_2007
Pago por publicación en el diario oficial por contrato a término fijo,149556,Fijos,False,DANE_ENIG_2006_2007
"Certificados y documentos administrativos: Cédula de ciudadanía, pasaporte, visas, tarjetas profesio",10689,Fijos,False,DANE_ENIG_2006_2007
"Cuotas a asociaciones profesionales, partidos políticos, juntas de acción comunal, aportes y donacio",54519,Fijos,False,DANE_ENIG_2006_2007
Cuotas a instituciones religiosas y diezmo,40482,Fijos,False,DANE_ENIG_2006_2007
"Derechos religiosos y civiles por entierros,matrimonios, gastos en pompas fúnebres y en otros servic",19884,Fijos,False,DANE_ENIG_2006_2007
Pago por noticias y anuncios en la prensa y en páginas web,4843,Fijos,False,DANE_ENIG_2006_2007
Pago por servicio de baños públicos,3832,Fijos,False,DANE_ENIG_2006_2007
"Servicio de fotocopias, reducciones, ampliaciones, laminaciones, argollados, impresión de hojas y do",11103,Fijos,False,DANE_ENIG_2006_2007
Servicio de coteros o cargadores,14555,Fijos,False,DANE_ENIG_2006_2007
Impuesto predial y de valorización de la(s) vivienda(s) ocupada(s) por el hogar,19745,Fijos,False,DANE_ENIG_2006_2007
Impuestos del vehiculo,22329,Fijos,False,DANE_ENIG_2006_2007
Impuesto de renta,31998,Fijos,False,DANE_ENIG_2006_2007
Otros impuestos (impuesto de timbre),7642,Fijos,False,DANE_ENIG_2006_2007
"Impuesto de industria, comercio y avisos -ICA- o impuesto al valor agregado -IVA",59082,Fijos,False,DANE_ENIG_2006_2007
Pago o descuento por retención en la fuente,97642,Fijos,False,DANE_ENIG_2006_2007
Pago o descuento por fondo de solidaridad pensional,25666,Fijos,False,DANE_ENIG_2006_2007
Mesadas a estudiantes y personas no perceptoras de ingresos para gastos diarios,59568,Fijos,False,DANE_ENIG_2006_2007
Remesas de dinero a otros hogares para sostenimiento de personas a cargo del hogar,259739,Fijos,False,DANE_ENIG_2006_2007
"Planes de protección social a personas ajenas al hogar (Plan Canitas, Gotas de agua)",4552,Fijos,False,DANE_ENIG_2006_2007
Arroz para seco,29917,Salidas,False,DANE_ENIG_2006_2007
Arroz para sopa,1488,Salidas,True,DANE_ENIG_2006_2007
Arroz integral,356,Salidas,True,DANE_ENIG_2006_2007
"Pastas o fideos para sopa: letras, conchitas, etc.",4640,Salidas,True,DANE_ENIG_2006_2007
"Pastas para seco: espaguetis, raviolis, macarrones, tallarines, etc.",4689,Salidas,True,DANE_ENIG_2006_2007
Avena molida,1971,Salidas,True,DANE_ENIG_2006_2007
Avena en hojuelas,1782,Salidas,True,DANE_ENIG_2006_2007
Cebada perlada,845,Salidas,True,DANE_ENIG_2006_2007
Cuchuco de cebada,742,Salidas,True,DANE_ENIG_2006_2007
Cuchuco de trigo,313,Salidas,True,DANE_ENIG_2006_2007
Harina de trigo,3381,Salidas,True,DANE_ENIG_2006_2007
Salvado de trigo,540,Salidas,True,DANE_ENIG_2006_2007
"Maíz blanco, amarillo, trillado, peto, porva, pira, millo",4841,Salidas,True,DANE_ENIG_2006_2007
Cuchuco de maíz,925,Salidas,True,DANE_ENIG_2006_2007
Harina de maíz,2189,Salidas,True,DANE_ENIG_2006_2007
Harina precocida de maíz,1566,Salidas,True,DANE_ENIG_2006_2007
Fécula de maíz (Maizena),483,Salidas,True,DANE_ENIG_2006_2007
"Harina para preparar tortas, natilla, buñuelos, etc.",629,Salidas,True,DANE_ENIG_2006_2007
Harina para coladas,632,Salidas,True,DANE_ENIG_2006_2007
Almidones de papa o yuca,15,Salidas,True,DANE_ENIG_2006_2007
"Cereales: cornflakes, rice krispis, Zucaritas, Zucosos, fruit loops, trix",1617,Salidas,True,DANE_ENIG_2006_2007
Cereales para la alimentación infantil,604,Salidas,True,DANE_ENIG_2006_2007
"Ajonjolí, soya",597,Salidas,True,DANE_ENIG_2006_2007
"Masas para la preparación de productos de panadería o pastelería (trigo, maíz, soya)",1667,Salidas,True,DANE_ENIG_2006_2007
Arepas crudas o precocidas,7877,Salidas,True,DANE_ENIG_2006_2007
"Bollos y envueltos precocidos, quiches, tamales",5191,Salidas,True,DANE_ENIG_2006_2007
"Gérmen de trigo, lecitina, levadura de cerveza (alimentos naturistas)",458,Salidas,True,DANE_ENIG_2006_2007
"Comidas preparadas precocidas a base de cereales (lasagna, pizza, empanadas)",234,Salidas,True,DANE_ENIG_2006_2007
Carve,482,Salidas,True,DANE_ENIG_2006_2007
"Pan corriente, con queso, aliñado, mogolla, relleno, pan de coco, calado, tajado, árabe",10240,Salidas,False,DANE_ENIG_2006_2007
Pan francés,632,Salidas,True,DANE_ENIG_2006_2007
Pan integral,1042,Salidas,True,DANE_ENIG_2006_2007
Galletas de sal,6732,Salidas,True,DANE_ENIG_2006_2007
Galletas de dulce (de panadería y de paquete),3385,Salidas,True,DANE_ENIG_2006_2007
Galletas integrales (de panadería y de paquete),696,Salidas,True,DANE_ENIG_2006_2007
"Otros productos de panadería no mencionados previamente: brownies, obleas, ponques",1706,Salidas,True,DANE_ENIG_2006_2007
Carne de res sin hueso o pulpa,41611,Salidas,False,DANE_ENIG_2006_2007
Carne de res con hueso,21768,Salidas,False,DANE_ENIG_2006_2007
Hueso de res,6180,Salidas,True,DANE_ENIG_2006_2007
Carne molida de res,2901,Salidas,True,DANE_ENIG_2006_2007
Lengua de res,920,Salidas,True,DANE_ENIG_2006_2007
"Hígado, riñones, corazón, sesos, tripa y otras vísceras de res",1936,Salidas,True,DANE_ENIG_2006_2007
"Patas, manos, cola y cabeza de res",460,Salidas,True,DANE_ENIG_2006_2007
Carne de cerdo sin hueso o pulpa,13512,Salidas,False,DANE_ENIG_2006_2007
Carne de cerdo con hueso,8079,Salidas,True,DANE_ENIG_2006_2007
Carne molida de cerdo,1690,Salidas,True,DANE_ENIG_2006_2007
Hueso de cerdo (espinazo y otros huesos),1321,Salidas,True,DANE_ENIG_2006_2007
Tocino y garra,2014,Salidas,True,DANE_ENIG_2006_2007
"Hígado, riñones, corazón, tripa y otras vísceras de cerdo",1268,Salidas,True,DANE_ENIG_2006_2007
"Patas, manos, cola y cabeza de cerdo",11201,Salidas,False,DANE_ENIG_2006_2007
Carne de gallina o de pollo (entero o en presas),21029,Salidas,False,DANE_ENIG_2006_2007
"Carne de pavo, pichón, zuro, palomo, pato, ganso, codorniz",5362,Salidas,True,DANE_ENIG_2006_2007
Menudencias de gallina o pollo,2345,Salidas,True,DANE_ENIG_2006_2007
"Carne de conejo, liebre, curí o cuy",2133,Salidas,True,DANE_ENIG_2006_2007
"Carne de cordero, chivo, cabro",3252,Salidas,True,DANE_ENIG_2006_2007
Carne de chigüiro,3311,Salidas,True,DANE_ENIG_2006_2007
"Carne preparada de pavo, pollo,cerdo, lomo ahumado",3734,Salidas,True,DANE_ENIG_2006_2007
Mortadela,4033,Salidas,True,DANE_ENIG_2006_2007
Salchichas,8679,Salidas,True,DANE_ENIG_2006_2007
Jamón y jamoneta,5011,Salidas,True,DANE_ENIG_2006_2007
Chorizo,2017,Salidas,True,DANE_ENIG_2006_2007
Tocineta,1226,Salidas,True,DANE_ENIG_2006_2007
"Otros embutidos (longaniza, butifarra, génovas, salchichón, salami, cábanos, patés, etc.)",7265,Salidas,True,DANE_ENIG_2006_2007
Carnes frías enlatadas,4337,Salidas,True,DANE_ENIG_2006_2007
"Otros alimentos no especificados: Hormigas culonas, etc.",3259,Salidas,True,DANE_ENIG_2006_2007
Pescado de río fresco o congelado,19929,Salidas,False,DANE_ENIG_2006_2007
Pescado de mar fresco o congelado,9479,Salidas,True,DANE_ENIG_2006_2007
Camarones frescos o congelados,1781,Salidas,True,DANE_ENIG_2006_2007
"Pescado y crustáceos enlatados (sardinas, atún, salmón, mejillones, etc)",3384,Salidas,True,DANE_ENIG_2006_2007
"Otros mariscos, crustáceos y moluscos frescos o congelados",362,Salidas,True,DANE_ENIG_2006_2007
Otros productos de pescado y derivados,1776,Salidas,True,DANE_ENIG_2006_2007
Leche natural,14780,Salidas,False,DANE_ENIG_2006_2007
"Leche pasteurizada (entera, descremada, semidescremada, deslactosada, maternizada)",8753,Salidas,True,DANE_ENIG_2006_2007
"Leche larga vida (entera, descremada, semidescremada, deslactosada, maternizada)",3668,Salidas,True,DANE_ENIG_2006_2007
Leche en polvo para lactantes,9322,Salidas,True,DANE_ENIG_2006_2007
"Leche en polvo (entera, descremada, semidescremada, maternizada)",14133,Salidas,False,DANE_ENIG_2006_2007
Queso campesino,16638,Salidas,False,DANE_ENIG_2006_2007
Queso doble crema,3213,Salidas,True,DANE_ENIG_2006_2007
"Otros quesos: pera, mozarella, paipa, parmesano, etc.",3439,Salidas,True,DANE_ENIG_2006_2007
"Cuajada, Quesillo",5838,Salidas,True,DANE_ENIG_2006_2007
"Leche condensada, leche condesada y evaporada",1615,Salidas,True,DANE_ENIG_2006_2007
Crema de leche,1520,Salidas,True,DANE_ENIG_2006_2007
Yoghurt,9566,Salidas,True,DANE_ENIG_2006_2007
Kumis,2441,Salidas,True,DANE_ENIG_2006_2007
Suero costeño,7463,Salidas,True,DANE_ENIG_2006_2007
Natas,1734,Salidas,True,DANE_ENIG_2006_2007
Postres lácteos,1639,Salidas,True,DANE_ENIG_2006_2007
Bebidas lácteas saborizadas no achocolatadas,3943,Salidas,True,DANE_ENIG_2006_2007
Productos lácteos que no contengan leche animal: leche de soya,251,Salidas,True,DANE_ENIG_2006_2007
Huevos de gallina y otras aves,14282,Salidas,False,DANE_ENIG_2006_2007
Huevos de iguana y de tortuga,391,Salidas,True,DANE_ENIG_2006_2007
"Aceite de girasol, maíz, soya y palma",15893,Salidas,False,DANE_ENIG_2006_2007
Aceite de oliva,1365,Salidas,True,DANE_ENIG_2006_2007
"Otros aceites comestibles: canola, cacahuete, coco, almendras, dietéticos, etc.",1986,Salidas,True,DANE_ENIG_2006_2007
Mantequilla de vaca,1411,Salidas,True,DANE_ENIG_2006_2007
Margarinas,1847,Salidas,True,DANE_ENIG_2006_2007
Manteca vegetal,4662,Salidas,True,DANE_ENIG_2006_2007
Manteca de cerdo,325,Salidas,True,DANE_ENIG_2006_2007
"Otras grasas y aceites (aceite de pescado y otros animales marinos, mantequilla de maní)",198,Salidas,True,DANE_ENIG_2006_2007
Naranjas,6139,Salidas,True,DANE_ENIG_2006_2007
Limones,2375,Salidas,True,DANE_ENIG_2006_2007
Mandarinas,2693,Salidas,True,DANE_ENIG_2006_2007
Toronjas,92,Salidas,True,DANE_ENIG_2006_2007
Limas,662,Salidas,True,DANE_ENIG_2006_2007
Bananos,4461,Salidas,True,DANE_ENIG_2006_2007
Manzanas,4213,Salidas,True,DANE_ENIG_2006_2007
Peras,1640,Salidas,True,DANE_ENIG_2006_2007
Melones,1052,Salidas,True,DANE_ENIG_2006_2007
Mango,3820,Salidas,True,DANE_ENIG_2006_2007
Guayabas,3341,Salidas,True,DANE_ENIG_2006_2007
Guanábanas,2187,Salidas,True,DANE_ENIG_2006_2007
Zapotes,978,Salidas,True,DANE_ENIG_2006_2007
Tamarindo,1604,Salidas,True,DANE_ENIG_2006_2007
Tomate de árbol,3540,Salidas,True,DANE_ENIG_2006_2007
Moras,2925,Salidas,True,DANE_ENIG_2006_2007
Curubas,1031,Salidas,True,DANE_ENIG_2006_2007
Maracuyá,1960,Salidas,True,DANE_ENIG_2006_2007
Lulos,2054,Salidas,True,DANE_ENIG_2006_2007
Patilla o sandía,1913,Salidas,True,DANE_ENIG_2006_2007
Granadillas,1037,Salidas,True,DANE_ENIG_2006_2007
Piña,2333,Salidas,True,DANE_ENIG_2006_2007
Papaya,3366,Salidas,True,DANE_ENIG_2006_2007
Papayuela,124,Salidas,True,DANE_ENIG_2006_2007
Uvas (verdes y rojas),2654,Salidas,True,DANE_ENIG_2006_2007
Fresas,1117,Salidas,True,DANE_ENIG_2006_2007
Cocos,2112,Salidas,True,DANE_ENIG_2006_2007
Duraznos,800,Salidas,True,DANE_ENIG_2006_2007
Chontaduros,269,Salidas,True,DANE_ENIG_2006_2007
Ciruelas,788,Salidas,True,DANE_ENIG_2006_2007
Aguacate,1496,Salidas,True,DANE_ENIG_2006_2007
Chirimoya,1188,Salidas,True,DANE_ENIG_2006_2007
Otras frutas frescas,905,Salidas,True,DANE_ENIG_2006_2007
Frutas congeladas o en pulpa,2826,Salidas,True,DANE_ENIG_2006_2007
"Almendras y otras nueces (maní, cacahuete, pistacho, etc)",1359,Salidas,True,DANE_ENIG_2006_2007
"Frutas deshidratadas y cristalizadas: peras, uvas y ciruelas pasas, etc",1142,Salidas,True,DANE_ENIG_2006_2007
Tomate,653,Salidas,True,DANE_ENIG_2006_2007
Cebolla cabezona,5983,Salidas,True,DANE_ENIG_2006_2007
"Cebolla larga o en rama (bermuda, junca)",4918,Salidas,True,DANE_ENIG_2006_2007
Cebollin,4688,Salidas,True,DANE_ENIG_2006_2007
Zanahoria,1641,Salidas,True,DANE_ENIG_2006_2007
Remolacha,3963,Salidas,True,DANE_ENIG_2006_2007
Pepino Cohombro,1438,Salidas,True,DANE_ENIG_2006_2007
Pimentón,860,Salidas,True,DANE_ENIG_2006_2007
Pepino para guisar o rellenar,349,Salidas,True,DANE_ENIG_2006_2007
Nabos,84,Salidas,True,DANE_ENIG_2006_2007
Ajos,1465,Salidas,True,DANE_ENIG_2006_2007
Ají,1301,Salidas,True,DANE_ENIG_2006_2007
Lechuga,955,Salidas,True,DANE_ENIG_2006_2007
Espinaca,608,Salidas,True,DANE_ENIG_2006_2007
Acelga,901,Salidas,True,DANE_ENIG_2006_2007
"Repollo, repollitas",1488,Salidas,True,DANE_ENIG_2006_2007
Coliflor,461,Salidas,True,DANE_ENIG_2006_2007
Brócoli,492,Salidas,True,DANE_ENIG_2006_2007
Coles (tallos),329,Salidas,True,DANE_ENIG_2006_2007
Apio en rama,615,Salidas,True,DANE_ENIG_2006_2007
Ahuyama,1098,Salidas,True,DANE_ENIG_2006_2007
Calabaza,704,Salidas,True,DANE_ENIG_2006_2007
Calabacín,147,Salidas,True,DANE_ENIG_2006_2007
Fríjol verde en vaina,1655,Salidas,True,DANE_ENIG_2006_2007
Fríjol verde desgranado,1412,Salidas,True,DANE_ENIG_2006_2007
Arveja verde en vaina,2673,Salidas,True,DANE_ENIG_2006_2007
Arveja verde desgranada,2564,Salidas,True,DANE_ENIG_2006_2007
Habas verdes en vaina,297,Salidas,True,DANE_ENIG_2006_2007
Habas verdes desgranadas,256,Salidas,True,DANE_ENIG_2006_2007
Habichuelas,2583,Salidas,True,DANE_ENIG_2006_2007
Mazorcas y maíz dulce,590,Salidas,True,DANE_ENIG_2006_2007
Berenjenas,1625,Salidas,True,DANE_ENIG_2006_2007
Champiñones y otros hongos comestibles,396,Salidas,True,DANE_ENIG_2006_2007
"Otras verduras y leguminosas frescas: berros, chachafruto, algas comestibles, etc.",580,Salidas,True,DANE_ENIG_2006_2007
Verduras frescas amarradas (macitos de la costa atlántica),1836,Salidas,True,DANE_ENIG_2006_2007
"Verduras picadas en bandeja o en bolsa (revuelto verde, macitos)",1801,Salidas,True,DANE_ENIG_2006_2007
"Fríjol seco: bolaroja, cargamanto, guarzo, guandul, zaragoza, blanquillo, etc.",10826,Salidas,False,DANE_ENIG_2006_2007
Arveja seca,2685,Salidas,True,DANE_ENIG_2006_2007
Habas secas,222,Salidas,True,DANE_ENIG_2006_2007
Lentejas,4832,Salidas,True,DANE_ENIG_2006_2007
Garbanzos,1359,Salidas,True,DANE_ENIG_2006_2007
"Verduras, hortalizas y legumbres enlatadas: arveja, fríjoles, maíz, espárrago, zanahoria, habichuela",6201,Salidas,True,DANE_ENIG_2006_2007
"Aceitunas, alcaparras, pepinillos y otros encurtidos en tarro",6406,Salidas,True,DANE_ENIG_2006_2007
Legumbres y hortalizas deshidratadas,1396,Salidas,True,DANE_ENIG_2006_2007
Plátano verde,11856,Salidas,False,DANE_ENIG_2006_2007
Plátano maduro,4364,Salidas,True,DANE_ENIG_2006_2007
"Colicero, guineo, mataburro",2577,Salidas,True,DANE_ENIG_2006_2007
"Papa común: pastusa, tocarreña, R12",16343,Salidas,False,DANE_ENIG_2006_2007
Papa criolla o amarilla,3452,Salidas,True,DANE_ENIG_2006_2007
Yuca,8664,Salidas,True,DANE_ENIG_2006_2007
Arracacha,1564,Salidas,True,DANE_ENIG_2006_2007
Ñame,5226,Salidas,True,DANE_ENIG_2006_2007
"Ullucos, cubios, hibias, chuguas, rubas",1810,Salidas,True,DANE_ENIG_2006_2007
"Otras raíces y tubérculos: mafafa, achira, batata, etc",1178,Salidas,True,DANE_ENIG_2006_2007
"Papa, yuca y plátano precocidos",1534,Salidas,True,DANE_ENIG_2006_2007
"Harina de plátano, de yuca, de achiras, puré de papas",318,Salidas,True,DANE_ENIG_2006_2007
Azúcar refinada,8962,Salidas,True,DANE_ENIG_2006_2007
Azúcar natural o morena,8722,Salidas,True,DANE_ENIG_2006_2007
"Endulzantes dietéticos: Aspartame, Fructuosa",12029,Salidas,False,DANE_ENIG_2006_2007
Panela,17729,Salidas,False,DANE_ENIG_2006_2007
Jaleas y mermeladas,1609,Salidas,True,DANE_ENIG_2006_2007
Compotas,2595,Salidas,True,DANE_ENIG_2006_2007
Bocadillos,2429,Salidas,True,DANE_ENIG_2006_2007
Arequipe,4045,Salidas,True,DANE_ENIG_2006_2007
"Herpos, tumes y otros dulces de arequipe y bocadillo",45,Salidas,True,DANE_ENIG_2006_2007
Gelatina de pata negra o blanca,1236,Salidas,True,DANE_ENIG_2006_2007
"Gelatinas, flanes y pudines en vaso listos para el consumo",1614,Salidas,True,DANE_ENIG_2006_2007
"Miel de abejas, melazas y almíbares",7445,Salidas,True,DANE_ENIG_2006_2007
Pasta de chocolate para ponqué y cobertura de chocolate,1286,Salidas,True,DANE_ENIG_2006_2007
"Dulces, confites, caramelos, bombones, chocolatinas, chicles, masmelos",2189,Salidas,True,DANE_ENIG_2006_2007
"Helados, conos, paletas, vasitos, refrescos congelados y tortas heladas",4240,Salidas,True,DANE_ENIG_2006_2007
"Gelatinas, flanes y pudines en polvo para preparar",2320,Salidas,True,DANE_ENIG_2006_2007
Polvo para preparar helados,409,Salidas,True,DANE_ENIG_2006_2007
"Frutas en conserva: Melocotón, piña, brevas, etc.",1598,Salidas,True,DANE_ENIG_2006_2007
Salsa de tomate,4573,Salidas,True,DANE_ENIG_2006_2007
Mayonesa,3073,Salidas,True,DANE_ENIG_2006_2007
"Mostaza, salsa rosada",492,Salidas,True,DANE_ENIG_2006_2007
"Otras salsas: salsa de soya, salsa china, salsa tártara, salsa de ají, ají picante",4353,Salidas,True,DANE_ENIG_2006_2007
Vinagre,974,Salidas,True,DANE_ENIG_2006_2007
Sal,2904,Salidas,True,DANE_ENIG_2006_2007
Cominos,889,Salidas,True,DANE_ENIG_2006_2007
Pimienta,392,Salidas,True,DANE_ENIG_2006_2007
Tomillo,52,Salidas,True,DANE_ENIG_2006_2007
Color,1100,Salidas,True,DANE_ENIG_2006_2007
"Ajo en polvo o en pasta, canela, clavos, nuez moscada",614,Salidas,True,DANE_ENIG_2006_2007
"Hierbas culinarias: perejil, cilantro, romero, orégano, etc",211,Salidas,True,DANE_ENIG_2006_2007
"Sopas: de vegetales, de carne, de pollo, de pescado, cremas de sobre, sopas para bebe",304,Salidas,True,DANE_ENIG_2006_2007
Caldos y consomés concentrados (cubos y polvo),1664,Salidas,True,DANE_ENIG_2006_2007
Bases para preparar carnes y otros alimentos,284,Salidas,True,DANE_ENIG_2006_2007
"Frituras: papas fritas, chitos, maizitos, patacones, besitos, etc",8106,Salidas,True,DANE_ENIG_2006_2007
Alimentos precocidos: ajiaco y lechona enlatados y similares,6902,Salidas,True,DANE_ENIG_2006_2007
Anchetas,1664,Salidas,True,DANE_ENIG_2006_2007
Café molido,9794,Salidas,True,DANE_ENIG_2006_2007
Café instantáneo en polvo o granulado,4316,Salidas,True,DANE_ENIG_2006_2007
Café en grano,1268,Salidas,True,DANE_ENIG_2006_2007
"Otras bebidas preparadas con café instantáneo: capuchino, mocachino, café con leche",514,Salidas,True,DANE_ENIG_2006_2007
Chocolate en pastillas (con y sin azúcar),6952,Salidas,True,DANE_ENIG_2006_2007
Chocolate instantáneo en polvo o granulado,1499,Salidas,True,DANE_ENIG_2006_2007
Cocoa y chucula,710,Salidas,True,DANE_ENIG_2006_2007
Polvo para preparar bebidas achocolatadas,470,Salidas,True,DANE_ENIG_2006_2007
Bebidas achocolatadas listas para consumir,309,Salidas,True,DANE_ENIG_2006_2007
Té,177,Salidas,True,DANE_ENIG_2006_2007
"Hierbas aromáticas (secas y frescas), mate",223,Salidas,True,DANE_ENIG_2006_2007
Agua mineral,6346,Salidas,True,DANE_ENIG_2006_2007
Agua en lata o de carrotanque,8908,Salidas,True,DANE_ENIG_2006_2007
Hielo,2821,Salidas,True,DANE_ENIG_2006_2007
Gaseosas,11602,Salidas,False,DANE_ENIG_2006_2007
Maltas,2396,Salidas,True,DANE_ENIG_2006_2007
Refrescos líquidos empacados (jugos y bebidas hidratantes),2326,Salidas,True,DANE_ENIG_2006_2007
Concentrados para preparar refrescos,4895,Salidas,True,DANE_ENIG_2006_2007
Aguardiente,26746,Salidas,False,DANE_ENIG_2006_2007
Ron,42083,Salidas,False,DANE_ENIG_2006_2007
"Whisky, brandy, vodka, ginebra, cognac, tequila y similares",51972,Salidas,False,DANE_ENIG_2006_2007
"Cremas de licor (de amareto, de whisky, etc.), sabajón y ponche crema",15000,Salidas,False,DANE_ENIG_2006_2007
"Otras bebidas alcohólicas: aperitivos que no sean a base de vino, mezclas de cocteles",20782,Salidas,False,DANE_ENIG_2006_2007
"Vino, champaña, jerez y aperitivos a base de vino",11737,Salidas,False,DANE_ENIG_2006_2007
Cerveza nacional e importada,23539,Salidas,False,DANE_ENIG_2006_2007
Cigarrillos con filtro,12998,Salidas,False,DANE_ENIG_2006_2007
Cigarrillos sin filtro,6775,Salidas,True,DANE_ENIG_2006_2007
Tabacos y picadura para pipa o para armar cigarrillos,7054,Salidas,True,DANE_ENIG_2006_2007
"Telas para la confección de ropa de hombre, mujer, niño, niña y bebé",6990,Salidas,True,DANE_ENIG_2006_2007
Camisas para hombre,12360,Salidas,False,DANE_ENIG_2006_2007
"Camisetas, franelas, esqueletos, polos para hombre",10499,Salidas,False,DANE_ENIG_2006_2007
"Calzoncillos, pantaloncillos, boxers para hombre",5049,Salidas,True,DANE_ENIG_2006_2007
Medias y calcetines para hombre,2832,Salidas,True,DANE_ENIG_2006_2007
Pantalones para hombre,14838,Salidas,False,DANE_ENIG_2006_2007
jeans para hombre,18526,Salidas,False,DANE_ENIG_2006_2007
"Bermudas, pantalonetas y pantalón corto para hombre",7342,Salidas,True,DANE_ENIG_2006_2007
"Vestido completo (sólo pantalón, chaqueta y/o chaleco) para hombre",20937,Salidas,False,DANE_ENIG_2006_2007
"Blazers, chaquetas, chaquetones, chompas y sacos de sport en paño, cuero, gamuza",13080,Salidas,False,DANE_ENIG_2006_2007
"Buzos, chalecos, sacos de lana y similares para hombre",10114,Salidas,False,DANE_ENIG_2006_2007
"Gabardinas, gabanes, abrigos y sobretodos para hombre",20000,Salidas,False,DANE_ENIG_2006_2007
Capas e impermeables para hombre,8333,Salidas,True,DANE_ENIG_2006_2007
"Sudaderas, trusas y bicicleteros para hombre",11897,Salidas,False,DANE_ENIG_2006_2007
Pantalonetas de baño para hombre,6014,Salidas,True,DANE_ENIG_2006_2007
Pijamas y batas para hombre,9512,Salidas,True,DANE_ENIG_2006_2007
Otros artículos de vestir para hombre (depotivos y formales),6354,Salidas,True,DANE_ENIG_2006_2007
Blusas para mujer,9730,Salidas,True,DANE_ENIG_2006_2007
"Camisetas, franelas y bodies para mujer",6985,Salidas,True,DANE_ENIG_2006_2007
"Pantalones, slacks y chicles para mujer",12718,Salidas,False,DANE_ENIG_2006_2007
"Shorts, bermudas y pantalonetas para mujer",10887,Salidas,False,DANE_ENIG_2006_2007
Jeans para mujer,17278,Salidas,False,DANE_ENIG_2006_2007
Faldas para mujer,8647,Salidas,True,DANE_ENIG_2006_2007
"Brassieres, tops y sostenes para mujer",6334,Salidas,True,DANE_ENIG_2006_2007
Pantys (interiores) para mujer,4554,Salidas,True,DANE_ENIG_2006_2007
Media de lana y otros materiales diferente a velada para mujer,2791,Salidas,True,DANE_ENIG_2006_2007
Medias veladas para mujer,6214,Salidas,True,DANE_ENIG_2006_2007
"Enaguas, fondos y combinaciones para mujer",3834,Salidas,True,DANE_ENIG_2006_2007
Vestidos confeccionados para mujer,15853,Salidas,False,DANE_ENIG_2006_2007
"Buzos, chalecos, sacos de lana y similares para mujer",9480,Salidas,True,DANE_ENIG_2006_2007
"Blazers, chaquetas, chaquetones y sacos de sport en paño, cuero, gamuza y otros",7791,Salidas,True,DANE_ENIG_2006_2007
"Gabardinas, gabanes, abrigos y sobretodos para mujer",8264,Salidas,True,DANE_ENIG_2006_2007
"Sudaderas, trusas y bicicleteros para mujer",8501,Salidas,True,DANE_ENIG_2006_2007
Traje de baño para mujer,17356,Salidas,False,DANE_ENIG_2006_2007
Pijamas y batas para mujer,8148,Salidas,True,DANE_ENIG_2006_2007
Otros artículos de vestir para mujer (deportivos y formales),5447,Salidas,True,DANE_ENIG_2006_2007
Camisas para niño,8020,Salidas,True,DANE_ENIG_2006_2007
"Camisetas, franelas, esqueletos, polos para niño",6726,Salidas,True,DANE_ENIG_2006_2007
"Calzoncillos, pantaloncillos, boxers para niño",3638,Salidas,True,DANE_ENIG_2006_2007
Medias y calcetines para niño,2135,Salidas,True,DANE_ENIG_2006_2007
Pantalones para niño,9324,Salidas,True,DANE_ENIG_2006_2007
Jeans para niño,12547,Salidas,False,DANE_ENIG_2006_2007
"Bermudas, pantalonetas y pantalón corto para niño",5792,Salidas,True,DANE_ENIG_2006_2007
"Vestido completo (sólo pantalón, chaqueta y/o chaleco) para niño",18769,Salidas,False,DANE_ENIG_2006_2007
"Blazers, chaquetas, chompas y sacos de sport en paño, cuero, gamuza y otros materiales para niño",8736,Salidas,True,DANE_ENIG_2006_2007
"Buzos, chalecos, sacos de lana y similares para niño",7559,Salidas,True,DANE_ENIG_2006_2007
"Sudaderas, trusas y bicicleteros para niño",8022,Salidas,True,DANE_ENIG_2006_2007
Pantalonetas de baño para niño,3386,Salidas,True,DANE_ENIG_2006_2007
Pijamas y batas para niño,8484,Salidas,True,DANE_ENIG_2006_2007
Otros artículos de vestir para niño (deportivos y formales),11341,Salidas,False,DANE_ENIG_2006_2007
Blusas para niña,7102,Salidas,True,DANE_ENIG_2006_2007
"Camisetas, franelas y bodies para niña",4911,Salidas,True,DANE_ENIG_2006_2007
"Pantalones, slacks y chicles para niña",8597,Salidas,True,DANE_ENIG_2006_2007
"Shorts, bermudas y pantalonetas para niña",5956,Salidas,True,DANE_ENIG_2006_2007
jeans para niña,13316,Salidas,False,DANE_ENIG_2006_2007
Faldas para niña,7565,Salidas,True,DANE_ENIG_2006_2007
Vestidos confeccionados para niña,11167,Salidas,False,DANE_ENIG_2006_2007
"Enaguas, fondos, combinaciones para niña",5000,Salidas,True,DANE_ENIG_2006_2007
Pantys (interiores) para niña,3168,Salidas,True,DANE_ENIG_2006_2007
"Brassieres, sostenes, tops y acostumbradores para niña",3980,Salidas,True,DANE_ENIG_2006_2007
"Media tobillera, media pantalón, media media (velada, de lana y otros materiales",2150,Salidas,True,DANE_ENIG_2006_2007
"Buzos, chalecos, sacos de lana y similares para niña",6195,Salidas,True,DANE_ENIG_2006_2007
"Blazers, chaquetas, chaquetones y sacos de sport en paño, cuero, gamuza y otros",6667,Salidas,True,DANE_ENIG_2006_2007
"Gabardinas, gabanes, abrigos y sobretodos para niña",4503,Salidas,True,DANE_ENIG_2006_2007
"Sudaderas, trusas y bicicleteros para niña",11792,Salidas,False,DANE_ENIG_2006_2007
Traje de baño para niña,9139,Salidas,True,DANE_ENIG_2006_2007
Pijamas y batas para niña,5779,Salidas,True,DANE_ENIG_2006_2007
Otros artículos de vestir para niña (deportivos y formales),13656,Salidas,False,DANE_ENIG_2006_2007
"Camisitas, franelas para bebé",5264,Salidas,True,DANE_ENIG_2006_2007
"Vestiditos confeccionados para bebé, mamelucos, etc.",7731,Salidas,True,DANE_ENIG_2006_2007
"Escarpines, patines, mitones, zapatos de tela, medias, gorritos y bufandas para bebe",2987,Salidas,True,DANE_ENIG_2006_2007
Pijamitas y talegos para dormir para bebé,7277,Salidas,True,DANE_ENIG_2006_2007
"Buzos, ruanas, sacos de lana y similares para bebé",7524,Salidas,True,DANE_ENIG_2006_2007
Pañales de tela para bebé,6373,Salidas,True,DANE_ENIG_2006_2007
"Pantaloncitos de tela, plástico, caucho y similares para bebé",4252,Salidas,True,DANE_ENIG_2006_2007
Fajeros y cambiadores,2587,Salidas,True,DANE_ENIG_2006_2007
Otros artículos de vestir para bebé,7574,Salidas,True,DANE_ENIG_2006_2007
Corbatas y corbatines,5000,Salidas,True,DANE_ENIG_2006_2007
"Correas, tirantas y calzonarias para hombre",4858,Salidas,True,DANE_ENIG_2006_2007
Pañuelos para hombre,1556,Salidas,True,DANE_ENIG_2006_2007
Ruanas y ponchos para hombre,6162,Salidas,True,DANE_ENIG_2006_2007
"Sombreros, gorros, cachuchas, boinas, viseras para hombre",7244,Salidas,True,DANE_ENIG_2006_2007
Pañuelos y pañoletas para mujer,5718,Salidas,True,DANE_ENIG_2006_2007
Cinturones y tirantas para mujer,2663,Salidas,True,DANE_ENIG_2006_2007
"Sombreros, gorros, cachuchas, boinas, viseras para mujer",3039,Salidas,True,DANE_ENIG_2006_2007
Guantes (de jardinería o de trabajo) en material diferente a caucho,1551,Salidas,True,DANE_ENIG_2006_2007
Cascos protectores para ciclista y motociclista,17121,Salidas,False,DANE_ENIG_2006_2007
"Hilos, cremalleras, botones, metro de costura, hombreras, encajes, broches, ganchos para ropa, hebil",646,Salidas,True,DANE_ENIG_2006_2007
"Baberos, broches y ganchos para bebé",2677,Salidas,True,DANE_ENIG_2006_2007
"Madejas de lana y otros materiales para coser, tejer y bordar",1787,Salidas,True,DANE_ENIG_2006_2007
"Confección y reparación de prendas de vestir en general (hombre, mujer, niños, niñas)",7038,Salidas,True,DANE_ENIG_2006_2007
Lavado y planchado de ropa fuera del hogar (en lavandería u otro hogar),19245,Salidas,False,DANE_ENIG_2006_2007
"Alquiler de prendas de vestir en general (hombre mujer, niños, niñas y bebés)",16761,Salidas,False,DANE_ENIG_2006_2007
"Zapatos en cuero, caucho, goma y similares para hombre",19541,Salidas,False,DANE_ENIG_2006_2007
"Botas en cuero, caucho, goma y similares para hombre",8990,Salidas,True,DANE_ENIG_2006_2007
"Tenis, zapatillas y otros zapatos deportivos para hombre (excluyendo zapatos para deportes específic",27963,Salidas,False,DANE_ENIG_2006_2007
"Pantuflas, sandalias, abuelitas, chanclas, cotizas y alpargatas para hombre",5204,Salidas,True,DANE_ENIG_2006_2007
"Calzado plano en cuero, caucho, goma y similares para mujer",11004,Salidas,False,DANE_ENIG_2006_2007
"Calzado de tacón en cuero, caucho, goma y similares para mujer",13059,Salidas,False,DANE_ENIG_2006_2007
"Botas en cuero, caucho, goma y similares para mujer",12523,Salidas,False,DANE_ENIG_2006_2007
"Tenis, zapatillas y otros zapatos deportivos para mujer (excluyendo zapatos para deportes específico",11893,Salidas,False,DANE_ENIG_2006_2007
"Pantuflas, sandalias, abuelitas, chanclas, cotizas y alpargatas para mujer",6543,Salidas,True,DANE_ENIG_2006_2007
"Zapatos en cuero, caucho, goma y similares para niño",13119,Salidas,False,DANE_ENIG_2006_2007
"Botas en cuero, caucho, goma y similares para niño",8445,Salidas,True,DANE_ENIG_2006_2007
"Tenis, zapatillas y otros zapatos deportivos para niño (excluyendo zapatos para deportes específicos",12711,Salidas,False,DANE_ENIG_2006_2007
"Pantuflas, sandalias, abuelitas, chanclas, cotizas y alpargatas para niño",3260,Salidas,True,DANE_ENIG_2006_2007
"Calzado plano en cuero, caucho, goma y similares para niña",10555,Salidas,False,DANE_ENIG_2006_2007
"Calzado de tacón en cuero, caucho, goma y similares para niña",8423,Salidas,True,DANE_ENIG_2006_2007
"Botas en cuero, caucho, goma y similares para niña",6698,Salidas,True,DANE_ENIG_2006_2007
"Tenis, zapatillas y otros zapatos deportivos para niña (excluyendo zapatos para deportes específicos",11235,Salidas,False,DANE_ENIG_2006_2007
"Pantuflas, sandalias, abuelitas, chanclas, cotizas y alpargatas para niña",5090,Salidas,True,DANE_ENIG_2006_2007
"Calzado para bebé: zapatos, botas y tenis",7510,Salidas,True,DANE_ENIG_2006_2007
"Accesorios para calzado: Plantillas, hormas, adaptadores para calzado y calzador",667,Salidas,True,DANE_ENIG_2006_2007
Lustrado y limpieza de zapatos,12990,Salidas,False,DANE_ENIG_2006_2007
"Reparación de calzado: remonta, tapas, costuras, etc",1915,Salidas,True,DANE_ENIG_2006_2007
Arriendo efectivo mensual por la vivienda que habita el hogar,103398,Fijos,False,DANE_ENIG_2006_2007
Arriendo por viviendas para uso del hogar diferentes a la que habita,99713,Fijos,False,DANE_ENIG_2006_2007
Arriendo imputado por la vivienda propia que habita el hogar,75681,Fijos,False,DANE_ENIG_2006_2007
"Arriendo imputado por la vivienda en usufructo, posesión u ocupación que habita",70608,Fijos,False,DANE_ENIG_2006_2007
Pinturas y barnices para vivienda,7120,Fijos,False,DANE_ENIG_2006_2007
Papel de colgadura y recubrimientos textiles para paredes,5018,Fijos,False,DANE_ENIG_2006_2007
"Baldosas, celosías, mármoles, cerámicas, cenefas de enchape (para interiores y y para baño y cocina)",35012,Fijos,False,DANE_ENIG_2006_2007
Vidriería para puertas y ventanas,13609,Fijos,False,DANE_ENIG_2006_2007
"Yeso, cemento, masilla, pegantes",13179,Fijos,False,DANE_ENIG_2006_2007
"Tubos para el agua, grifos, codos, sifones, etc.",5225,Fijos,False,DANE_ENIG_2006_2007
Tablones para pisos,46786,Fijos,False,DANE_ENIG_2006_2007
Puertas y ventanas,43240,Fijos,False,DANE_ENIG_2006_2007
"Otros materiales para la conservación y la reparación de la vivienda: tejas, cielo raso, tanque de a",83899,Fijos,False,DANE_ENIG_2006_2007
Mantenimiento y reparación de cañerias de agua y ductos e instalaciones de gas,4856,Fijos,False,DANE_ENIG_2006_2007
Mantenimiento y reparación de redes eléctricas y telefónicas,26293,Fijos,False,DANE_ENIG_2006_2007
Mantenimiento y reparación de techos y pisos,8037,Fijos,False,DANE_ENIG_2006_2007
Pavimentación y revestimiento de suelos,9125,Fijos,False,DANE_ENIG_2006_2007
Ampliación o subdivisión de la vivienda,68051,Fijos,False,DANE_ENIG_2006_2007
"Otros servicios para el mantenimiento y reparación de la vivienda: cerrajería, pintura, enchape, car",36558,Fijos,False,DANE_ENIG_2006_2007
Acueducto,5666,Fijos,False,DANE_ENIG_2006_2007
Reconexión del servicio de acueducto,15001,Fijos,False,DANE_ENIG_2006_2007
Recolección de basuras y aseo,4346,Fijos,False,DANE_ENIG_2006_2007
Instalación o conexión al servicio de alcantarillado,10493,Fijos,False,DANE_ENIG_2006_2007
Alcantarillado,4154,Fijos,False,DANE_ENIG_2006_2007
Cuotas mensuales de administración de la vivienda para uso del hogar,166184,Fijos,False,DANE_ENIG_2006_2007
Celaduría comunal,2561,Fijos,False,DANE_ENIG_2006_2007
"Instalación, conexión, contador del servicio de energía eléctrica",21041,Fijos,False,DANE_ENIG_2006_2007
Energía eléctrica,18248,Fijos,False,DANE_ENIG_2006_2007
Reconexión del servicio de energía eléctrica,2136,Fijos,False,DANE_ENIG_2006_2007
Alumbrado público,2875,Fijos,False,DANE_ENIG_2006_2007
Compra de gas propano en pipeta o cilindro o por ducto,30125,Fijos,False,DANE_ENIG_2006_2007
"Instalación, conexión, contador del servicio de gas natural",1958,Fijos,False,DANE_ENIG_2006_2007
Gas natural por tubería,17897,Fijos,False,DANE_ENIG_2006_2007
"Combustibles líquidos para cocinar: gasolina, kerosene, petróleo, alcohol, etc.",10379,Fijos,False,DANE_ENIG_2006_2007
"Combustibles sólidos para cocinar: leña, carbón vegetal, carbón, mineral, etc.",14749,Fijos,False,DANE_ENIG_2006_2007
Cama sencilla,4576,Salidas,True,DANE_ENIG_2006_2007
"Cama semidoble, doble, king size",7401,Salidas,True,DANE_ENIG_2006_2007
Cunas y corral para bebé,7446,Salidas,True,DANE_ENIG_2006_2007
Juego completo de muebles de alcoba,42419,Salidas,False,DANE_ENIG_2006_2007
Juego completo de muebles de sala,38148,Salidas,False,DANE_ENIG_2006_2007
Juego completo de muebles de comedor,18094,Salidas,False,DANE_ENIG_2006_2007
Gabinetes de baño,1966,Salidas,True,DANE_ENIG_2006_2007
Muebles para computador o centros de entretenimiento,684,Salidas,True,DANE_ENIG_2006_2007
"Colchones, somiers y colchonetas",4772,Salidas,True,DANE_ENIG_2006_2007
"Sillas, sillones, sofás, sofacamas",2063,Salidas,True,DANE_ENIG_2006_2007
"Asientos, mecedoras, butacos, bancas",2221,Salidas,True,DANE_ENIG_2006_2007
"Armarios, clósets, cómodas, chifoniers, escaparates, roperos, baules",8126,Salidas,True,DANE_ENIG_2006_2007
Bibliotecas y muebles modulares,8447,Salidas,True,DANE_ENIG_2006_2007
Lámparas de techo o de pie,12500,Salidas,False,DANE_ENIG_2006_2007
"Velas, veladoras, velones",2333,Salidas,True,DANE_ENIG_2006_2007
"Espejos, portaretratos y percheros",3372,Salidas,True,DANE_ENIG_2006_2007
"Telas para confeccionar ropa de cama, manteles, cortinas y forros de muebles",2260,Salidas,True,DANE_ENIG_2006_2007
"Juego completo de sábanas, sobresábanas y fundas",3729,Salidas,True,DANE_ENIG_2006_2007
"Sábanas, sobresabanas y fundas sueltas",2830,Salidas,True,DANE_ENIG_2006_2007
"Cubrelechos, cubrecamas, colchas para cama",5284,Salidas,True,DANE_ENIG_2006_2007
Cobijas y mantas para adultos,4016,Salidas,True,DANE_ENIG_2006_2007
"Cobijas, mantas y cobertores para bebés",2842,Salidas,True,DANE_ENIG_2006_2007
"Almohadas, cojines, almohadones",1905,Salidas,True,DANE_ENIG_2006_2007
"Hamacas, chinchorros, toldillos, mosquiteros",2949,Salidas,True,DANE_ENIG_2006_2007
"Ropa de mesa: Manteles, caminos de mesa, individuales y servilletas de tela para comedor",3013,Salidas,True,DANE_ENIG_2006_2007
Toallas de tela para baño,1258,Salidas,True,DANE_ENIG_2006_2007
Cortinas para baño,900,Salidas,True,DANE_ENIG_2006_2007
Cortinas confeccionadas,4093,Salidas,True,DANE_ENIG_2006_2007
Lanas y telas para tejidos y decoración del hogar,1802,Salidas,True,DANE_ENIG_2006_2007
Banderas y escudos en general,417,Salidas,True,DANE_ENIG_2006_2007
"Neveras, refrigeradores y congeladores",41883,Salidas,False,DANE_ENIG_2006_2007
Lavadora y secadora de ropa,30041,Salidas,False,DANE_ENIG_2006_2007
Estufa a gas,12362,Salidas,False,DANE_ENIG_2006_2007
Estufa eléctrica,3840,Salidas,True,DANE_ENIG_2006_2007
Hornos eléctricos y hornos de gas,7500,Salidas,True,DANE_ENIG_2006_2007
Hornos microondas,14502,Salidas,False,DANE_ENIG_2006_2007
Pipetas o cilindros de gas (envase sin incluir el gas),3484,Salidas,True,DANE_ENIG_2006_2007
Calentadores eléctricos,5417,Salidas,True,DANE_ENIG_2006_2007
Calentador de gas,3333,Salidas,True,DANE_ENIG_2006_2007
Ventiladores o abanicos fijos,5035,Salidas,True,DANE_ENIG_2006_2007
"Máquinas de coser, tejer, fileteadoras y telares",3333,Salidas,True,DANE_ENIG_2006_2007
Plancha eléctrica,3134,Salidas,True,DANE_ENIG_2006_2007
"Licuadora, picadora y ayudante de cocina eléctrico",5305,Salidas,True,DANE_ENIG_2006_2007
Batidora y mezcladora eléctrica,3130,Salidas,True,DANE_ENIG_2006_2007
"Sanducheras, wafleras y tostadoras eléctricas",4470,Salidas,True,DANE_ENIG_2006_2007
Extractor de zumos y exprimidor eléctricos,2471,Salidas,True,DANE_ENIG_2006_2007
Ollas arroceras y freidoras eléctricas,6943,Salidas,True,DANE_ENIG_2006_2007
"Cuchillos, afila cuchillos y abrelatas eléctricos",480,Salidas,True,DANE_ENIG_2006_2007
Encendedores eléctricos y no eléctricos para estufa,1159,Salidas,True,DANE_ENIG_2006_2007
Ventiladores o abanicos movibles,4333,Salidas,True,DANE_ENIG_2006_2007
Duchas eléctricas,1362,Salidas,True,DANE_ENIG_2006_2007
Repuestos para aparatos domésticos,1175,Salidas,True,DANE_ENIG_2006_2007
Reparación de aparatos y utensilios domésticos,3315,Salidas,True,DANE_ENIG_2006_2007
"Alquiler de artefactos o aparatos domésticos (lavadoras, computadores, etc)",845,Salidas,True,DANE_ENIG_2006_2007
"Vajilla completa, juego de té o café y otros juegos completos (vaso, jarra, copas)",2619,Salidas,True,DANE_ENIG_2006_2007
"Platos, pocillos, tazas, Mugs",4467,Salidas,True,DANE_ENIG_2006_2007
"Vasos, copas, jarras",2763,Salidas,True,DANE_ENIG_2006_2007
"Bandejas, ensaladeras, soperas, dulceras",3885,Salidas,True,DANE_ENIG_2006_2007
Refractarias,2667,Salidas,True,DANE_ENIG_2006_2007
Otros artículos de cristalería y vajilla,10811,Salidas,False,DANE_ENIG_2006_2007
Juego completo de cubiertos de mesa y cocina,10192,Salidas,False,DANE_ENIG_2006_2007
"Cucharas, cucharitas, tenedores, cuchillos, cucharones, tijeras de cocina",2191,Salidas,True,DANE_ENIG_2006_2007
"Ollas, cacerolas, cazuelas y sartenes de aluminio, esmaltadas y de teflón",10828,Salidas,False,DANE_ENIG_2006_2007
Ollas a presión,26691,Salidas,False,DANE_ENIG_2006_2007
"Molinillos, coladeras, coladores, pinzas para hielo, abrelatas y sacacorchos manuales, piedras de af",1684,Salidas,True,DANE_ENIG_2006_2007
"Molinos, ralladores, picadoras manuales y exprimidores de jugo",4091,Salidas,True,DANE_ENIG_2006_2007
"Tablas para picar, morteros y mazos, escurridorres de aceite",1676,Salidas,True,DANE_ENIG_2006_2007
Servilleteros,667,Salidas,True,DANE_ENIG_2006_2007
Termos,6625,Salidas,True,DANE_ENIG_2006_2007
Esterilizadores o calentadores de teteros,7333,Salidas,True,DANE_ENIG_2006_2007
Biberones o teteros,2169,Salidas,True,DANE_ENIG_2006_2007
"Ceniceros, floreros",833,Salidas,True,DANE_ENIG_2006_2007
"Platones, baldes y poncheras",3540,Salidas,True,DANE_ENIG_2006_2007
Canecas y papeleras para la basura,4597,Salidas,True,DANE_ENIG_2006_2007
Cestas y recipientes para la ropa,5730,Salidas,True,DANE_ENIG_2006_2007
"Vacinillas, micas o patos médicos",1230,Salidas,True,DANE_ENIG_2006_2007
"Reparación de cristalería, vajilla y utensilios del hogar",15000,Salidas,False,DANE_ENIG_2006_2007
"Taladros, soldadoras, sierras, pulidoras y cizallas eléctricas",86307,Salidas,False,DANE_ENIG_2006_2007
"Podadoras, cortadoras de césped y guadañadoras eléctricas o motorizadas y tractores eléctricos para ",48333,Salidas,False,DANE_ENIG_2006_2007
"Hombresolos, alicates, tenazas, martillos, destornilladores, punzones, serruchos, limas para herrami",2836,Salidas,True,DANE_ENIG_2006_2007
"Llaves de tuercas, llaves inglesas, llaves bristol.",871,Salidas,True,DANE_ENIG_2006_2007
"Cintas métricas: metro, decámetro, niveles, etc.",356,Salidas,True,DANE_ENIG_2006_2007
"Otras herramientas del hogar: tijeras para ropa, escaleras",333,Salidas,True,DANE_ENIG_2006_2007
"Herramientas de jardín: Carretillas, mangueras, palas, azadones, estacas, etc.",2300,Salidas,True,DANE_ENIG_2006_2007
"Bombillos incandescentes, tubos fluorescentes, larga vida, halógenos y de neón",2737,Salidas,True,DANE_ENIG_2006_2007
"Enchufes, interruptores, dimmers, cables eléctricos, rosetas, cinta aislante, timbres, alarmas",5957,Salidas,True,DANE_ENIG_2006_2007
Pilas no recargables para uso general,3378,Salidas,True,DANE_ENIG_2006_2007
"Linternas, lámparas de mano, estabilizadores y timers, baterías o pilas recargables",2037,Salidas,True,DANE_ENIG_2006_2007
Otros accesorios eléctricos pequeños,2810,Salidas,True,DANE_ENIG_2006_2007
"Accesorios para puertas: Bisagras, manijas, cerraduras, candados, etc.",3000,Salidas,True,DANE_ENIG_2006_2007
Reparación de herramientas pequeñas y accesorios diversos del hogar y del jardín,5812,Salidas,True,DANE_ENIG_2006_2007
Jabón en barra para lavar ropa,4018,Salidas,True,DANE_ENIG_2006_2007
Jabón de cocina,2273,Salidas,True,DANE_ENIG_2006_2007
Jabón para lavadora,6159,Salidas,True,DANE_ENIG_2006_2007
Detergente en polvo,3279,Salidas,True,DANE_ENIG_2006_2007
Detergente líquido,2199,Salidas,True,DANE_ENIG_2006_2007
Blanqueadores,1864,Salidas,True,DANE_ENIG_2006_2007
Suavizantes,3114,Salidas,True,DANE_ENIG_2006_2007
"Quitamanchas, polvo limpiador y shampoo para alfombras",2610,Salidas,True,DANE_ENIG_2006_2007
"Líquidos y desinfectantes para limpiar muebles, vidrios, hornos, estufas, paredes, baños, pisos",2633,Salidas,True,DANE_ENIG_2006_2007
Desodorantes ambientales y ambientadores,3471,Salidas,True,DANE_ENIG_2006_2007
Cera para pisos,3345,Salidas,True,DANE_ENIG_2006_2007
Insecticidas y fungicidas,7541,Salidas,True,DANE_ENIG_2006_2007
"Otros productos de limpieza y mantenimiento: almidones para camisas, alcanfor, naftalina, disolvente",5457,Salidas,True,DANE_ENIG_2006_2007
"Escobas, recogedores de basura, escobillas, plumeros limpiapolvos, trapeadores y cepillos para: pare",3999,Salidas,True,DANE_ENIG_2006_2007
Guantes de caucho,3133,Salidas,True,DANE_ENIG_2006_2007
"Esponjas, esponjillas y estropajos",1370,Salidas,True,DANE_ENIG_2006_2007
"Limpiones, cogeollas, trapos para limpiar, paños de cocina, bayetillas y dulceabrigos",2496,Salidas,True,DANE_ENIG_2006_2007
Otros elementos de aseo,3572,Salidas,True,DANE_ENIG_2006_2007
"Cuerdas, cordeles, tendederos y pinzas para ropa, cintas adhesivas y pegamentos",2756,Salidas,True,DANE_ENIG_2006_2007
"Agujas (para coser, tejer), alfileres",313,Salidas,True,DANE_ENIG_2006_2007
"Tijeras para costura, abreojales, desbaratadores, dedales",1239,Salidas,True,DANE_ENIG_2006_2007
Mechas para lámparas,626,Salidas,True,DANE_ENIG_2006_2007
Fósforos y encendedores desechables,1069,Salidas,True,DANE_ENIG_2006_2007
"Betún, pomadas y tintes para calzado",2259,Salidas,True,DANE_ENIG_2006_2007
Anilinas y tintes para prendas de vestir,503,Salidas,True,DANE_ENIG_2006_2007
"Artículos de ferretería: Puntillas, clavos, tornillos, tuercas, brocas, brochas, pinceles, lijas y o",3538,Salidas,True,DANE_ENIG_2006_2007
"Papel de aluminio, papel parafinado, moldes de aluminio, vinilpel, filtros de papel para cafetera",2616,Salidas,True,DANE_ENIG_2006_2007
Rollos de papel para cocina,3944,Salidas,True,DANE_ENIG_2006_2007
"Productos desechables: servilletas, manteles, platos, vasos, cubiertos, palillos",2745,Salidas,True,DANE_ENIG_2006_2007
"Otros productos desechables: pitillos, palos de pincho, etc.",1000,Salidas,True,DANE_ENIG_2006_2007
Bolsas plásticas para basura y para aspiradora,1323,Salidas,True,DANE_ENIG_2006_2007
Empleada interna,168067,Salidas,False,DANE_ENIG_2006_2007
Empleada de por días (permanente o temporal),117668,Salidas,False,DANE_ENIG_2006_2007
"Amas de llaves, institutrices, tutores, mayordomos, choferes, jardineros, celadores, niñeras dentro ",369993,Salidas,False,DANE_ENIG_2006_2007
"Analgésicos: mejoral, aspirina, focus, dólex, asawín, advil, etc",4369,Fijos,False,DANE_ENIG_2006_2007
"Antiácidos: alkaseltser, sal de frutas, mylanta, pepsamar, etc.",2711,Fijos,False,DANE_ENIG_2006_2007
Antibióticos,12797,Fijos,False,DANE_ENIG_2006_2007
Medicamentos antialérgicos (antihistamínicos): loratadina,9292,Fijos,False,DANE_ENIG_2006_2007
"Antigripales: desenfriol, dristán, etc.",4206,Fijos,False,DANE_ENIG_2006_2007
"Antiparasitario, antiamibiásicos, purgantes, laxantes",7779,Fijos,False,DANE_ENIG_2006_2007
Antiartríticos y antirreumáticos,16826,Fijos,False,DANE_ENIG_2006_2007
Antidiabéticos,7935,Fijos,False,DANE_ENIG_2006_2007
"Antiespasmódicos, antidiarréicos",16025,Fijos,False,DANE_ENIG_2006_2007
Antiinflamatorios,9342,Fijos,False,DANE_ENIG_2006_2007
"Cardiovasculares, medicamentos para la tensión arterial: Artensol, Aldomet, Captopril, etc.",34878,Fijos,False,DANE_ENIG_2006_2007
"Desinfectantes: alcohol, menticol, yodo, merthiolate, mercurio cromo, agua oxigenada, árnica, isodin",3554,Fijos,False,DANE_ENIG_2006_2007
"Suero oral, fisiológico, etc.",4709,Fijos,False,DANE_ENIG_2006_2007
Vacunas,1331,Fijos,False,DANE_ENIG_2006_2007
"Vitaminas, reconstituyentes, calcio y otros minerales",17705,Fijos,False,DANE_ENIG_2006_2007
Aceite de hígado de bacalao,6865,Fijos,False,DANE_ENIG_2006_2007
"Productos formulados para uso dermatológico: Lociones, cremas, pomadas, unguento",12999,Fijos,False,DANE_ENIG_2006_2007
"Gotas para oidos, ojos y naríz",13186,Fijos,False,DANE_ENIG_2006_2007
"Anticonceptivos orales (píldoras), óvulos, inyecciones, cremas anticonceptivas y parches",12222,Fijos,False,DANE_ENIG_2006_2007
Medicamentos homeopáticos y bioenergéticos,57453,Fijos,False,DANE_ENIG_2006_2007
"Otras drogas sueltas: anestésicos, enzimas y sales biliares, diuréticos orales e inyectables y otros",30903,Fijos,False,DANE_ENIG_2006_2007
Fórmula médica completa,64721,Fijos,False,DANE_ENIG_2006_2007
Termómetros clínicos,1200,Fijos,False,DANE_ENIG_2006_2007
"Jeringas, agujas hipodérmicas",1697,Fijos,False,DANE_ENIG_2006_2007
"Esparadrapo, vendas, gasas, curitas.",8079,Fijos,False,DANE_ENIG_2006_2007
Dispositivo de pruebas de embarazo,5419,Fijos,False,DANE_ENIG_2006_2007
"Otros implementos médicos: bolsas de agua caliente, bolsas de hielo, etc",10352,Fijos,False,DANE_ENIG_2006_2007
Preservativos (condones),7245,Fijos,False,DANE_ENIG_2006_2007
"Anteojos, gafas o lentes de contacto formulados",6655,Fijos,False,DANE_ENIG_2006_2007
Muletas y bastones ortopédicos,1250,Fijos,False,DANE_ENIG_2006_2007
Zapatos ortopédicos,13333,Fijos,False,DANE_ENIG_2006_2007
"Soportes de cuello, bragueros, fajas quirúrgicas, medias elásticas para traumatología; soportes para",3424,Fijos,False,DANE_ENIG_2006_2007
"Otros aparatos ortopédicos: ojos de cristal, audífonos ortopédicos",6667,Fijos,False,DANE_ENIG_2006_2007
Consulta médica general con médico particular,6999,Fijos,False,DANE_ENIG_2006_2007
"Consulta médica con especialista particular: pediatría, oftalmología, ginecología, siquiatría, traum",17593,Fijos,False,DANE_ENIG_2006_2007
Servicios de especialistas en ortodoncia,30051,Fijos,False,DANE_ENIG_2006_2007
"Consulta particular con médicos homeópatas, bioenérgeticos y otros no tradicional",23735,Fijos,False,DANE_ENIG_2006_2007
"Servicios odontológicos con odontólogos particulares: consultas, profilaxis, exodoncias (extracción)",64213,Fijos,False,DANE_ENIG_2006_2007
"Servicios para particulares en centros de rayos X: radiografías (incluyendo las dentales), urografía",14758,Fijos,False,DANE_ENIG_2006_2007
"Exámenes de laboratorio para particulares: de sangre, bacteriológicos, serología, etc.",15015,Fijos,False,DANE_ENIG_2006_2007
"Servicios independientes de: acupunturistas, fonoaudiólogos, fisioterapeutas",10667,Fijos,False,DANE_ENIG_2006_2007
Terapia de gimnasia correctiva recetada por médicos,5059,Fijos,False,DANE_ENIG_2006_2007
"Servicios de enfermería y maternidad en el hogar (partera, comadrona, enfermera privada)",33333,Fijos,False,DANE_ENIG_2006_2007
"Consulta con teguas, empíricos, curanderos, yerbateros, comadronas, etc",8603,Fijos,False,DANE_ENIG_2006_2007
"Cuotas moderadoras EPS, ARS (medicina, odontología, especialistas, medicamentos, examenes, etc.",8229,Fijos,False,DANE_ENIG_2006_2007
"Bonos de medicina prepagada o pago en efectivo por consultas, odontología, medicamentos, examenes, e",11709,Fijos,False,DANE_ENIG_2006_2007
"Servicios básicos hospitalarios para pacientes particulares internos: alojamiento, alimentación, tra",18077,Fijos,False,DANE_ENIG_2006_2007
"Servicios médicos hospitalarios para particulares: atención de médicos (generales y especialistas), ",63332,Fijos,False,DANE_ENIG_2006_2007
"Servicios médicos menores (pequeña cirugía, cirugía ambulatoria, urgencias, etc.",11956,Fijos,False,DANE_ENIG_2006_2007
Copagos (Pago adicional por hospitalizaciones o cirugias de beneficiarios de EPS),10045,Fijos,False,DANE_ENIG_2006_2007
Compra de vehículos usados para uso particular (incluye pagos por nacionalización y otros pagos),588526,Salidas,False,DANE_ENIG_2006_2007
Compra de motocicletas y bicicletas con motor nuevas o usadas,258907,Salidas,False,DANE_ENIG_2006_2007
Gastos de matrículas o traspaso de motocicletas o bicicletas con motor,38333,Salidas,False,DANE_ENIG_2006_2007
Compra de bicicletas nuevas o usadas,9774,Salidas,True,DANE_ENIG_2006_2007
Animales y vehículos de tracción animal para transporte de personas del hogar,1303,Salidas,True,DANE_ENIG_2006_2007
"Llantas y neumáticos, rines para vehículo",24619,Salidas,False,DANE_ENIG_2006_2007
Motores para vehículo,208333,Salidas,False,DANE_ENIG_2006_2007
"Bujías, inyectores, filtros, amortiguadores, baterías, carburadores, distribuidores de corriente, vi",26499,Salidas,False,DANE_ENIG_2006_2007
"Productos para la limpieza y conservación del vehículo: pintura, limpiadores, shampoo, ceras, ambien",17634,Salidas,False,DANE_ENIG_2006_2007
Herramientas para vehículos de transporte personal,1574,Salidas,True,DANE_ENIG_2006_2007
"Piezas para bicicleta: Llantas, neumáticos, rines, manzanas, cadenas, cambios, piñones, guallas, sil",11486,Salidas,False,DANE_ENIG_2006_2007
Gasolina corriente y extra,91304,Salidas,False,DANE_ENIG_2006_2007
Gas vehicular,64950,Salidas,False,DANE_ENIG_2006_2007
Combustible diesel,18015,Salidas,False,DANE_ENIG_2006_2007
"Aditivos, valvulinas, líquido para frenos, refrigerantes, etc.",7684,Salidas,True,DANE_ENIG_2006_2007
"Mantenimiento y reparaciones efectuadas en el taller: engrase, sincronización, revisiones técnicas, ",130074,Salidas,False,DANE_ENIG_2006_2007
Compra y cambio de aceite,9528,Salidas,True,DANE_ENIG_2006_2007
Servicios de latonería y pintura,24936,Salidas,False,DANE_ENIG_2006_2007
Cuotas a clubes o compañías de servicos especiales para el vehículo,15000,Salidas,False,DANE_ENIG_2006_2007
Pago mensual de parqueadero,48006,Salidas,False,DANE_ENIG_2006_2007
Pago de parqueadero o parquímetro por horas o días,12040,Salidas,False,DANE_ENIG_2006_2007
Peajes,31545,Salidas,False,DANE_ENIG_2006_2007
Gastos en licencias y clases de conducción,15000,Salidas,False,DANE_ENIG_2006_2007
Comparendos y multas por infracciones,58334,Salidas,False,DANE_ENIG_2006_2007
Certificado de gases y otras revisiones ordenadas por ley,3367,Salidas,True,DANE_ENIG_2006_2007
"Pasaje en bus, buseta y colectivo",29243,Salidas,False,DANE_ENIG_2006_2007
"Pasaje en Transmilenio, MIO, etc",67258,Salidas,False,DANE_ENIG_2006_2007
Taxi urbano,40441,Salidas,False,DANE_ENIG_2006_2007
"Otros transporte urbano: servicio pirata, bicitaxi, mototaxi, funicular, telesfésrico, etc.",30281,Salidas,False,DANE_ENIG_2006_2007
"Pasaje intermunicipal en bus, buseta, colectivo, taxi, aero vans, chiva, campero, etc.",29282,Salidas,False,DANE_ENIG_2006_2007
Pasaje en transporte internacional terrestre,17810,Salidas,False,DANE_ENIG_2006_2007
Transporte de equipajes por vía terrestre,13829,Salidas,False,DANE_ENIG_2006_2007
Otro tipo de transporte intermunicipal,18016,Salidas,False,DANE_ENIG_2006_2007
Pasaje en transporte interveredal y a ciudades dormitorio,41559,Salidas,False,DANE_ENIG_2006_2007
Transporte escolar prestado por el colegio (con buses propios o con empresa contratada),23791,Salidas,False,DANE_ENIG_2006_2007
Transporte escolar particular contratado por los padres,41756,Salidas,False,DANE_ENIG_2006_2007
Transporte de pasajeros y equipaje en avión (incluye pagos por exceso de equipaje),80000,Salidas,False,DANE_ENIG_2006_2007
Transporte de pasajeros y equipajes en helicóptero,25176,Salidas,False,DANE_ENIG_2006_2007
"Transporte de pasajeros y equipajes por mar, rios, caños, lagos, etc. En buque, navío, aerodeslizado",25921,Salidas,False,DANE_ENIG_2006_2007
"Transporte de pasajeros y equipajes por mar, rios, caños, lagos, etc. En ferry, planchon, canoa y la",33792,Salidas,False,DANE_ENIG_2006_2007
Gastos por dos o más medios de transporte cuando el gasto no se puede discriminar,8422,Salidas,True,DANE_ENIG_2006_2007
Servicio de trasteos y mudanzas,8170,Salidas,True,DANE_ENIG_2006_2007
"Envío de cartas, correspondencia, paquetes o encomiendas por correo (incluye compra de postales con ",9282,Susc.,False,DANE_ENIG_2006_2007
Pago por servicio de envío de giros postales,833,Susc.,False,DANE_ENIG_2006_2007
Apartado Aéreo,11442,Susc.,False,DANE_ENIG_2006_2007
Compra de teléfonos fijos y accesorios,8609,Susc.,False,DANE_ENIG_2006_2007
Compra de celular y accesorios,12500,Susc.,False,DANE_ENIG_2006_2007
"Compra de radioteléfono, bepper, Avantel y accesorios",12502,Susc.,False,DANE_ENIG_2006_2007
"Llamadas de larga distancia nacional o internacional desde teléfonos públicos, cabinas telefónicas, ",8155,Susc.,False,DANE_ENIG_2006_2007
Pago de llamadas por minuto desde celular en la calle a cualquier destino,11986,Susc.,False,DANE_ENIG_2006_2007
Teléfono residencial (local y larga distancia),34950,Susc.,False,DANE_ENIG_2006_2007
Instalación y reconexión de línea telefónica residencial,15657,Susc.,False,DANE_ENIG_2006_2007
Pago de servicio de telefono celular postpago,74150,Susc.,False,DANE_ENIG_2006_2007
Activación y reactivación de teléfono celular,3551,Susc.,False,DANE_ENIG_2006_2007
Pago por servicio de beeper o Avantel,20000,Susc.,False,DANE_ENIG_2006_2007
Pago de internet según demanda o por tiempo de uso,12270,Susc.,False,DANE_ENIG_2006_2007
Servicios de café internet,13325,Susc.,False,DANE_ENIG_2006_2007
Pago por descargas de internet y suscripción a páginas web,2281,Susc.,False,DANE_ENIG_2006_2007
Tarjetas prepago para celular,15844,Susc.,False,DANE_ENIG_2006_2007
"Otras tarjetas prepago: local, larga distancia, internet, etc.",5818,Susc.,False,DANE_ENIG_2006_2007
"Equipos de sonido, radiolas y tocadiscos",53379,Salidas,False,DANE_ENIG_2006_2007
Reproductores de CD,21667,Salidas,False,DANE_ENIG_2006_2007
"Radio, radioreloj, grabadoras, radiograbadora",4640,Salidas,True,DANE_ENIG_2006_2007
"Radio o equipo de sonido para vehículos (casetera, CD y MP3)",29167,Salidas,False,DANE_ENIG_2006_2007
"Otros equipos para la recepción, grabación y reproducción de sonido",26708,Salidas,False,DANE_ENIG_2006_2007
Televisor blanco y negro,17457,Salidas,False,DANE_ENIG_2006_2007
Televisor a color convencional,32525,Salidas,False,DANE_ENIG_2006_2007
Televisor de plasma o pantalla crsital liquido (LCD),46567,Salidas,False,DANE_ENIG_2006_2007
DVD,11810,Salidas,False,DANE_ENIG_2006_2007
Teatro en casa,50000,Salidas,False,DANE_ENIG_2006_2007
Cámaras fotográficas,36250,Salidas,False,DANE_ENIG_2006_2007
"Computadores personales, portátiles y de bolsillo",57930,Salidas,False,DANE_ENIG_2006_2007
Impresoras,13163,Salidas,False,DANE_ENIG_2006_2007
Calculadoras,1034,Salidas,True,DANE_ENIG_2006_2007
"Webcam, Dispositivos de joystick y similares, Mouse, Teclados, Parlantes para computador, Cables par",1917,Salidas,True,DANE_ENIG_2006_2007
"Memoria de USB, memory sticks, tarjetas SD, lectores de SD",7083,Salidas,True,DANE_ENIG_2006_2007
"Otros accesorios para computador: Forros, Pad mouse, etc.",5833,Salidas,True,DANE_ENIG_2006_2007
Casetes pregrabados de audio,3867,Salidas,True,DANE_ENIG_2006_2007
CD´s y DVD´s pregrabados (excluir software y videojuegos),11266,Salidas,False,DANE_ENIG_2006_2007
"Cintas, casetes, CD´s, DVD´s y disquetes vírgenes",9152,Salidas,True,DANE_ENIG_2006_2007
"Material para uso fotográfico: Rollos, cartuchos, discos vírgenes para uso otográfico y cinematográf",9461,Salidas,True,DANE_ENIG_2006_2007
Reparación de equipos y accesorios audiovisuales,1097,Salidas,True,DANE_ENIG_2006_2007
Reparación de equipos y accesorios fotográficos,2917,Salidas,True,DANE_ENIG_2006_2007
"Instrumentos musicales: Armónicas, flautas, maracas, tambores, baterías, guitarras, órganos, pianos,",5746,Salidas,True,DANE_ENIG_2006_2007
"Juegos de mesa: cartas, naipes, dominó, ajedrez, parqués, damas chinas, rumi-q, etc.",894,Salidas,True,DANE_ENIG_2006_2007
"Juguetes: carros, trenes, muñecas, loterias, peluches, rompecabezas, sonajeros,  armatodos, bromas, ",7313,Salidas,True,DANE_ENIG_2006_2007
"Bicicletas para niño(a), triciclos, columpios",6968,Salidas,True,DANE_ENIG_2006_2007
Casetes y CD ROM de video juegos,8177,Salidas,True,DANE_ENIG_2006_2007
"Disfraces (vestidos, máscaras, accesorios)",2375,Salidas,True,DANE_ENIG_2006_2007
"Adornos navideños (árboles de navidad, guirnaldas, etc), pólvora y fuegos artificiales",2285,Salidas,True,DANE_ENIG_2006_2007
"Artículos para fiestas: piñatas, serpentinas, confetis, bombas plásticas, recordatorios, etc.",42219,Salidas,False,DANE_ENIG_2006_2007
"Equipo y accesorios para camping: carpas, colchonetas aislantes o térmicas, linternas, asadores o es",2500,Salidas,True,DANE_ENIG_2006_2007
"Calzado para deportes: patines, guayos, zapatos para golf, zapatillas para atletismo, clavos para al",11667,Salidas,False,DANE_ENIG_2006_2007
"Equipos para pesca y caza: cañas y otros equipos para pescar, armas de fuego y municiones",6251,Salidas,True,DANE_ENIG_2006_2007
Flores sueltas o por docena,54186,Salidas,False,DANE_ENIG_2006_2007
"Coronas, flores para funerales, hojas verdes",2148,Salidas,True,DANE_ENIG_2006_2007
Plantas artificiales: Flores (sueltas o en ramo) y matas,50000,Salidas,False,DANE_ENIG_2006_2007
"Semillas, bulbos de plantas, césped, fertilizantes, fungicidas, abonos, materas, macetas y tiestos p",30771,Salidas,False,DANE_ENIG_2006_2007
"Animales domésticos y mascotas: perros, gatos, pájaros, conejos, peces, etc.",3205,Salidas,True,DANE_ENIG_2006_2007
Alimentos para animales domésticos y mascotas,33048,Salidas,False,DANE_ENIG_2006_2007
"Productos para animales domésticos y mascotas, productos de veterinaria, para el cuidado e higiene (",23119,Salidas,False,DANE_ENIG_2006_2007
"Servicios de veterinaria y de otro tipo para animales domésticos: cuidado, salón de belleza, alojami",8637,Salidas,True,DANE_ENIG_2006_2007
"Entrada a Ferias (del libro, artesanal, etc)",40500,Salidas,False,DANE_ENIG_2006_2007
"Gastos en parques, parques de diversiones, juegos mecánicos (no incluir pago de paquetes de paseos d",29018,Salidas,False,DANE_ENIG_2006_2007
Gastos en bazares y fiestas populares,36829,Salidas,False,DANE_ENIG_2006_2007
"Gastos en fiestas del hogar (matrimonios, cumpleaños, bautizos, navidad)",14825,Salidas,False,DANE_ENIG_2006_2007
Gastos en juegos electrónicos y maquinitas (daytona y otras) en estableciemientos públicos,7680,Salidas,True,DANE_ENIG_2006_2007
Pago por servicios de gimnasio,4500,Salidas,True,DANE_ENIG_2006_2007
"Servicio de billar, tejo, rana y ping pong",35097,Salidas,False,DANE_ENIG_2006_2007
Entradas a cine,26345,Salidas,False,DANE_ENIG_2006_2007
Entradas a circos y otros espectáculos afines,8074,Salidas,True,DANE_ENIG_2006_2007
Entradas a plazas de toros,6667,Salidas,True,DANE_ENIG_2006_2007
"Suscripción, instalación, conexión o reconexión a televisión por cable, satelital, digitalizada o an",2372,Salidas,True,DANE_ENIG_2006_2007
"Pago por servicio de televisión por cable, satelital, digitalizada o antena parabolica",11047,Salidas,False,DANE_ENIG_2006_2007
"Alquiler de películas, videos musicales y videojuegos",7056,Salidas,True,DANE_ENIG_2006_2007
"Servicios fotográficos: fotografías, revelado, ampliaciones, impresión de fotografías digitales, ser",19788,Salidas,False,DANE_ENIG_2006_2007
"Loterías, chance, baloto y similares",20864,Salidas,False,DANE_ENIG_2006_2007
Rifas y sorteos (diferentes a loterías),8281,Salidas,True,DANE_ENIG_2006_2007
"Casinos, máquinas tragamonedas y bingos",23710,Salidas,False,DANE_ENIG_2006_2007
Libros sueltos de lectura,26923,Salidas,False,DANE_ENIG_2006_2007
Atlas y diccionarios,1332,Salidas,True,DANE_ENIG_2006_2007
"Fascículos y tomos de enciclopedias, obras completas o colecciones",182169,Salidas,False,DANE_ENIG_2006_2007
Libros técnicos y libros especializados,39380,Salidas,False,DANE_ENIG_2006_2007
Lista de útiles escolares completa,5586,Salidas,True,DANE_ENIG_2006_2007
"Libros de texto: textos guías para clase (incluye libros de literatura, poesía, etc, requeridos en c",3922,Salidas,True,DANE_ENIG_2006_2007
Compra diaria de periódicos,9032,Salidas,True,DANE_ENIG_2006_2007
"Compra de revistas sueltas, fotonovelas, cuentos y cuadernillos para colorear",6000,Salidas,True,DANE_ENIG_2006_2007
Mapas y globos terráqueos,549,Salidas,True,DANE_ENIG_2006_2007
"Cuadernos (cosidos, grapados, argollados, plastificados, etc.) y blocks",11612,Salidas,False,DANE_ENIG_2006_2007
"Libretas, agendas, diarios personales y libros de contabilidad",1368,Salidas,True,DANE_ENIG_2006_2007
"Hojas sueltas de papel (oficio, carta, cuadriculado, mantequilla, carbón), cartulina y otro tipo de ",3423,Salidas,True,DANE_ENIG_2006_2007
Resmas de papel (carta u oficio),4778,Salidas,True,DANE_ENIG_2006_2007
"Otros artículos de papeleria: fólderes, sobres (carta o manila), forros, rótulos",8146,Salidas,True,DANE_ENIG_2006_2007
"Lápices, portaminas, minas, talápices y borradores",3196,Salidas,True,DANE_ENIG_2006_2007
"Bolígrafos, plumasters, estilógrafos, plumas, marcadores y resaltadores",2790,Salidas,True,DANE_ENIG_2006_2007
"Tintas (para estilógrafo, china y otras), plantillas de dibujo, almohadillas, líquidos correctores, ",2555,Salidas,True,DANE_ENIG_2006_2007
Pinceles para dibujo,1491,Salidas,True,DANE_ENIG_2006_2007
"Vinilos, témperas, acuarelas, óleos, carboncillos, cajas de colores, crayolas, plastilina, otras pin",3055,Salidas,True,DANE_ENIG_2006_2007
"Otros artículos para manualidades (repujadores, troqueladores, enrolladores, etc)",7474,Salidas,True,DANE_ENIG_2006_2007
"Perforadoras, cortadoras, tijeras, grapadoras",83,Salidas,True,DANE_ENIG_2006_2007
"Pegamentos, cintas, colbones, gomas, adhesivos, bisturís, grapas, clips, broches",2245,Salidas,True,DANE_ENIG_2006_2007
"Reglas, escuadras, compaces, transportadores y otros instrumentos de geometría.",3050,Salidas,True,DANE_ENIG_2006_2007
"Estuches para lápices, pizarras, tiza, yeso para actividades educativas, madera balso etc.",8833,Salidas,True,DANE_ENIG_2006_2007
"Paquetes turísticos completos: Gira turística completa (incluye pasajes, alojamiento, alimentación, ",166667,Salidas,False,DANE_ENIG_2006_2007
Matrícula e inscripción en preescolar,1510,Fijos,False,DANE_ENIG_2006_2007
Pensiones en preescolar,13085,Fijos,False,DANE_ENIG_2006_2007
Bonos escolares en preescolar,1330,Fijos,False,DANE_ENIG_2006_2007
Asociación de padres de familia en preescolar,1017,Fijos,False,DANE_ENIG_2006_2007
"Uniformes (diario, gala, deportes) en preescolar",4727,Fijos,False,DANE_ENIG_2006_2007
"Otros gastos en preescolar no especificados anteriormente (aportes para rifas, eventos especiales y ",5442,Fijos,False,DANE_ENIG_2006_2007
Matrícula e inscripción en primaria,1947,Fijos,False,DANE_ENIG_2006_2007
Pensiones en primaria,24416,Fijos,False,DANE_ENIG_2006_2007
Bonos escolares en primaria,1501,Fijos,False,DANE_ENIG_2006_2007
Asociación de padres de familia en primaria,961,Fijos,False,DANE_ENIG_2006_2007
"Uniformes (diario, gala, deportes) en primaria",6394,Fijos,False,DANE_ENIG_2006_2007
"Otros gastos en primaria no especificados anteriormente (aportes para rifas, eventos especiales y co",10141,Fijos,False,DANE_ENIG_2006_2007
Matrícula e inscripción en educación para niños con necesidades educativas especiales,937,Fijos,False,DANE_ENIG_2006_2007
Matriculas e inscripción en secundaria,4492,Fijos,False,DANE_ENIG_2006_2007
Pensiones en secundaria,46543,Fijos,False,DANE_ENIG_2006_2007
Bonos escolares en secundaria,2024,Fijos,False,DANE_ENIG_2006_2007
Asociación de padres de familia en secundaria,1108,Fijos,False,DANE_ENIG_2006_2007
"Uniformes (diario, gala, deportes) en secundaria",7646,Fijos,False,DANE_ENIG_2006_2007
"Otros gastos en secundaria no especificados anteriormente (aportes para rifas, eventos especiales y ",27406,Fijos,False,DANE_ENIG_2006_2007
Inscripciones y matrículas en carreras universitarias (no incluye postgrado),102244,Fijos,False,DANE_ENIG_2006_2007
Inscripciones y matrículas en carreras técnicas y tecnológicas,43082,Fijos,False,DANE_ENIG_2006_2007
"Inscripciones y matrículas en postgrados (especialización, maestría, doctorado)",416667,Fijos,False,DANE_ENIG_2006_2007
Otros gastos en educación superior (pregrados y postgrados),22210,Fijos,False,DANE_ENIG_2006_2007
"Cursos de educación no formal en academias o instituciones de idiomas, informática, moda y confecció",56497,Fijos,False,DANE_ENIG_2006_2007
Cursos de educación no formal en academias o instituciones de deportes,10000,Fijos,False,DANE_ENIG_2006_2007
Cursos de educación no formal en academias o instituciones de formación artística,10000,Fijos,False,DANE_ENIG_2006_2007
"Diplomados, educación continuada, preicfes, preuniversitarios",4167,Fijos,False,DANE_ENIG_2006_2007
Educación para adultos y validaciones,20893,Fijos,False,DANE_ENIG_2006_2007
Clases académicas dictadas por particulares,12437,Fijos,False,DANE_ENIG_2006_2007
Desayunos completos,13452,Salidas,False,DANE_ENIG_2006_2007
Almuerzos completos,33909,Salidas,False,DANE_ENIG_2006_2007
Comidas completas,22393,Salidas,False,DANE_ENIG_2006_2007
"Platos diversos: Pollo asado, carne asada, arroz chino, lechona y similares",15209,Salidas,False,DANE_ENIG_2006_2007
"Bebidas calientes en cafeterías y similares: Tinto, café con leche, chocolate, té, bebida achocolata",2295,Salidas,True,DANE_ENIG_2006_2007
Gaseosa y otros refrescos,2134,Salidas,True,DANE_ENIG_2006_2007
Jugos naturales,2912,Salidas,True,DANE_ENIG_2006_2007
"Masato, mazamorra, chicha, avena helada, malteada, agua de panela fria y similar",575,Salidas,True,DANE_ENIG_2006_2007
"Helados, paletas, conos y similares",775,Salidas,True,DANE_ENIG_2006_2007
"Pan, almojábanas, buñuelos, pandeyucas, arepas y similares",2446,Salidas,True,DANE_ENIG_2006_2007
"Emparedados, empanadas, bollos, envueltos, tamales, pastel de pollo, perros calientes, hamburguesas,",6197,Salidas,True,DANE_ENIG_2006_2007
"Productos de salsamentaria y fritanga: chorizos, jamones, rellenas y similares",5729,Salidas,True,DANE_ENIG_2006_2007
"Onces, medias nueves, media mañana, algo, entredía, recreo",1289,Salidas,True,DANE_ENIG_2006_2007
"Gastos en discotecas, bares, griles, tabernas y similares (comida, bebidas, cover)",52765,Salidas,False,DANE_ENIG_2006_2007
"Gastos en bebidas alcohólicas (cerveza, aguardiente, ron, etc) en tiendas, fondas rurales y al aire ",37161,Salidas,False,DANE_ENIG_2006_2007
"Pago mensual por alimentación de estudiantes en establecimiento educativo (restaurantes escolares, u",10138,Salidas,False,DANE_ENIG_2006_2007
Pago en comedores comunitarios,7918,Salidas,True,DANE_ENIG_2006_2007
Valor imputado por alimentación en comedores comunitarios,8714,Salidas,True,DANE_ENIG_2006_2007
Valor imputado de alimentos que pagaria a precios de mercado para menores de 3 años,50657,Salidas,False,DANE_ENIG_2006_2007
Pago de alimentos recibidos por personas de 3 años y más en el plantel,9765,Salidas,True,DANE_ENIG_2006_2007
Valor imputado de alimentos que pagaria a precios de mercado para personas de 3 años y más,72846,Salidas,False,DANE_ENIG_2006_2007
"Servicios de alojamiento en hoteles, pensiones, posadas y hostales",39408,Salidas,False,DANE_ENIG_2006_2007
Servicios de alojamiento en moteles y residencias,45241,Salidas,False,DANE_ENIG_2006_2007
"Servicios de alojamiento en Centros de vacaciones, cabañas, apartamentos, servicios de alquiler en t",5000,Salidas,True,DANE_ENIG_2006_2007
Servicios de alojamiento por motivo de enseñanza: internados de colegios; residencias estudiantiles;,114004,Salidas,False,DANE_ENIG_2006_2007
Corte de pelo para hombres y niños,4360,Fijos,False,DANE_ENIG_2006_2007
Afeitado en barberías,2378,Fijos,False,DANE_ENIG_2006_2007
"Corte de pelo, peinado y alizado para mujeres y niñas",6583,Fijos,False,DANE_ENIG_2006_2007
Tratamientos capilares y faciales,18000,Fijos,False,DANE_ENIG_2006_2007
Manicure y pedicure,6106,Fijos,False,DANE_ENIG_2006_2007
"Teñido de cabello, permanentes y desrizados en salon de belleza",19633,Fijos,False,DANE_ENIG_2006_2007
Depilaciones,3000,Fijos,False,DANE_ENIG_2006_2007
"Máquinas eléctricas de afeitar, para cortar el pelo y depiladoras",3929,Fijos,False,DANE_ENIG_2006_2007
Pinzas y secadores eléctricos,6503,Fijos,False,DANE_ENIG_2006_2007
"Otros aparatos eléctricos para el cuidado personal: cepillos de dientes, vaporizdores, artículos elé",125,Fijos,False,DANE_ENIG_2006_2007
"Máquina de afeitar no desechables, cuchillas y repuestos para máquinas de afeitar desechables, depil",2641,Fijos,False,DANE_ENIG_2006_2007
Balanzas personales o pesas,1417,Fijos,False,DANE_ENIG_2006_2007
Jabones de tocador líquidos y en barra,2796,Fijos,False,DANE_ENIG_2006_2007
"Champús, acondicionadores, bálsamos, enjuagues, cremas y tratamientos para el cabello (excluir los p",7961,Fijos,False,DANE_ENIG_2006_2007
"Cremas de afeitar (tubo, aerosol, gel) y lociones para después de la afeitada",8293,Fijos,False,DANE_ENIG_2006_2007
"Desodorantes (crema, barra, roll-on, aerosol)",5783,Fijos,False,DANE_ENIG_2006_2007
"Perfumes, colonias y lociones",39301,Fijos,False,DANE_ENIG_2006_2007
"Artículos para la higiene corporal del bebé: Aceites, cremas, champús, bálsamos, , jabones, colonias",12693,Fijos,False,DANE_ENIG_2006_2007
Otros artículos para higiene corporal,4643,Fijos,False,DANE_ENIG_2006_2007
"Cepillos de dientes, hilo y seda dental",4099,Fijos,False,DANE_ENIG_2006_2007
Crema dental y enjuague bucal,3619,Fijos,False,DANE_ENIG_2006_2007
"Otros artículos para la higiene oral (blanqueadores, ceras, etc)",11942,Fijos,False,DANE_ENIG_2006_2007
"Bases para la cara, polvos faciales, pestañinas, labiales, lápices de ceja, delineadores, sombras y ",10070,Fijos,False,DANE_ENIG_2006_2007
"Esmaltes, quitaesmaltes y diluyentes",2940,Fijos,False,DANE_ENIG_2006_2007
"Cremas (nutritivas, limpiadoras, hidratantes, etc.), talcos y polvos para el cuerpo y los pies, bron",10144,Fijos,False,DANE_ENIG_2006_2007
Tinturas para el cabello,12654,Fijos,False,DANE_ENIG_2006_2007
Otros productos de belleza,9109,Fijos,False,DANE_ENIG_2006_2007
Papel higiénico,3956,Fijos,False,DANE_ENIG_2006_2007
"Algodón, esponjas para el cuerpo y copitos",1729,Fijos,False,DANE_ENIG_2006_2007
"Toallas desechables: de mano, de cocina, pañuelos desechables, pañitos húmedos",3595,Fijos,False,DANE_ENIG_2006_2007
"Toallas sanitarias, protectores y tampones",3667,Fijos,False,DANE_ENIG_2006_2007
"Protectores para brassier, mamadores, succionadores y pezoneras",7453,Fijos,False,DANE_ENIG_2006_2007
Pañales desechables,12499,Fijos,False,DANE_ENIG_2006_2007
Pañales para incontinencia,14558,Fijos,False,DANE_ENIG_2006_2007
Otros productos para el aseo personal,6101,Fijos,False,DANE_ENIG_2006_2007
"Anillos, argollas, sortijas, aretes, pendientes, prendedores y alfileres para corbata, mancornas en ",13167,Fijos,False,DANE_ENIG_2006_2007
"Collares, cadenas, gargantillas, pulseras y manillas en oro y plata.",86812,Fijos,False,DANE_ENIG_2006_2007
"Relojes de mesa o pared y despertadores, termómetros y barómetros de pared",789,Fijos,False,DANE_ENIG_2006_2007
"Relojes de pulso, de bolsillo y cronómetros",1674,Fijos,False,DANE_ENIG_2006_2007
"Reparación de relojes, cronómetros, termómetros y barómetros de pared",1475,Fijos,False,DANE_ENIG_2006_2007
"Anillos, argollas, sortijas, aretes, pendientes, prendedores de fantasía.",5635,Fijos,False,DANE_ENIG_2006_2007
"Collares, cadenas, gargantillas, pulseras y manillas de fantasía",3146,Fijos,False,DANE_ENIG_2006_2007
Reparación de artículos de fantasía,1667,Fijos,False,DANE_ENIG_2006_2007
"Maletines, portafolios y bolsos de viaje",12057,Fijos,False,DANE_ENIG_2006_2007
Carteras y bolsos de mano,7926,Fijos,False,DANE_ENIG_2006_2007
"Billeteras, monederos, tarjeteros de bolsillo y portabilletes",4073,Fijos,False,DANE_ENIG_2006_2007
Bolsos y mochilas para estudiantes,6727,Fijos,False,DANE_ENIG_2006_2007
"Coches, caminadores, sillas, sillas para vehículo, cestos y hamacas para bebé",12286,Fijos,False,DANE_ENIG_2006_2007
"Chupos, mamilas, entretenedores",1615,Fijos,False,DANE_ENIG_2006_2007
Pañaleras,9958,Fijos,False,DANE_ENIG_2006_2007
"Otros artículos para bebé (bañeras, correas para bebé, etc)",6221,Fijos,False,DANE_ENIG_2006_2007
Reparación de artículos para bebé,5333,Fijos,False,DANE_ENIG_2006_2007
"Artículos personales varios: gafas de sol, lentes de contacto cosmeticos, bastones, paraguas y sombr",4975,Fijos,False,DANE_ENIG_2006_2007
"Artículos de funeraria: Ataúdes, lápidas y urnas",48839,Fijos,False,DANE_ENIG_2006_2007
"Pagos mensuales en guardería o salacunas: pensión, alimentación, etc",9515,Fijos,False,DANE_ENIG_2006_2007
"Pagos anuales en guarderías o salacunas: matrícula, materiales, etc",286,Fijos,False,DANE_ENIG_2006_2007
Aportes obligatorios de trabajadores independientes a Eps,46834,Fijos,False,DANE_ENIG_2006_2007
Aportes obligatorios de trabajadores independientes a fondos de pensiones y cesantías,35540,Fijos,False,DANE_ENIG_2006_2007
Aportes voluntarios a fondos de pensiones y cesantías,67000,Fijos,False,DANE_ENIG_2006_2007
Seguro de vida y de educación (ahorro programado),9602,Fijos,False,DANE_ENIG_2006_2007
Pago anual por medicina prepagada,19470,Fijos,False,DANE_ENIG_2006_2007
Seguro estudiantil,813,Fijos,False,DANE_ENIG_2006_2007
"Seguros relacionados con la salud: Médico, Maternidad, Neonatal, ambulancia, de accidentes, etc.",5808,Fijos,False,DANE_ENIG_2006_2007
Pago de Seguro Obligatorio SOAT,19523,Fijos,False,DANE_ENIG_2006_2007
Pago de Seguro de vehículos contra todo riesgo,40122,Fijos,False,DANE_ENIG_2006_2007
"Otros Seguros relacionados con el transporte: Seguro de Vuelo, Seguro de viaje y equipaje",6934,Fijos,False,DANE_ENIG_2006_2007
"Otros seguros: seguros de responsabilidad civil por lesiones o daños a terceros o a su propiedad, se",166565,Fijos,False,DANE_ENIG_2006_2007
Pago de póliza de cumplimiento por contrato a término fijo,15505,Fijos,False,DANE_ENIG_2006_2007
Cuota de manejo de tarjeta débito o crédito,308184,Fijos,False,DANE_ENIG_2006_2007
"Cuotas o pagos por préstamos de consumo realizados a Bancos, Cooperativas y Fondos (excluir cuotas d",486670,Fijos,False,DANE_ENIG_2006_2007
"Pago del ultimo recibo por tarjetas de crédito (Diners, Credibanco, Visa, etc.),",206373,Fijos,False,DANE_ENIG_2006_2007
Cuotas de amortización de vivienda para uso del hogar diferentes a la que habita,237399,Fijos,False,DANE_ENIG_2006_2007
Cuotas o pagos por préstamos adquiridos con particulares y organizaciones del sector no financiero,137088,Fijos,False,DANE_ENIG_2006_2007
"Compra de terrenos, lotes, locales, fincas, parcelas y similares",236281,Fijos,False,DANE_ENIG_2006_2007
Dineros ahorrados el último mes,139371,Fijos,False,DANE_ENIG_2006_2007
Dineros dados en préstamo a otras personas,203718,Fijos,False,DANE_ENIG_2006_2007
Otros Servicios de Intermediación Financiera,200000,Fijos,False,DANE_ENIG_2006_2007
"Cuota de amortización de la vivienda propia, pagándose que habita el hogar",247044,Fijos,False,DANE_ENIG_2006_2007
"Pagos a bancos e instituciones financieras, casas de cambios, etc, por chequeras",118402,Fijos,False,DANE_ENIG_2006_2007
Cuotas o pagos directos a almacenes y distribuidores por compras a crédito (incluye tarjetas de créd,79301,Fijos,False,DANE_ENIG_2006_2007
"Pagos de honorarios por: asesoría jurídicas, contratación de personal para el hogar, agencias matrim",4167,Fijos,False,DANE_ENIG_2006_2007
Pago por publicación en el diario oficial por contrato a término fijo,183425,Fijos,False,DANE_ENIG_2006_2007
"Certificados y documentos administrativos: Cédula de ciudadanía, pasaporte, visas, tarjetas profesio",7069,Fijos,False,DANE_ENIG_2006_2007
"Cuotas a asociaciones profesionales, partidos políticos, juntas de acción comunal, aportes y donacio",20109,Fijos,False,DANE_ENIG_2006_2007
Cuotas a instituciones religiosas y diezmo,17014,Fijos,False,DANE_ENIG_2006_2007
"Derechos religiosos y civiles por entierros,matrimonios, gastos en pompas fúnebres y en otros servic",3600,Fijos,False,DANE_ENIG_2006_2007
Pago por servicio de baños públicos,2165,Fijos,False,DANE_ENIG_2006_2007
"Servicio de fotocopias, reducciones, ampliaciones, laminaciones, argollados, impresión de hojas y do",5373,Fijos,False,DANE_ENIG_2006_2007
Servicio de coteros o cargadores,4330,Fijos,False,DANE_ENIG_2006_2007
Impuesto predial y de valorización de la(s) vivienda(s) ocupada(s) por el hogar,6419,Fijos,False,DANE_ENIG_2006_2007
Impuestos del vehiculo,26656,Fijos,False,DANE_ENIG_2006_2007
Impuesto de renta,8017,Fijos,False,DANE_ENIG_2006_2007
Otros impuestos (impuesto de timbre),8302,Fijos,False,DANE_ENIG_2006_2007
"Impuesto de industria, comercio y avisos -ICA- o impuesto al valor agregado -IVA",9927,Fijos,False,DANE_ENIG_2006_2007
Pago o descuento por retención en la fuente,37146,Fijos,False,DANE_ENIG_2006_2007
Pago o descuento por fondo de solidaridad pensional,29915,Fijos,False,DANE_ENIG_2006_2007
Remesas de dinero a otros hogares para sostenimiento de personas a cargo del hogar,151841,Fijos,False,DANE_ENIG_2006_2007
"Planes de protección social a personas ajenas al hogar (Plan Canitas, Gotas de agua)",817,Fijos,False,DANE_ENIG_2006_2007
