descripcion,monto,categoria,es_gasto_hormiga,fuente,peso,X
pasaje bus intermunicipal,55428,alimentacion,False,synthetic,1,pasaje bus intermunicipal monto:medio
indriver al el trabajo,7721,alimentacion,True,synthetic,1,indriver al el trabajo monto:bajo
venta mercado libre agosto,100000,ingreso_trabajo,False,synthetic,1,venta mercado libre agosto monto:medio
cerveza club colombia,10000,alimentacion,True,synthetic,1,cerveza club colombia monto:bajo
lonchera del niño domingo,19633,alimentacion,True,synthetic,1,lonchera del niño domingo monto:bajo
caja de compensacion familiar,45000,servicios,False,synthetic,1,caja de compensacion familiar monto:medio
papas salchipapa domingo,7799,alimentacion,True,synthetic,1,papas salchipapa domingo monto:bajo
pension colegio diciembre,450000,servicios,False,synthetic,1,pension colegio diciembre monto:alto
beca estudio mayo,400000,ingreso_trabajo,False,synthetic,1,beca estudio mayo monto:alto
bonificacion fin de año,2000000,ingreso_trabajo,False,synthetic,1,bonificacion fin de año monto:alto
transferencia familia abril,700000,ingreso_trabajo,False,synthetic,1,transferencia familia abril monto:alto
pago eps marzo,145000,servicios,False,synthetic,1,pago eps marzo monto:medio
lonchera del niño semana,18896,alimentacion,True,synthetic,1,lonchera del niño semana monto:bajo
pizza dominos,55830,alimentacion,False,synthetic,1,pizza dominos monto:medio
seguro soat abril,65000,servicios,False,synthetic,1,seguro soat abril monto:medio
sueldo part time abril,600000,ingreso_trabajo,False,synthetic,1,sueldo part time abril monto:alto
blender oster,180000,alimentacion,False,synthetic,1,blender oster monto:alto
mesada universitaria junio,700000,ingreso_trabajo,False,synthetic,1,mesada universitaria junio monto:alto
indriver al el centro,18218,alimentacion,True,synthetic,1,indriver al el centro monto:bajo
salario minimo colombia,1300000,ingreso_trabajo,False,synthetic,1,salario minimo colombia monto:alto
suscripcion rappi prime,17900,tecnologia,True,synthetic,1,suscripcion rappi prime monto:bajo
chance martes,7685,alimentacion,True,synthetic,1,chance martes monto:bajo
ingreso extra fotografía,500000,ingreso_trabajo,False,synthetic,1,ingreso extra fotografía monto:alto
raspa y gana,7578,alimentacion,True,synthetic,1,raspa y gana monto:bajo
devolución iva julio,300000,ingreso_trabajo,False,synthetic,1,devolución iva julio monto:alto
ingreso airbnb,800000,ingreso_trabajo,False,synthetic,1,ingreso airbnb monto:alto
recarga celular etb,12839,alimentacion,True,synthetic,1,recarga celular etb monto:bajo
desayuno lunes,14908,alimentacion,True,synthetic,1,desayuno lunes monto:bajo
nevera nueva semanal,2295505,alimentacion,False,synthetic,1,nevera nueva semanal monto:alto
subsidio gobierno noviembre,400000,ingreso_trabajo,False,synthetic,1,subsidio gobierno noviembre monto:alto
pago eps diciembre,100000,servicios,False,synthetic,1,pago eps diciembre monto:medio
icloud 200gb septiembre,3900,tecnologia,True,synthetic,1,icloud 200gb septiembre monto:bajo
domicilio uber eats desayuno,36573,alimentacion,True,synthetic,1,domicilio uber eats desayuno monto:medio
tetley,8000,alimentacion,True,synthetic,1,tetley monto:bajo
honorarios fotografía marzo,800000,ingreso_trabajo,False,synthetic,1,honorarios fotografía marzo monto:alto
taxi al el aeropuerto,19081,alimentacion,True,synthetic,1,taxi al el aeropuerto monto:bajo
cuota celular postpago,180000,servicios,False,synthetic,1,cuota celular postpago monto:alto
aguapanela con limón,4000,alimentacion,True,synthetic,1,aguapanela con limón monto:bajo
puchero bogotano,35574,alimentacion,False,synthetic,1,puchero bogotano monto:medio
recibo luz marzo,86293,servicios,False,synthetic,1,recibo luz marzo monto:medio
pension colegio octubre,350000,servicios,False,synthetic,1,pension colegio octubre monto:alto
mecato de mediodía,5517,alimentacion,True,synthetic,1,mecato de mediodía monto:bajo
trucha en restaurante,37754,alimentacion,False,synthetic,1,trucha en restaurante monto:medio
mayonesa hellmanns,12000,alimentacion,True,synthetic,1,mayonesa hellmanns monto:bajo
asado dominguero,273868,alimentacion,False,synthetic,1,asado dominguero monto:alto
gaseosa de pipián,3216,alimentacion,True,synthetic,1,gaseosa de pipián monto:bajo
freelance desarrollo web,1000000,ingreso_trabajo,False,synthetic,1,freelance desarrollo web monto:alto
donacion fundacion,42796,alimentacion,False,synthetic,1,donacion fundacion monto:medio
transferencia familia julio,700000,ingreso_trabajo,False,synthetic,1,transferencia familia julio monto:alto
nomina mayo,1600000,ingreso_trabajo,False,synthetic,1,nomina mayo monto:alto
seguro vida mayo,65000,servicios,False,synthetic,1,seguro vida mayo monto:medio
frutas en el mercado,45000,alimentacion,False,synthetic,1,frutas en el mercado monto:medio
tragos domingo,36428,alimentacion,True,synthetic,1,tragos domingo monto:medio
mecato mañana,3537,alimentacion,True,synthetic,1,mecato mañana monto:bajo
cochinillo regional,515608,alimentacion,False,synthetic,1,cochinillo regional monto:alto
propina domicilio,3689,alimentacion,True,synthetic,1,propina domicilio monto:bajo
ropa vieja fiesta,38000,alimentacion,True,synthetic,1,ropa vieja fiesta monto:medio
cena martes,28795,alimentacion,True,synthetic,1,cena martes monto:bajo
arriendo enero,1100000,servicios,False,synthetic,1,arriendo enero monto:alto
internet tigo noviembre,89900,servicios,False,synthetic,1,internet tigo noviembre monto:medio
icloud 5gb agosto,7900,tecnologia,True,synthetic,1,icloud 5gb agosto monto:bajo
comision enero,1000000,ingreso_trabajo,False,synthetic,1,comision enero monto:alto
seguro vida diciembre,85000,servicios,False,synthetic,1,seguro vida diciembre monto:medio
parqueadero juan valdez,13889,alimentacion,True,synthetic,1,parqueadero juan valdez monto:bajo
quincena abril,2000000,ingreso_trabajo,False,synthetic,1,quincena abril monto:alto
cuota hipoteca banco de bogotá,1800000,servicios,False,synthetic,1,cuota hipoteca banco de bogotá monto:alto
mecato mañana,5157,alimentacion,True,synthetic,1,mecato mañana monto:bajo
pescado fresco,44865,alimentacion,False,synthetic,1,pescado fresco monto:medio
mesada universitaria agosto,800000,ingreso_trabajo,False,synthetic,1,mesada universitaria agosto monto:alto
proteina whey,125305,alimentacion,False,synthetic,1,proteina whey monto:medio
tiquete san andres,707858,alimentacion,False,synthetic,1,tiquete san andres monto:alto
playstation plus diciembre,29900,tecnologia,False,synthetic,1,playstation plus diciembre monto:bajo
bono productividad junio,200000,ingreso_trabajo,False,synthetic,1,bono productividad junio monto:alto
vpn estándar mensual,19900,tecnologia,True,synthetic,1,vpn estándar mensual monto:bajo
shampoo head and shoulders,28000,alimentacion,True,synthetic,1,shampoo head and shoulders monto:bajo
transferencia bancolombia,560257,alimentacion,False,synthetic,1,transferencia bancolombia monto:alto
remesas exterior diciembre,500000,ingreso_trabajo,False,synthetic,1,remesas exterior diciembre monto:alto
beca estudio octubre,300000,ingreso_trabajo,False,synthetic,1,beca estudio octubre monto:alto
prime video amazon,17900,tecnologia,False,synthetic,1,prime video amazon monto:bajo
honorarios traducciones enero,3000000,ingreso_trabajo,False,synthetic,1,honorarios traducciones enero monto:alto
pandebono semana,3243,alimentacion,True,synthetic,1,pandebono semana monto:bajo
playstation plus marzo,19900,tecnologia,False,synthetic,1,playstation plus marzo monto:bajo
helado de arequipe,3295,alimentacion,True,synthetic,1,helado de arequipe monto:bajo
domicilio sushi,55000,alimentacion,True,synthetic,1,domicilio sushi monto:medio
transferencia familia octubre,400000,ingreso_trabajo,False,synthetic,1,transferencia familia octubre monto:alto
picada con los parces,89454,alimentacion,True,synthetic,1,picada con los parces monto:medio
clases de ingles febrero,200000,tecnologia,False,synthetic,1,clases de ingles febrero monto:alto
xbox game pass abril,29900,tecnologia,False,synthetic,1,xbox game pass abril monto:bajo
dj para la rumba,552670,alimentacion,False,synthetic,1,dj para la rumba monto:alto
mecato noche,3851,alimentacion,True,synthetic,1,mecato noche monto:bajo
nequi recarga,100000,alimentacion,False,synthetic,1,nequi recarga monto:medio
odontólogo limpieza,120000,servicios,False,synthetic,1,odontólogo limpieza monto:medio
recibo acueducto junio,82942,servicios,False,synthetic,1,recibo acueducto junio monto:medio
tiquete flota cali bogota quincenal,103620,alimentacion,False,synthetic,1,tiquete flota cali bogota quincenal monto:medio
cuota crédito nequi,400000,servicios,False,synthetic,1,cuota crédito nequi monto:alto
pension universidad noviembre,900000,servicios,False,synthetic,1,pension universidad noviembre monto:alto
subsidio gobierno mayo,300000,ingreso_trabajo,False,synthetic,1,subsidio gobierno mayo monto:alto
morral para el colegio,150000,alimentacion,False,synthetic,1,morral para el colegio monto:alto
panetón navideño quincenal,43038,alimentacion,False,synthetic,1,panetón navideño quincenal monto:medio
morral para el colegio del mes,175491,alimentacion,False,synthetic,1,morral para el colegio del mes monto:alto
arriendos recibidos agosto,400000,ingreso_trabajo,False,synthetic,1,arriendos recibidos agosto monto:alto
zapatos en mario hernandez,355900,alimentacion,False,synthetic,1,zapatos en mario hernandez monto:alto
tenis balenciaga para el trabajo,877985,alimentacion,False,synthetic,1,tenis balenciaga para el trabajo monto:alto
mercado en el exito mensual,685980,alimentacion,False,synthetic,1,mercado en el exito mensual monto:alto
plan celular wom,45000,servicios,False,synthetic,1,plan celular wom monto:medio
comision agosto,1000000,ingreso_trabajo,False,synthetic,1,comision agosto monto:alto
mecato mañana,5059,alimentacion,True,synthetic,1,mecato mañana monto:bajo
beca estudio marzo,300000,ingreso_trabajo,False,synthetic,1,beca estudio marzo monto:alto
beca estudio diciembre,400000,ingreso_trabajo,False,synthetic,1,beca estudio diciembre monto:alto
mazamorra con panela,5000,alimentacion,True,synthetic,1,mazamorra con panela monto:bajo
microsoft 365 septiembre,42900,tecnologia,False,synthetic,1,microsoft 365 septiembre monto:medio
camarones al ajillo de hoy,68195,alimentacion,False,synthetic,1,camarones al ajillo de hoy monto:medio
youtube premium noviembre,14900,tecnologia,False,synthetic,1,youtube premium noviembre monto:bajo
cafe en el puesto,6061,alimentacion,True,synthetic,1,cafe en el puesto monto:bajo
indriver al el trabajo,12821,alimentacion,True,synthetic,1,indriver al el trabajo monto:bajo
raspa y gana,9859,alimentacion,True,synthetic,1,raspa y gana monto:bajo
pollo para la semana,28000,alimentacion,False,synthetic,1,pollo para la semana monto:bajo
boleta partido millonarios,45000,alimentacion,True,synthetic,1,boleta partido millonarios monto:medio
cuota hipoteca banco de bogotá,600000,servicios,False,synthetic,1,cuota hipoteca banco de bogotá monto:alto
suscripcion app febrero,19900,tecnologia,True,synthetic,1,suscripcion app febrero monto:bajo
picada con los parces,44145,alimentacion,True,synthetic,1,picada con los parces monto:medio
desayuno domingo,11742,alimentacion,True,synthetic,1,desayuno domingo monto:bajo
pollo para la semana,25405,alimentacion,False,synthetic,1,pollo para la semana monto:bajo
nequi recarga de hoy,114340,alimentacion,False,synthetic,1,nequi recarga de hoy monto:medio
licuadora,159316,alimentacion,False,synthetic,1,licuadora monto:alto
administración edificio abril,100000,servicios,False,synthetic,1,administración edificio abril monto:medio
palomitas en el cine,18000,alimentacion,True,synthetic,1,palomitas en el cine monto:bajo
papeleria oficina,76779,alimentacion,False,synthetic,1,papeleria oficina monto:medio
internet movistar junio,69900,servicios,False,synthetic,1,internet movistar junio monto:medio
youtube premium mayo,14900,tecnologia,False,synthetic,1,youtube premium mayo monto:bajo
adobe noviembre,120000,tecnologia,False,synthetic,1,adobe noviembre monto:medio
sueldo part time marzo,1000000,ingreso_trabajo,False,synthetic,1,sueldo part time marzo monto:alto
cerveza heineken con parce,7344,alimentacion,True,synthetic,1,cerveza heineken con parce monto:bajo
concierto maluma,320000,alimentacion,False,synthetic,1,concierto maluma monto:alto
regalo san valentín del mes,114758,alimentacion,False,synthetic,1,regalo san valentín del mes monto:medio
indriver al la universidad,7771,alimentacion,True,synthetic,1,indriver al la universidad monto:bajo
tinto antes de almuerzo,2145,alimentacion,True,synthetic,1,tinto antes de almuerzo monto:bajo
sobrebarriga guisada quincenal,26513,alimentacion,False,synthetic,1,sobrebarriga guisada quincenal monto:bajo
quincena agosto,1500000,ingreso_trabajo,False,synthetic,1,quincena agosto monto:alto
comision febrero,700000,ingreso_trabajo,False,synthetic,1,comision febrero monto:alto
cena semana,29252,alimentacion,True,synthetic,1,cena semana monto:bajo
recibo acueducto diciembre,78063,servicios,False,synthetic,1,recibo acueducto diciembre monto:medio
chance del día,3000,alimentacion,True,synthetic,1,chance del día monto:bajo
pensión vejez noviembre,1500000,ingreso_trabajo,False,synthetic,1,pensión vejez noviembre monto:alto
juguetes navidad,323436,alimentacion,False,synthetic,1,juguetes navidad monto:alto
suscripcion app junio,25000,tecnologia,True,synthetic,1,suscripcion app junio monto:bajo
buseta a el aeropuerto,3730,alimentacion,True,synthetic,1,buseta a el aeropuerto monto:bajo
granizado en el parque,4000,alimentacion,True,synthetic,1,granizado en el parque monto:bajo
onces viernes,14975,alimentacion,True,synthetic,1,onces viernes monto:bajo
tenis nike,444708,alimentacion,False,synthetic,1,tenis nike monto:alto
jeans en arturo calle,243795,alimentacion,False,synthetic,1,jeans en arturo calle monto:alto
útiles escolares del niño,80589,alimentacion,False,synthetic,1,útiles escolares del niño monto:medio
bono productividad noviembre,700000,ingreso_trabajo,False,synthetic,1,bono productividad noviembre monto:alto
tinto en la tienda,2000,alimentacion,True,synthetic,1,tinto en la tienda monto:bajo
mercado en ara mensual para el trabajo,262056,alimentacion,False,synthetic,1,mercado en ara mensual para el trabajo monto:alto
onces domingo,11388,alimentacion,True,synthetic,1,onces domingo monto:bajo
veterinario consulta quincenal,122927,alimentacion,False,synthetic,1,veterinario consulta quincenal monto:medio
ingreso extra edición,100000,ingreso_trabajo,False,synthetic,1,ingreso extra edición monto:medio
servicio tecnico celular,140169,alimentacion,False,synthetic,1,servicio tecnico celular monto:medio
taxi al el banco,19562,alimentacion,True,synthetic,1,taxi al el banco monto:bajo
internet tigo octubre,49900,servicios,False,synthetic,1,internet tigo octubre monto:medio
carne para el asado,120000,alimentacion,False,synthetic,1,carne para el asado monto:medio
maquillaje mac del mes,203650,alimentacion,False,synthetic,1,maquillaje mac del mes monto:alto
dominio y hosting febrero,50000,tecnologia,False,synthetic,1,dominio y hosting febrero monto:medio
lavado en lavanderí a,33465,alimentacion,False,synthetic,1,lavado en lavanderí a monto:medio
cena sábado,17221,alimentacion,True,synthetic,1,cena sábado monto:bajo
parqueadero la cafetería,6311,alimentacion,True,synthetic,1,parqueadero la cafetería monto:bajo
galletas festival,3500,alimentacion,True,synthetic,1,galletas festival monto:bajo
domicilio glovo cena,23542,alimentacion,True,synthetic,1,domicilio glovo cena monto:bajo
carne de res kilos,45685,alimentacion,False,synthetic,1,carne de res kilos monto:medio
recibo gas octubre,82094,servicios,False,synthetic,1,recibo gas octubre monto:medio
hbo max abril,23900,tecnologia,False,synthetic,1,hbo max abril monto:bajo
pago servicio exequias mensual,35000,servicios,False,synthetic,1,pago servicio exequias mensual monto:medio
picada con los parces,68522,alimentacion,True,synthetic,1,picada con los parces monto:medio
taxi al el éxito,20392,alimentacion,True,synthetic,1,taxi al el éxito monto:bajo
ingreso plataforma digital diciembre,100000,ingreso_trabajo,False,synthetic,1,ingreso plataforma digital diciembre monto:medio
xbox game pass junio,19900,tecnologia,False,synthetic,1,xbox game pass junio monto:bajo
disney plus marzo,17900,tecnologia,False,synthetic,1,disney plus marzo monto:bajo
pack 6 cervezas águila,28000,alimentacion,True,synthetic,1,pack 6 cervezas águila monto:bajo
administración edificio marzo,200000,servicios,False,synthetic,1,administración edificio marzo monto:alto
administración edificio septiembre,250000,servicios,False,synthetic,1,administración edificio septiembre monto:alto
papas salchipapa jueves,11159,alimentacion,True,synthetic,1,papas salchipapa jueves monto:bajo
cuota hipoteca itaú,900000,servicios,False,synthetic,1,cuota hipoteca itaú monto:alto
xbox game pass julio,29900,tecnologia,False,synthetic,1,xbox game pass julio monto:bajo
tinto mañana,1088,alimentacion,True,synthetic,1,tinto mañana monto:bajo
cuota crédito daviplata,300000,servicios,False,synthetic,1,cuota crédito daviplata monto:alto
playstation plus junio,29900,tecnologia,False,synthetic,1,playstation plus junio monto:bajo
indriver al el gym,19230,alimentacion,True,synthetic,1,indriver al el gym monto:bajo
uber desde el jumbo,15992,alimentacion,True,synthetic,1,uber desde el jumbo monto:bajo
beca estudio septiembre,400000,ingreso_trabajo,False,synthetic,1,beca estudio septiembre monto:alto
seguro soat julio,65000,servicios,False,synthetic,1,seguro soat julio monto:medio
parqueadero la panadería,12278,alimentacion,True,synthetic,1,parqueadero la panadería monto:bajo
gaseosa de pollo,4898,alimentacion,True,synthetic,1,gaseosa de pollo monto:bajo
remesas exterior agosto,1500000,ingreso_trabajo,False,synthetic,1,remesas exterior agosto monto:alto
internet claro septiembre,79900,servicios,False,synthetic,1,internet claro septiembre monto:medio
clases de ingles julio,300000,tecnologia,False,synthetic,1,clases de ingles julio monto:alto
domicilio domicilios.com desayuno,48863,alimentacion,True,synthetic,1,domicilio domicilios.com desayuno monto:medio
cuota hipoteca bancolombia,900000,servicios,False,synthetic,1,cuota hipoteca bancolombia monto:alto
ingreso taxista mes,2200000,ingreso_trabajo,False,synthetic,1,ingreso taxista mes monto:alto
cerveza club colombia con parce,11169,alimentacion,True,synthetic,1,cerveza club colombia con parce monto:bajo
ingreso uber driver octubre,1400000,ingreso_trabajo,False,synthetic,1,ingreso uber driver octubre monto:alto
juguetes navidad,353671,alimentacion,False,synthetic,1,juguetes navidad monto:alto
beca estudio febrero,300000,ingreso_trabajo,False,synthetic,1,beca estudio febrero monto:alto
dj para la rumba,500000,alimentacion,False,synthetic,1,dj para la rumba monto:alto
parqueadero oma,6858,alimentacion,True,synthetic,1,parqueadero oma monto:bajo
tinto mañana,2258,alimentacion,True,synthetic,1,tinto mañana monto:bajo
curso udemy,60956,alimentacion,False,synthetic,1,curso udemy monto:medio
entrada cine,22000,alimentacion,True,synthetic,1,entrada cine monto:bajo
rappi prime diciembre,17900,tecnologia,True,synthetic,1,rappi prime diciembre monto:bajo
tiquete latam bogota cali,173740,alimentacion,False,synthetic,1,tiquete latam bogota cali monto:alto
papas salchipapa semana,11470,alimentacion,True,synthetic,1,papas salchipapa semana monto:bajo
nomina diciembre,3500000,ingreso_trabajo,False,synthetic,1,nomina diciembre monto:alto
arriendos recibidos agosto,1200000,ingreso_trabajo,False,synthetic,1,arriendos recibidos agosto monto:alto
comida corriente,12000,alimentacion,True,synthetic,1,comida corriente monto:bajo
transferencia bancolombia,500000,alimentacion,False,synthetic,1,transferencia bancolombia monto:alto
arriendos recibidos octubre,800000,ingreso_trabajo,False,synthetic,1,arriendos recibidos octubre monto:alto
sardinas,6000,alimentacion,True,synthetic,1,sardinas monto:bajo
sueldo part time enero,1000000,ingreso_trabajo,False,synthetic,1,sueldo part time enero monto:alto
pensión vejez septiembre,1200000,ingreso_trabajo,False,synthetic,1,pensión vejez septiembre monto:alto
dj para la rumba quincenal,504178,alimentacion,False,synthetic,1,dj para la rumba quincenal monto:alto
pension colegio octubre,350000,servicios,False,synthetic,1,pension colegio octubre monto:alto
disney plus agosto,21900,tecnologia,False,synthetic,1,disney plus agosto monto:bajo
antibiótico en la droguería,38000,servicios,False,synthetic,1,antibiótico en la droguería monto:medio
libro fisico libreria,52864,alimentacion,False,synthetic,1,libro fisico libreria monto:medio
recarga celular claro,5924,alimentacion,True,synthetic,1,recarga celular claro monto:bajo
venta mercado libre septiembre,500000,ingreso_trabajo,False,synthetic,1,venta mercado libre septiembre monto:alto
subsidio gobierno julio,300000,ingreso_trabajo,False,synthetic,1,subsidio gobierno julio monto:alto
pandebono jueves,2895,alimentacion,True,synthetic,1,pandebono jueves monto:bajo
arepa con chicharrón,7409,alimentacion,True,synthetic,1,arepa con chicharrón monto:bajo
vpn duo mensual,35000,tecnologia,True,synthetic,1,vpn duo mensual monto:medio
pago eps diciembre,120000,servicios,False,synthetic,1,pago eps diciembre monto:medio
cafe en juan valdez,11830,alimentacion,True,synthetic,1,cafe en juan valdez monto:bajo
cerveza del asado,55000,alimentacion,True,synthetic,1,cerveza del asado monto:medio
lavado en lavanderí a,41137,alimentacion,False,synthetic,1,lavado en lavanderí a monto:medio
ingreso uber driver septiembre,2200000,ingreso_trabajo,False,synthetic,1,ingreso uber driver septiembre monto:alto
venta mercado libre octubre,300000,ingreso_trabajo,False,synthetic,1,venta mercado libre octubre monto:alto
servicio tecnico celular de hoy,128399,alimentacion,False,synthetic,1,servicio tecnico celular de hoy monto:medio
adobe enero,120000,tecnologia,False,synthetic,1,adobe enero monto:medio
pension colegio diciembre,250000,servicios,False,synthetic,1,pension colegio diciembre monto:alto
pago eps diciembre,145000,servicios,False,synthetic,1,pago eps diciembre monto:medio
cuota crédito davivienda,500000,servicios,False,synthetic,1,cuota crédito davivienda monto:alto
venta mercado libre julio,700000,ingreso_trabajo,False,synthetic,1,venta mercado libre julio monto:alto
nomina diciembre,3500000,ingreso_trabajo,False,synthetic,1,nomina diciembre monto:alto
disney plus agosto,21900,tecnologia,False,synthetic,1,disney plus agosto monto:bajo
pension colegio marzo,600000,servicios,False,synthetic,1,pension colegio marzo monto:alto
arriendos recibidos diciembre,700000,ingreso_trabajo,False,synthetic,1,arriendos recibidos diciembre monto:alto
zapatos en mario hernandez,383013,alimentacion,False,synthetic,1,zapatos en mario hernandez monto:alto
sueldo quincena,1250000,ingreso_trabajo,False,synthetic,1,sueldo quincena monto:alto
colonia en la tienda,150423,alimentacion,False,synthetic,1,colonia en la tienda monto:alto
mecato noche,2777,alimentacion,True,synthetic,1,mecato noche monto:bajo
viaje a cartagena de hoy,991677,alimentacion,False,synthetic,1,viaje a cartagena de hoy monto:alto
plan celular tigo,39900,servicios,False,synthetic,1,plan celular tigo monto:medio
tragos martes,95517,alimentacion,True,synthetic,1,tragos martes monto:medio
recibo luz enero,64719,servicios,False,synthetic,1,recibo luz enero monto:medio
regalo navidad familia para el trabajo,180199,alimentacion,False,synthetic,1,regalo navidad familia para el trabajo monto:alto
taxi al el éxito,17511,alimentacion,True,synthetic,1,taxi al el éxito monto:bajo
aporte pensión mayo,200000,servicios,False,synthetic,1,aporte pensión mayo monto:alto
remesas exterior julio,1000000,ingreso_trabajo,False,synthetic,1,remesas exterior julio monto:alto
gym smart fit abril,110000,tecnologia,False,synthetic,1,gym smart fit abril monto:medio
canva pro julio,65000,tecnologia,True,synthetic,1,canva pro julio monto:medio
gaseosa de pollo,3304,alimentacion,True,synthetic,1,gaseosa de pollo monto:bajo
cuota hipoteca bbva,800000,servicios,False,synthetic,1,cuota hipoteca bbva monto:alto
esponjas cocina,8000,alimentacion,True,synthetic,1,esponjas cocina monto:bajo
papel film,10000,alimentacion,True,synthetic,1,papel film monto:bajo
cafe en el carrito,7892,alimentacion,True,synthetic,1,cafe en el carrito monto:bajo
arriendo octubre,1100000,servicios,False,synthetic,1,arriendo octubre monto:alto
salida con la china al bar,90000,alimentacion,True,synthetic,1,salida con la china al bar monto:medio
pandebono jueves,4615,alimentacion,True,synthetic,1,pandebono jueves monto:bajo
lotería martes,4847,alimentacion,True,synthetic,1,lotería martes monto:bajo
arriendo agosto,950000,servicios,False,synthetic,1,arriendo agosto monto:alto
icloud 50gb enero,35900,tecnologia,True,synthetic,1,icloud 50gb enero monto:medio
almuerzo en restaurante,18000,alimentacion,True,synthetic,1,almuerzo en restaurante monto:bajo
cafe en el puesto,4560,alimentacion,True,synthetic,1,cafe en el puesto monto:bajo
donacion fundacion,47099,alimentacion,False,synthetic,1,donacion fundacion monto:medio
suscripcion app diciembre,14900,tecnologia,True,synthetic,1,suscripcion app diciembre monto:bajo
empanada de pipián,2853,alimentacion,True,synthetic,1,empanada de pipián monto:bajo
pension colegio mayo,900000,servicios,False,synthetic,1,pension colegio mayo monto:alto
chicle beldent,500,alimentacion,True,synthetic,1,chicle beldent monto:bajo
ancheta navideña,174733,alimentacion,False,synthetic,1,ancheta navideña monto:alto
lonchera del niño martes,9139,alimentacion,True,synthetic,1,lonchera del niño martes monto:bajo
metro de las de las 8,3040,alimentacion,True,synthetic,1,metro de las de las 8 monto:bajo
hosting web mensual,45000,servicios,False,synthetic,1,hosting web mensual monto:medio
ropa en el éxito,150000,alimentacion,False,synthetic,1,ropa en el éxito monto:alto
cuota crédito davivienda,600000,servicios,False,synthetic,1,cuota crédito davivienda monto:alto
pandebono viernes,3442,alimentacion,True,synthetic,1,pandebono viernes monto:bajo
indriver al el gym,11830,alimentacion,True,synthetic,1,indriver al el gym monto:bajo
suplementos proteína,177612,alimentacion,False,synthetic,1,suplementos proteína monto:alto
venta computador,100000,ingreso_trabajo,False,synthetic,1,venta computador monto:medio
youtube premium septiembre,14900,tecnologia,False,synthetic,1,youtube premium septiembre monto:bajo
pandebono viernes,4882,alimentacion,True,synthetic,1,pandebono viernes monto:bajo
subsidio gobierno junio,300000,ingreso_trabajo,False,synthetic,1,subsidio gobierno junio monto:alto
pescado fresco,38000,alimentacion,False,synthetic,1,pescado fresco monto:medio
cafe en el carrito,9273,alimentacion,True,synthetic,1,cafe en el carrito monto:bajo
toallas baño,58430,alimentacion,False,synthetic,1,toallas baño monto:medio
arroz en bulto,85000,alimentacion,False,synthetic,1,arroz en bulto monto:medio
uber desde la casa,26177,alimentacion,True,synthetic,1,uber desde la casa monto:bajo
propina domicilio,2422,alimentacion,True,synthetic,1,propina domicilio monto:bajo
microsoft 365 julio,42900,tecnologia,False,synthetic,1,microsoft 365 julio monto:medio
carne de res kilos,53754,alimentacion,False,synthetic,1,carne de res kilos monto:medio
seguro vida octubre,120000,servicios,False,synthetic,1,seguro vida octubre monto:medio
xbox game pass diciembre,19900,tecnologia,False,synthetic,1,xbox game pass diciembre monto:bajo
ingreso plataforma digital febrero,500000,ingreso_trabajo,False,synthetic,1,ingreso plataforma digital febrero monto:alto
spotify con anuncios noviembre,17900,tecnologia,True,synthetic,1,spotify con anuncios noviembre monto:bajo
subsidio gobierno septiembre,200000,ingreso_trabajo,False,synthetic,1,subsidio gobierno septiembre monto:alto
tiquete latam bogota cali,145543,alimentacion,False,synthetic,1,tiquete latam bogota cali monto:medio
tenis nike de hoy,421599,alimentacion,False,synthetic,1,tenis nike de hoy monto:alto
mecato noche,4585,alimentacion,True,synthetic,1,mecato noche monto:bajo
recibo acueducto diciembre,46604,servicios,False,synthetic,1,recibo acueducto diciembre monto:medio
microsoft 365 mayo,35000,tecnologia,False,synthetic,1,microsoft 365 mayo monto:medio
desayuno semana,12975,alimentacion,True,synthetic,1,desayuno semana monto:bajo
cena lunes,24269,alimentacion,True,synthetic,1,cena lunes monto:bajo
suscripcion app diciembre,35000,tecnologia,True,synthetic,1,suscripcion app diciembre monto:medio
arriendo mensual apartaestudio,750000,servicios,False,synthetic,1,arriendo mensual apartaestudio monto:alto
libros de texto,85000,alimentacion,False,synthetic,1,libros de texto monto:medio
raspa y gana,5296,alimentacion,True,synthetic,1,raspa y gana monto:bajo
apple tv plus,17900,tecnologia,False,synthetic,1,apple tv plus monto:bajo
aporte pensión independiente,295000,servicios,False,synthetic,1,aporte pensión independiente monto:alto
recibo acueducto abril,71465,servicios,False,synthetic,1,recibo acueducto abril monto:medio
netflix básico mayo,17900,tecnologia,False,synthetic,1,netflix básico mayo monto:bajo
plataforma estudio octubre,65000,tecnologia,False,synthetic,1,plataforma estudio octubre monto:medio
tragos semana,97571,alimentacion,True,synthetic,1,tragos semana monto:medio
chance semana,6582,alimentacion,True,synthetic,1,chance semana monto:bajo
ajiaco en el restaurante,25000,alimentacion,True,synthetic,1,ajiaco en el restaurante monto:bajo
mercado pago,0,tecnologia,False,synthetic,1,mercado pago monto:bajo
parqueadero la cafetería,9333,alimentacion,True,synthetic,1,parqueadero la cafetería monto:bajo
recibo acueducto febrero,52283,servicios,False,synthetic,1,recibo acueducto febrero monto:medio
nevera nueva,2200000,alimentacion,False,synthetic,1,nevera nueva monto:alto
lotería sábado,3735,alimentacion,True,synthetic,1,lotería sábado monto:bajo
transferencia familia junio,100000,ingreso_trabajo,False,synthetic,1,transferencia familia junio monto:medio
acueducto y alcantarillado,70000,servicios,False,synthetic,1,acueducto y alcantarillado monto:medio
beca estudio febrero,500000,ingreso_trabajo,False,synthetic,1,beca estudio febrero monto:alto
ingreso extra fotografía,700000,ingreso_trabajo,False,synthetic,1,ingreso extra fotografía monto:alto
arriendos recibidos enero,700000,ingreso_trabajo,False,synthetic,1,arriendos recibidos enero monto:alto
cargador celular,45000,alimentacion,True,synthetic,1,cargador celular monto:medio
aporte pensión mayo,250000,servicios,False,synthetic,1,aporte pensión mayo monto:alto
rappi prime septiembre,9900,tecnologia,True,synthetic,1,rappi prime septiembre monto:bajo
papas salchipapa domingo,6476,alimentacion,True,synthetic,1,papas salchipapa domingo monto:bajo
cafe juan valdez,9500,alimentacion,True,synthetic,1,cafe juan valdez monto:bajo
cuota crédito scotiabank,900000,servicios,False,synthetic,1,cuota crédito scotiabank monto:alto
devolución iva diciembre,100000,ingreso_trabajo,False,synthetic,1,devolución iva diciembre monto:medio
ingreso extra traducciones,500000,ingreso_trabajo,False,synthetic,1,ingreso extra traducciones monto:alto
servicio tecnico celular,143756,alimentacion,False,synthetic,1,servicio tecnico celular monto:medio
chance semana,5722,alimentacion,True,synthetic,1,chance semana monto:bajo
sueldo mensual basico,1160000,ingreso_trabajo,False,synthetic,1,sueldo mensual basico monto:alto
cuota hipoteca daviplata,1100000,servicios,False,synthetic,1,cuota hipoteca daviplata monto:alto
xbox game pass septiembre,29900,tecnologia,False,synthetic,1,xbox game pass septiembre monto:bajo
tiquete aéreo bogotá-medellín,323159,alimentacion,False,synthetic,1,tiquete aéreo bogotá-medellín monto:alto
vacaciones en san andrés,1516075,alimentacion,False,synthetic,1,vacaciones en san andrés monto:alto
onces sábado,9295,alimentacion,True,synthetic,1,onces sábado monto:bajo
galletas oreo,5000,alimentacion,True,synthetic,1,galletas oreo monto:bajo
recarga celular claro,8270,alimentacion,True,synthetic,1,recarga celular claro monto:bajo
arriendo abril,1100000,servicios,False,synthetic,1,arriendo abril monto:alto
boleta partido nacional,55000,alimentacion,True,synthetic,1,boleta partido nacional monto:medio
pago eps agosto,280000,servicios,False,synthetic,1,pago eps agosto monto:alto
adobe mayo,120000,tecnologia,False,synthetic,1,adobe mayo monto:medio
internet movistar noviembre,109900,servicios,False,synthetic,1,internet movistar noviembre monto:medio
recibo de luz epm,95000,servicios,False,synthetic,1,recibo de luz epm monto:medio
disney plus enero,17900,tecnologia,False,synthetic,1,disney plus enero monto:bajo
regalo baby shower,133549,alimentacion,False,synthetic,1,regalo baby shower monto:medio
tarjeta regalo falabella semanal,98726,alimentacion,False,synthetic,1,tarjeta regalo falabella semanal monto:medio
plomero emergencia,120000,servicios,False,synthetic,1,plomero emergencia monto:medio
veterinario consulta,98918,alimentacion,False,synthetic,1,veterinario consulta monto:medio
sobrebarriga guisada,30709,alimentacion,False,synthetic,1,sobrebarriga guisada monto:medio
nequi recarga,88297,alimentacion,False,synthetic,1,nequi recarga monto:medio
netflix familia julio,29900,tecnologia,False,synthetic,1,netflix familia julio monto:bajo
pasaje bus bogota medellin,109183,alimentacion,False,synthetic,1,pasaje bus bogota medellin monto:medio
seguro vida abril,50000,servicios,False,synthetic,1,seguro vida abril monto:medio
cuota tarjeta scotiabank,400000,servicios,False,synthetic,1,cuota tarjeta scotiabank monto:alto
tragos en la discoteca,80000,alimentacion,True,synthetic,1,tragos en la discoteca monto:medio
uber desde el banco,19200,alimentacion,True,synthetic,1,uber desde el banco monto:bajo
tiquete latam bogota cali,180000,alimentacion,False,synthetic,1,tiquete latam bogota cali monto:alto
escoba y trapero,29116,alimentacion,False,synthetic,1,escoba y trapero monto:bajo
vpn con anuncios mensual,25000,tecnologia,True,synthetic,1,vpn con anuncios mensual monto:bajo
pasaje bus intermunicipal,65000,alimentacion,False,synthetic,1,pasaje bus intermunicipal monto:medio
dulces tienda semana,4428,alimentacion,True,synthetic,1,dulces tienda semana monto:bajo
sueldo part time octubre,900000,ingreso_trabajo,False,synthetic,1,sueldo part time octubre monto:alto
mercado en el éxito mensual para la casa,634142,alimentacion,False,synthetic,1,mercado en el éxito mensual para la casa monto:alto
picada con los parces,81497,alimentacion,True,synthetic,1,picada con los parces monto:medio
sabanas,116712,alimentacion,False,synthetic,1,sabanas monto:medio
plan celular tigo,65000,servicios,False,synthetic,1,plan celular tigo monto:medio
aporte pensión diciembre,150000,servicios,False,synthetic,1,aporte pensión diciembre monto:alto
cuota hipoteca itaú,900000,servicios,False,synthetic,1,cuota hipoteca itaú monto:alto
pension colegio julio,450000,servicios,False,synthetic,1,pension colegio julio monto:alto
parqueadero starbucks,13344,alimentacion,True,synthetic,1,parqueadero starbucks monto:bajo
remesas exterior febrero,500000,ingreso_trabajo,False,synthetic,1,remesas exterior febrero monto:alto
mazorca en la plaza,4500,alimentacion,True,synthetic,1,mazorca en la plaza monto:bajo
sarten,94527,alimentacion,False,synthetic,1,sarten monto:medio
limonada de panela,4000,alimentacion,True,synthetic,1,limonada de panela monto:bajo
internet une medellin,72000,servicios,False,synthetic,1,internet une medellin monto:medio
uber al trabajo,12000,alimentacion,True,synthetic,1,uber al trabajo monto:bajo
nevera nueva,2104246,alimentacion,False,synthetic,1,nevera nueva monto:alto
arriendo junio,800000,servicios,False,synthetic,1,arriendo junio monto:alto
internet etb enero,69900,servicios,False,synthetic,1,internet etb enero monto:medio
comision diciembre,200000,ingreso_trabajo,False,synthetic,1,comision diciembre monto:alto
mecato la tarde,4617,alimentacion,True,synthetic,1,mecato la tarde monto:bajo
recibo gas diciembre,94217,servicios,False,synthetic,1,recibo gas diciembre monto:medio
devolución iva febrero,150000,ingreso_trabajo,False,synthetic,1,devolución iva febrero monto:alto
cafe en oma,9357,alimentacion,True,synthetic,1,cafe en oma monto:bajo
tenis adidas,257233,alimentacion,False,synthetic,1,tenis adidas monto:alto
ingreso uber driver julio,1800000,ingreso_trabajo,False,synthetic,1,ingreso uber driver julio monto:alto
visita al pueblo,283632,alimentacion,False,synthetic,1,visita al pueblo monto:alto
buseta a el banco,2533,alimentacion,True,synthetic,1,buseta a el banco monto:bajo
subsidio gobierno abril,100000,ingreso_trabajo,False,synthetic,1,subsidio gobierno abril monto:medio
cuota tarjeta bancolombia,150000,servicios,False,synthetic,1,cuota tarjeta bancolombia monto:alto
seguro todo riesgo carro,280000,servicios,False,synthetic,1,seguro todo riesgo carro monto:alto
honorarios desarrollo web febrero,2000000,ingreso_trabajo,False,synthetic,1,honorarios desarrollo web febrero monto:alto
internet etb agosto,49900,servicios,False,synthetic,1,internet etb agosto monto:medio
recibo gas noviembre,115377,servicios,False,synthetic,1,recibo gas noviembre monto:medio
helado de chocolate,7737,alimentacion,True,synthetic,1,helado de chocolate monto:bajo
nomina octubre,4000000,ingreso_trabajo,False,synthetic,1,nomina octubre monto:alto
pago eps septiembre,145000,servicios,False,synthetic,1,pago eps septiembre monto:medio
cafe en la tienda,12727,alimentacion,True,synthetic,1,cafe en la tienda monto:bajo
tinto antes de almuerzo,2222,alimentacion,True,synthetic,1,tinto antes de almuerzo monto:bajo
netflix con anuncios febrero,42900,tecnologia,False,synthetic,1,netflix con anuncios febrero monto:medio
matricula universidad,2500000,servicios,False,synthetic,1,matricula universidad monto:alto
devolución iva febrero,250000,ingreso_trabajo,False,synthetic,1,devolución iva febrero monto:alto
arroz chino,22000,alimentacion,True,synthetic,1,arroz chino monto:bajo
arriendo mayo,1100000,servicios,False,synthetic,1,arriendo mayo monto:alto
recarga celular movistar,15710,alimentacion,True,synthetic,1,recarga celular movistar monto:bajo
recibo gas octubre,81275,servicios,False,synthetic,1,recibo gas octubre monto:medio
camisa en studio f,195570,alimentacion,False,synthetic,1,camisa en studio f monto:alto
sueldo part time enero,900000,ingreso_trabajo,False,synthetic,1,sueldo part time enero monto:alto
bono de productividad,500000,ingreso_trabajo,False,synthetic,1,bono de productividad monto:alto
caldo de pollo,10000,alimentacion,True,synthetic,1,caldo de pollo monto:bajo
rappi prime mayo,14900,tecnologia,True,synthetic,1,rappi prime mayo monto:bajo
quincena febrero,800000,ingreso_trabajo,False,synthetic,1,quincena febrero monto:alto
cena lunes,31302,alimentacion,True,synthetic,1,cena lunes monto:medio
suplementos proteina,172671,alimentacion,False,synthetic,1,suplementos proteina monto:alto
clases de ingles septiembre,180000,tecnologia,False,synthetic,1,clases de ingles septiembre monto:alto
honorarios marketing noviembre,1500000,ingreso_trabajo,False,synthetic,1,honorarios marketing noviembre monto:alto
internet tigo mensual,69900,servicios,False,synthetic,1,internet tigo mensual monto:medio
arriendo habitacion en residencia,450000,servicios,False,synthetic,1,arriendo habitacion en residencia monto:alto
freelance diseño,800000,ingreso_trabajo,False,synthetic,1,freelance diseño monto:alto
quincena mayo,1250000,ingreso_trabajo,False,synthetic,1,quincena mayo monto:alto
pension universidad marzo,900000,servicios,False,synthetic,1,pension universidad marzo monto:alto
empanada de verduras,2544,alimentacion,True,synthetic,1,empanada de verduras monto:bajo
tinto de las 8,1624,alimentacion,True,synthetic,1,tinto de las 8 monto:bajo
recarga minutos celular,10000,alimentacion,True,synthetic,1,recarga minutos celular monto:bajo
mesada universitaria marzo,800000,ingreso_trabajo,False,synthetic,1,mesada universitaria marzo monto:alto
venta ropa usada,80000,ingreso_trabajo,False,synthetic,1,venta ropa usada monto:medio
onces semana,6173,alimentacion,True,synthetic,1,onces semana monto:bajo
cobija para el frio,95000,alimentacion,False,synthetic,1,cobija para el frio monto:medio
picada con los parces,65859,alimentacion,True,synthetic,1,picada con los parces monto:medio
sueldo part time febrero,900000,ingreso_trabajo,False,synthetic,1,sueldo part time febrero monto:alto
pandebono jueves,2383,alimentacion,True,synthetic,1,pandebono jueves monto:bajo
honorarios asesoría enero,3000000,ingreso_trabajo,False,synthetic,1,honorarios asesoría enero monto:alto
mecato noche,4620,alimentacion,True,synthetic,1,mecato noche monto:bajo
toner impresora,180000,alimentacion,False,synthetic,1,toner impresora monto:alto
almuerzo miércoles,19500,alimentacion,True,synthetic,1,almuerzo miércoles monto:bajo
freelance fotografía,1000000,ingreso_trabajo,False,synthetic,1,freelance fotografía monto:alto
hotel en cartagena noche,373300,alimentacion,False,synthetic,1,hotel en cartagena noche monto:alto
domicilio glovo cena,45744,alimentacion,True,synthetic,1,domicilio glovo cena monto:medio
uber desde el jumbo,27461,alimentacion,True,synthetic,1,uber desde el jumbo monto:bajo
beca estudio julio,600000,ingreso_trabajo,False,synthetic,1,beca estudio julio monto:alto
chow mein,28000,alimentacion,True,synthetic,1,chow mein monto:bajo
plancha de pelo,120000,alimentacion,False,synthetic,1,plancha de pelo monto:medio
lonchera del niño domingo,15166,alimentacion,True,synthetic,1,lonchera del niño domingo monto:bajo
recarga celular tigo,15597,alimentacion,True,synthetic,1,recarga celular tigo monto:bajo
arriendo diciembre,750000,servicios,False,synthetic,1,arriendo diciembre monto:alto
recibo luz junio,148892,servicios,False,synthetic,1,recibo luz junio monto:medio
cuota crédito itaú,500000,servicios,False,synthetic,1,cuota crédito itaú monto:alto
spotify con anuncios junio,22900,tecnologia,True,synthetic,1,spotify con anuncios junio monto:bajo
ingreso plataforma digital marzo,200000,ingreso_trabajo,False,synthetic,1,ingreso plataforma digital marzo monto:alto
bandeja paisa completa para el trabajo,34705,alimentacion,False,synthetic,1,bandeja paisa completa para el trabajo monto:medio
arriendos recibidos junio,700000,ingreso_trabajo,False,synthetic,1,arriendos recibidos junio monto:alto
arroz de mariscos,52449,alimentacion,False,synthetic,1,arroz de mariscos monto:medio
pago eps marzo,200000,servicios,False,synthetic,1,pago eps marzo monto:alto
devolución iva noviembre,300000,ingreso_trabajo,False,synthetic,1,devolución iva noviembre monto:alto
pack 12 cervezas poker,52000,alimentacion,True,synthetic,1,pack 12 cervezas poker monto:medio
postre en restaurante,12000,alimentacion,True,synthetic,1,postre en restaurante monto:bajo
seguro soat abril,55000,servicios,False,synthetic,1,seguro soat abril monto:medio
crema corporal,55000,alimentacion,True,synthetic,1,crema corporal monto:medio
ron medellín,35000,alimentacion,True,synthetic,1,ron medellín monto:medio
lonchera del niño semana,14962,alimentacion,True,synthetic,1,lonchera del niño semana monto:bajo
agua en bolsa,500,alimentacion,True,synthetic,1,agua en bolsa monto:bajo
dominio y hosting julio,75000,tecnologia,False,synthetic,1,dominio y hosting julio monto:medio
ancheta empresarial,286087,alimentacion,False,synthetic,1,ancheta empresarial monto:alto
concierto bad bunny,322323,alimentacion,False,synthetic,1,concierto bad bunny monto:alto
uber desde la casa,13406,alimentacion,True,synthetic,1,uber desde la casa monto:bajo
onces semana,13814,alimentacion,True,synthetic,1,onces semana monto:bajo
cebolla y ajo semanal,10491,alimentacion,False,synthetic,1,cebolla y ajo semanal monto:bajo
adornos navideños,106261,alimentacion,False,synthetic,1,adornos navideños monto:medio
recarga celular movistar,13403,alimentacion,True,synthetic,1,recarga celular movistar monto:bajo
buñuelo de las 8,2209,alimentacion,True,synthetic,1,buñuelo de las 8 monto:bajo
freelance fotografía,1500000,ingreso_trabajo,False,synthetic,1,freelance fotografía monto:alto
tinto la tarde,1288,alimentacion,True,synthetic,1,tinto la tarde monto:bajo
curso udemy,55000,alimentacion,False,synthetic,1,curso udemy monto:medio
changua del desayuno,7000,alimentacion,True,synthetic,1,changua del desayuno monto:bajo
gym smart fit mensual,89900,tecnologia,False,synthetic,1,gym smart fit mensual monto:medio
plan celular tigo,85000,servicios,False,synthetic,1,plan celular tigo monto:medio
ingreso mesero mensual,1400000,ingreso_trabajo,False,synthetic,1,ingreso mesero mensual monto:alto
lavanderia mensual de hoy,89974,alimentacion,False,synthetic,1,lavanderia mensual de hoy monto:medio
buñuelo la tarde,1828,alimentacion,True,synthetic,1,buñuelo la tarde monto:bajo
periódico el tiempo digital,29900,tecnologia,True,synthetic,1,periódico el tiempo digital monto:bajo
festival rumba stereo,163446,alimentacion,False,synthetic,1,festival rumba stereo monto:alto
microsoft 365 enero,65000,tecnologia,False,synthetic,1,microsoft 365 enero monto:medio
metro de las de la tarde,3575,alimentacion,True,synthetic,1,metro de las de la tarde monto:bajo
raspa y gana,8062,alimentacion,True,synthetic,1,raspa y gana monto:bajo
venta computador,50000,ingreso_trabajo,False,synthetic,1,venta computador monto:medio
tinto de la tarde,1444,alimentacion,True,synthetic,1,tinto de la tarde monto:bajo
ropa deportiva,169717,alimentacion,False,synthetic,1,ropa deportiva monto:alto
prime video mayo,17900,tecnologia,False,synthetic,1,prime video mayo monto:bajo
salchipapa de la esquina,8000,alimentacion,True,synthetic,1,salchipapa de la esquina monto:bajo
suscripcion app abril,14900,tecnologia,True,synthetic,1,suscripcion app abril monto:bajo
flores para la mamá,45000,alimentacion,True,synthetic,1,flores para la mamá monto:medio
buseta a el éxito,2330,alimentacion,True,synthetic,1,buseta a el éxito monto:bajo
pasaje bus bogota medellin,93246,alimentacion,False,synthetic,1,pasaje bus bogota medellin monto:medio
papeleria oficina,64826,alimentacion,False,synthetic,1,papeleria oficina monto:medio
seguro soat enero,55000,servicios,False,synthetic,1,seguro soat enero monto:medio
cebolla y ajo semanal,12394,alimentacion,False,synthetic,1,cebolla y ajo semanal monto:bajo
maquillaje mac,250000,alimentacion,False,synthetic,1,maquillaje mac monto:alto
parqueadero la tienda,7492,alimentacion,True,synthetic,1,parqueadero la tienda monto:bajo
verduras en la plaza mensual,95863,alimentacion,False,synthetic,1,verduras en la plaza mensual monto:medio
dulces tienda martes,2694,alimentacion,True,synthetic,1,dulces tienda martes monto:bajo
aporte pensión noviembre,250000,servicios,False,synthetic,1,aporte pensión noviembre monto:alto
consulta médico general eps,0,servicios,False,synthetic,1,consulta médico general eps monto:bajo
pension colegio julio,350000,servicios,False,synthetic,1,pension colegio julio monto:alto
dulces tienda viernes,4174,alimentacion,True,synthetic,1,dulces tienda viernes monto:bajo
pensión vejez julio,1000000,ingreso_trabajo,False,synthetic,1,pensión vejez julio monto:alto
recibo gas febrero,61338,servicios,False,synthetic,1,recibo gas febrero monto:medio
helado de mora,6077,alimentacion,True,synthetic,1,helado de mora monto:bajo
cuota crédito itaú,400000,servicios,False,synthetic,1,cuota crédito itaú monto:alto
gym spinning club septiembre,89900,tecnologia,False,synthetic,1,gym spinning club septiembre monto:medio
buñuelo la tarde,1900,alimentacion,True,synthetic,1,buñuelo la tarde monto:bajo
cuota hipoteca itaú,800000,servicios,False,synthetic,1,cuota hipoteca itaú monto:alto
caldo de ñ,8000,alimentacion,True,synthetic,1,caldo de ñ monto:bajo
seguro soat diciembre,75000,servicios,False,synthetic,1,seguro soat diciembre monto:medio
wok de verduras,20000,alimentacion,True,synthetic,1,wok de verduras monto:bajo
recibo luz febrero,114404,servicios,False,synthetic,1,recibo luz febrero monto:medio
transferencia bancolombia quincenal,443771,alimentacion,False,synthetic,1,transferencia bancolombia quincenal monto:alto
torta de cumpleaños,95000,alimentacion,False,synthetic,1,torta de cumpleaños monto:medio
limpido,8000,alimentacion,True,synthetic,1,limpido monto:bajo
frutas en el mercado,44365,alimentacion,False,synthetic,1,frutas en el mercado monto:medio
disney plus julio,17900,tecnologia,False,synthetic,1,disney plus julio monto:bajo
utensilios cocina,159199,alimentacion,False,synthetic,1,utensilios cocina monto:alto
mecato la tarde,2211,alimentacion,True,synthetic,1,mecato la tarde monto:bajo
empanada de pipián,3690,alimentacion,True,synthetic,1,empanada de pipián monto:bajo
cerveza pilsen con parce,6068,alimentacion,True,synthetic,1,cerveza pilsen con parce monto:bajo
seguro vida enero,65000,servicios,False,synthetic,1,seguro vida enero monto:medio
cuota crédito bbva,400000,servicios,False,synthetic,1,cuota crédito bbva monto:alto
papel higienico scott,18000,alimentacion,True,synthetic,1,papel higienico scott monto:bajo
camisa en studio f,177057,alimentacion,False,synthetic,1,camisa en studio f monto:alto
metro de las de la tarde,3054,alimentacion,True,synthetic,1,metro de las de la tarde monto:bajo
camarones al ajillo,70142,alimentacion,False,synthetic,1,camarones al ajillo monto:medio
collar y correa,36916,alimentacion,False,synthetic,1,collar y correa monto:medio
seguro soat octubre,55000,servicios,False,synthetic,1,seguro soat octubre monto:medio
vacuna mascota,95000,alimentacion,False,synthetic,1,vacuna mascota monto:medio
plan celular wom,65000,servicios,False,synthetic,1,plan celular wom monto:medio
maquina de afeitar,151293,alimentacion,False,synthetic,1,maquina de afeitar monto:alto
recarga celular etb,14206,alimentacion,True,synthetic,1,recarga celular etb monto:bajo
beca estudio noviembre,300000,ingreso_trabajo,False,synthetic,1,beca estudio noviembre monto:alto
credito libre inversion,350000,servicios,False,synthetic,1,credito libre inversion monto:alto
parqueadero juan valdez,8148,alimentacion,True,synthetic,1,parqueadero juan valdez monto:bajo
mercerias el remate,29666,alimentacion,False,synthetic,1,mercerias el remate monto:bajo
bandeja paisa en restaurante,28000,alimentacion,True,synthetic,1,bandeja paisa en restaurante monto:bajo
frutas en el mercado,45335,alimentacion,False,synthetic,1,frutas en el mercado monto:medio
mecato noche,2749,alimentacion,True,synthetic,1,mecato noche monto:bajo
plan celular etb,45000,servicios,False,synthetic,1,plan celular etb monto:medio
vpn duo mensual,35000,tecnologia,True,synthetic,1,vpn duo mensual monto:medio
tinto noche,1293,alimentacion,True,synthetic,1,tinto noche monto:bajo
libros de texto,84097,alimentacion,False,synthetic,1,libros de texto monto:medio
chicken little kfc,18000,alimentacion,True,synthetic,1,chicken little kfc monto:bajo
recarga celular etb,27621,alimentacion,True,synthetic,1,recarga celular etb monto:bajo
gym crossfit julio,110000,tecnologia,False,synthetic,1,gym crossfit julio monto:medio
nevera nueva semanal,2610659,alimentacion,False,synthetic,1,nevera nueva semanal monto:alto
internet tigo septiembre,49900,servicios,False,synthetic,1,internet tigo septiembre monto:medio
buseta a el éxito,2727,alimentacion,True,synthetic,1,buseta a el éxito monto:bajo
onces sábado,11400,alimentacion,True,synthetic,1,onces sábado monto:bajo
labial nyx,45000,alimentacion,True,synthetic,1,labial nyx monto:medio
seguro vida octubre,120000,servicios,False,synthetic,1,seguro vida octubre monto:medio
pensión vejez febrero,2000000,ingreso_trabajo,False,synthetic,1,pensión vejez febrero monto:alto
chatgpt plus junio,65000,tecnologia,True,synthetic,1,chatgpt plus junio monto:medio
taxi al el éxito,16891,alimentacion,True,synthetic,1,taxi al el éxito monto:bajo
sobrebarriga guisada,27413,alimentacion,False,synthetic,1,sobrebarriga guisada monto:bajo
vacuna mascota,78567,alimentacion,False,synthetic,1,vacuna mascota monto:medio
waffle con helado,20000,alimentacion,True,synthetic,1,waffle con helado monto:bajo
pandebono miércoles,4823,alimentacion,True,synthetic,1,pandebono miércoles monto:bajo
arriendo mayo,950000,servicios,False,synthetic,1,arriendo mayo monto:alto
canva pro febrero,49900,tecnologia,True,synthetic,1,canva pro febrero monto:medio
buñuelo noche,1905,alimentacion,True,synthetic,1,buñuelo noche monto:bajo
pago minimo tarjeta,120000,servicios,False,synthetic,1,pago minimo tarjeta monto:medio
servilletas napkin,8000,alimentacion,True,synthetic,1,servilletas napkin monto:bajo
piñata,61904,alimentacion,False,synthetic,1,piñata monto:medio
quincena junio,800000,ingreso_trabajo,False,synthetic,1,quincena junio monto:alto
bono productividad noviembre,700000,ingreso_trabajo,False,synthetic,1,bono productividad noviembre monto:alto
maíz pira,4000,alimentacion,True,synthetic,1,maíz pira monto:bajo
internet etb enero,79900,servicios,False,synthetic,1,internet etb enero monto:medio
beca estudio julio,400000,ingreso_trabajo,False,synthetic,1,beca estudio julio monto:alto
pago eps diciembre,145000,servicios,False,synthetic,1,pago eps diciembre monto:medio
psicologo online,120000,tecnologia,False,synthetic,1,psicologo online monto:medio
regalo navidad familia,194564,alimentacion,False,synthetic,1,regalo navidad familia monto:alto
prime video abril,14900,tecnologia,False,synthetic,1,prime video abril monto:bajo
picada con los parces,83154,alimentacion,True,synthetic,1,picada con los parces monto:medio
tragos miércoles,83961,alimentacion,True,synthetic,1,tragos miércoles monto:medio
gasolina corriente,80000,alimentacion,True,synthetic,1,gasolina corriente monto:medio
helado de arequipe,3837,alimentacion,True,synthetic,1,helado de arequipe monto:bajo
ropa en el éxito,156542,alimentacion,False,synthetic,1,ropa en el éxito monto:alto
whisky johnnie walker,110935,alimentacion,False,synthetic,1,whisky johnnie walker monto:medio
devolución de iva,200000,ingreso_trabajo,False,synthetic,1,devolución de iva monto:alto
lotería sábado,4193,alimentacion,True,synthetic,1,lotería sábado monto:bajo
ecografia embarazo,180000,servicios,False,synthetic,1,ecografia embarazo monto:alto
servicios funerarios,3000000,servicios,False,synthetic,1,servicios funerarios monto:alto
transferencia familia enero,500000,ingreso_trabajo,False,synthetic,1,transferencia familia enero monto:alto
icloud 50gb noviembre,19900,tecnologia,True,synthetic,1,icloud 50gb noviembre monto:bajo
adobe agosto,89000,tecnologia,False,synthetic,1,adobe agosto monto:medio
nequi recarga,89019,alimentacion,False,synthetic,1,nequi recarga monto:medio
helado crepes,15000,alimentacion,True,synthetic,1,helado crepes monto:bajo
lotería miércoles,3066,alimentacion,True,synthetic,1,lotería miércoles monto:bajo
paseo de olla del mes,187736,alimentacion,False,synthetic,1,paseo de olla del mes monto:alto
cafe en oma,4474,alimentacion,True,synthetic,1,cafe en oma monto:bajo
raspa y gana,9957,alimentacion,True,synthetic,1,raspa y gana monto:bajo
transferencia familia marzo,500000,ingreso_trabajo,False,synthetic,1,transferencia familia marzo monto:alto
pasaje bus bogota medellin,80723,alimentacion,False,synthetic,1,pasaje bus bogota medellin monto:medio
raspa y gana,5000,alimentacion,True,synthetic,1,raspa y gana monto:bajo
cena lunes,26423,alimentacion,True,synthetic,1,cena lunes monto:bajo
comision agosto,500000,ingreso_trabajo,False,synthetic,1,comision agosto monto:alto
cuota hipoteca bbva,800000,servicios,False,synthetic,1,cuota hipoteca bbva monto:alto
domicilio ifood almuerzo,25000,alimentacion,True,synthetic,1,domicilio ifood almuerzo monto:bajo
regalo san valentín quincenal,128992,alimentacion,False,synthetic,1,regalo san valentín quincenal monto:medio
dj para la rumba,485039,alimentacion,False,synthetic,1,dj para la rumba monto:alto
papas salchipapa lunes,8274,alimentacion,True,synthetic,1,papas salchipapa lunes monto:bajo
subsidio gobierno marzo,300000,ingreso_trabajo,False,synthetic,1,subsidio gobierno marzo monto:alto
transferencia familia julio,500000,ingreso_trabajo,False,synthetic,1,transferencia familia julio monto:alto
recibo luz junio,146267,servicios,False,synthetic,1,recibo luz junio monto:medio
tinto de la tarde,2495,alimentacion,True,synthetic,1,tinto de la tarde monto:bajo
empanada de pipián,3191,alimentacion,True,synthetic,1,empanada de pipián monto:bajo
venta moto usada,3500000,ingreso_trabajo,False,synthetic,1,venta moto usada monto:alto
plan celular wom,29900,servicios,False,synthetic,1,plan celular wom monto:bajo
vacaciones en san andrés,1800000,alimentacion,False,synthetic,1,vacaciones en san andrés monto:alto
netflix estudiante noviembre,25900,tecnologia,False,synthetic,1,netflix estudiante noviembre monto:bajo
mercado semanal éxito del mes,175673,alimentacion,False,synthetic,1,mercado semanal éxito del mes monto:alto
arroz de mariscos,45711,alimentacion,False,synthetic,1,arroz de mariscos monto:medio
cuota crédito scotiabank,900000,servicios,False,synthetic,1,cuota crédito scotiabank monto:alto
bono productividad noviembre,700000,ingreso_trabajo,False,synthetic,1,bono productividad noviembre monto:alto
cochinillo regional quincenal,406321,alimentacion,False,synthetic,1,cochinillo regional quincenal monto:alto
leche en caja,8500,alimentacion,False,synthetic,1,leche en caja monto:bajo
seguro soat agosto,45000,servicios,False,synthetic,1,seguro soat agosto monto:medio
sueldo part time enero,600000,ingreso_trabajo,False,synthetic,1,sueldo part time enero monto:alto
buseta al trabajo,2500,alimentacion,True,synthetic,1,buseta al trabajo monto:bajo
propina domicilio,3133,alimentacion,True,synthetic,1,propina domicilio monto:bajo
regalo dia de la madre,121994,alimentacion,False,synthetic,1,regalo dia de la madre monto:medio
psicólogo sesión,180000,servicios,False,synthetic,1,psicólogo sesión monto:alto
playstation plus febrero,29900,tecnologia,False,synthetic,1,playstation plus febrero monto:bajo
libros de texto,70857,alimentacion,False,synthetic,1,libros de texto monto:medio
ingreso uber driver febrero,800000,ingreso_trabajo,False,synthetic,1,ingreso uber driver febrero monto:alto
almuerzo semana,23410,alimentacion,True,synthetic,1,almuerzo semana monto:bajo
beca estudio julio,400000,ingreso_trabajo,False,synthetic,1,beca estudio julio monto:alto
pension colegio diciembre,600000,servicios,False,synthetic,1,pension colegio diciembre monto:alto
cerveza corona con parce,7187,alimentacion,True,synthetic,1,cerveza corona con parce monto:bajo
churrasco en restaurante,65000,alimentacion,False,synthetic,1,churrasco en restaurante monto:medio
impuesto predial anual,350000,servicios,False,synthetic,1,impuesto predial anual monto:alto
cuota hipoteca itaú,800000,servicios,False,synthetic,1,cuota hipoteca itaú monto:alto
chance martes,3509,alimentacion,True,synthetic,1,chance martes monto:bajo
youtube premium diciembre,18900,tecnologia,False,synthetic,1,youtube premium diciembre monto:bajo
presión arterial pastillas,45000,servicios,False,synthetic,1,presión arterial pastillas monto:medio
recibo luz enero,103451,servicios,False,synthetic,1,recibo luz enero monto:medio
ingreso plataforma digital septiembre,300000,ingreso_trabajo,False,synthetic,1,ingreso plataforma digital septiembre monto:alto
cerveza pilsen con parce,7901,alimentacion,True,synthetic,1,cerveza pilsen con parce monto:bajo
torta de cumpleaños del mes,100923,alimentacion,False,synthetic,1,torta de cumpleaños del mes monto:medio
arriendo agosto,950000,servicios,False,synthetic,1,arriendo agosto monto:alto
gym spinning club enero,100000,tecnologia,False,synthetic,1,gym spinning club enero monto:medio
helado de mango,7102,alimentacion,True,synthetic,1,helado de mango monto:bajo
canva pro julio,49900,tecnologia,True,synthetic,1,canva pro julio monto:medio
entrada teatro,65000,alimentacion,True,synthetic,1,entrada teatro monto:medio
gym body tech enero,70000,tecnologia,False,synthetic,1,gym body tech enero monto:medio
cerveza poker con parce,10703,alimentacion,True,synthetic,1,cerveza poker con parce monto:bajo
pasaje bus bogota medellin,104220,alimentacion,False,synthetic,1,pasaje bus bogota medellin monto:medio
lotería viernes,4979,alimentacion,True,synthetic,1,lotería viernes monto:bajo
canva pro junio,49900,tecnologia,True,synthetic,1,canva pro junio monto:medio
maquina de afeitar,151408,alimentacion,False,synthetic,1,maquina de afeitar monto:alto
vpn con anuncios mensual,19900,tecnologia,True,synthetic,1,vpn con anuncios mensual monto:bajo
vestido de baño,93516,alimentacion,False,synthetic,1,vestido de baño monto:medio
honorarios edición agosto,1000000,ingreso_trabajo,False,synthetic,1,honorarios edición agosto monto:alto
desayuno jueves,18544,alimentacion,True,synthetic,1,desayuno jueves monto:bajo
rappi prime diciembre,9900,tecnologia,True,synthetic,1,rappi prime diciembre monto:bajo
sueldo call center,1500000,ingreso_trabajo,False,synthetic,1,sueldo call center monto:alto
pensión vejez marzo,1000000,ingreso_trabajo,False,synthetic,1,pensión vejez marzo monto:alto
llantas carro,800000,servicios,False,synthetic,1,llantas carro monto:alto
transferencia familia mayo,700000,ingreso_trabajo,False,synthetic,1,transferencia familia mayo monto:alto
indriver al el éxito,17752,alimentacion,True,synthetic,1,indriver al el éxito monto:bajo
te verde,9000,alimentacion,True,synthetic,1,te verde monto:bajo
servicio tecnico celular,134201,alimentacion,False,synthetic,1,servicio tecnico celular monto:medio
mercado en d1 mensual,292191,alimentacion,False,synthetic,1,mercado en d1 mensual monto:alto
transferencia familia febrero,300000,ingreso_trabajo,False,synthetic,1,transferencia familia febrero monto:alto
recibo luz mayo,98989,servicios,False,synthetic,1,recibo luz mayo monto:medio
taxi al el trabajo,12867,alimentacion,True,synthetic,1,taxi al el trabajo monto:bajo
asado dominguero del mes,250659,alimentacion,False,synthetic,1,asado dominguero del mes monto:alto
ingreso plataforma digital octubre,200000,ingreso_trabajo,False,synthetic,1,ingreso plataforma digital octubre monto:alto
seguro vida agosto,50000,servicios,False,synthetic,1,seguro vida agosto monto:medio
arepa con chocolate,5059,alimentacion,True,synthetic,1,arepa con chocolate monto:bajo
descanso parque del café,281403,alimentacion,False,synthetic,1,descanso parque del café monto:alto
lonchera del niño lunes,14523,alimentacion,True,synthetic,1,lonchera del niño lunes monto:bajo
nomina febrero,2500000,ingreso_trabajo,False,synthetic,1,nomina febrero monto:alto
quincena noviembre,1000000,ingreso_trabajo,False,synthetic,1,quincena noviembre monto:alto
concierto bad bunny,280000,alimentacion,False,synthetic,1,concierto bad bunny monto:alto
parqueadero oma,5941,alimentacion,True,synthetic,1,parqueadero oma monto:bajo
arriendo del apartamento marzo,950000,servicios,False,synthetic,1,arriendo del apartamento marzo monto:alto
honorarios diseño enero,3000000,ingreso_trabajo,False,synthetic,1,honorarios diseño enero monto:alto
pensión vejez septiembre,900000,ingreso_trabajo,False,synthetic,1,pensión vejez septiembre monto:alto
propina domicilio,4506,alimentacion,True,synthetic,1,propina domicilio monto:bajo
cena semana,20359,alimentacion,True,synthetic,1,cena semana monto:bajo
gaseosa de pipián,2636,alimentacion,True,synthetic,1,gaseosa de pipián monto:bajo
tintoreria traje,44354,alimentacion,False,synthetic,1,tintoreria traje monto:medio
impuesto vehiculos anual,280000,servicios,False,synthetic,1,impuesto vehiculos anual monto:alto
tinto de la tarde,1137,alimentacion,True,synthetic,1,tinto de la tarde monto:bajo
recibo luz noviembre,62077,servicios,False,synthetic,1,recibo luz noviembre monto:medio
ingreso plataforma digital julio,200000,ingreso_trabajo,False,synthetic,1,ingreso plataforma digital julio monto:alto
ingreso diseñador freelance,1200000,ingreso_trabajo,False,synthetic,1,ingreso diseñador freelance monto:alto
pizza dominos semanal,60189,alimentacion,False,synthetic,1,pizza dominos semanal monto:medio
venta computador,800000,ingreso_trabajo,False,synthetic,1,venta computador monto:alto
ingreso uber driver junio,1400000,ingreso_trabajo,False,synthetic,1,ingreso uber driver junio monto:alto
pensión de los papás,300000,servicios,False,synthetic,1,pensión de los papás monto:alto
playstation plus marzo,19900,tecnologia,False,synthetic,1,playstation plus marzo monto:bajo
ingreso extra fotografía,700000,ingreso_trabajo,False,synthetic,1,ingreso extra fotografía monto:alto
yogurt alpina,3500,alimentacion,True,synthetic,1,yogurt alpina monto:bajo
aromática,6000,alimentacion,True,synthetic,1,aromática monto:bajo
tomate semanal,17992,alimentacion,False,synthetic,1,tomate semanal monto:bajo
gaseosa de espinaca,3593,alimentacion,True,synthetic,1,gaseosa de espinaca monto:bajo
transferencia familia enero,300000,ingreso_trabajo,False,synthetic,1,transferencia familia enero monto:alto
pescado fresco,32245,alimentacion,False,synthetic,1,pescado fresco monto:medio
microsoft 365 octubre,42900,tecnologia,False,synthetic,1,microsoft 365 octubre monto:medio
cuota crédito davivienda,200000,servicios,False,synthetic,1,cuota crédito davivienda monto:alto
picada con los parces,40320,alimentacion,True,synthetic,1,picada con los parces monto:medio
freelance fotografía,350000,ingreso_trabajo,False,synthetic,1,freelance fotografía monto:alto
mesada universitaria septiembre,700000,ingreso_trabajo,False,synthetic,1,mesada universitaria septiembre monto:alto
crepes and waffles,55000,alimentacion,True,synthetic,1,crepes and waffles monto:medio
globos y decoración,53372,alimentacion,False,synthetic,1,globos y decoración monto:medio
semestre universidad nacional,500000,servicios,False,synthetic,1,semestre universidad nacional monto:alto
maquillaje mac,238108,alimentacion,False,synthetic,1,maquillaje mac monto:alto
regalo dia de la madre,164661,alimentacion,False,synthetic,1,regalo dia de la madre monto:alto
lavaplatos axion,12000,alimentacion,True,synthetic,1,lavaplatos axion monto:bajo
cafe en starbucks,6846,alimentacion,True,synthetic,1,cafe en starbucks monto:bajo
gaseosa de pipián,2942,alimentacion,True,synthetic,1,gaseosa de pipián monto:bajo
cervecita con la comida,8000,alimentacion,True,synthetic,1,cervecita con la comida monto:bajo
tenis nike,398375,alimentacion,False,synthetic,1,tenis nike monto:alto
cuota hipoteca scotiabank,800000,servicios,False,synthetic,1,cuota hipoteca scotiabank monto:alto
arriendo del apartamento febrero,950000,servicios,False,synthetic,1,arriendo del apartamento febrero monto:alto
propinas bartender,250000,ingreso_trabajo,False,synthetic,1,propinas bartender monto:alto
quincena noviembre,1000000,ingreso_trabajo,False,synthetic,1,quincena noviembre monto:alto
prime video agosto,14900,tecnologia,False,synthetic,1,prime video agosto monto:bajo
honorarios traducciones mayo,500000,ingreso_trabajo,False,synthetic,1,honorarios traducciones mayo monto:alto
disney plus mayo,21900,tecnologia,False,synthetic,1,disney plus mayo monto:bajo
cerveza poker con parce,6625,alimentacion,True,synthetic,1,cerveza poker con parce monto:bajo
helado de arequipe,7490,alimentacion,True,synthetic,1,helado de arequipe monto:bajo
remesas exterior septiembre,2000000,ingreso_trabajo,False,synthetic,1,remesas exterior septiembre monto:alto
pensión vejez junio,2000000,ingreso_trabajo,False,synthetic,1,pensión vejez junio monto:alto
regalo papa noel niños quincenal,244500,alimentacion,False,synthetic,1,regalo papa noel niños quincenal monto:alto
tiquete san andres,540137,alimentacion,False,synthetic,1,tiquete san andres monto:alto
onces jueves,9198,alimentacion,True,synthetic,1,onces jueves monto:bajo
declaracion de renta,250000,servicios,False,synthetic,1,declaracion de renta monto:alto
venta mercado libre diciembre,300000,ingreso_trabajo,False,synthetic,1,venta mercado libre diciembre monto:alto
salario medico eps,5000000,ingreso_trabajo,False,synthetic,1,salario medico eps monto:alto
indriver al el banco,19100,alimentacion,True,synthetic,1,indriver al el banco monto:bajo
metro en medellin,3000,alimentacion,True,synthetic,1,metro en medellin monto:bajo
payaso para la fiesta,200000,alimentacion,False,synthetic,1,payaso para la fiesta monto:alto
servicio tecnico celular,106476,alimentacion,False,synthetic,1,servicio tecnico celular monto:medio
ingreso extra traducciones,500000,ingreso_trabajo,False,synthetic,1,ingreso extra traducciones monto:alto
buseta a el éxito,2090,alimentacion,True,synthetic,1,buseta a el éxito monto:bajo
metro de las mañana,3638,alimentacion,True,synthetic,1,metro de las mañana monto:bajo
arepa con huevo,5528,alimentacion,True,synthetic,1,arepa con huevo monto:bajo
juguetes navidad del mes,373603,alimentacion,False,synthetic,1,juguetes navidad del mes monto:alto
bono productividad noviembre,350000,ingreso_trabajo,False,synthetic,1,bono productividad noviembre monto:alto
netflix estándar mayo,29900,tecnologia,False,synthetic,1,netflix estándar mayo monto:bajo
maquillaje mac,289559,alimentacion,False,synthetic,1,maquillaje mac monto:alto
picada con los parces,44005,alimentacion,True,synthetic,1,picada con los parces monto:medio
tenis adidas semanal,294390,alimentacion,False,synthetic,1,tenis adidas semanal monto:alto
hostal en santa marta,120000,alimentacion,True,synthetic,1,hostal en santa marta monto:medio
carne para el asado,97105,alimentacion,False,synthetic,1,carne para el asado monto:medio
prime video enero,14900,tecnologia,False,synthetic,1,prime video enero monto:bajo
cuota tarjeta daviplata,300000,servicios,False,synthetic,1,cuota tarjeta daviplata monto:alto
pension colegio diciembre,250000,servicios,False,synthetic,1,pension colegio diciembre monto:alto
sorpresa cumpleaños,180000,alimentacion,False,synthetic,1,sorpresa cumpleaños monto:alto
buñuelo de mediodía,2579,alimentacion,True,synthetic,1,buñuelo de mediodía monto:bajo
pension universidad marzo,1800000,servicios,False,synthetic,1,pension universidad marzo monto:alto
propina domicilio,2761,alimentacion,True,synthetic,1,propina domicilio monto:bajo
piñata semanal,60081,alimentacion,False,synthetic,1,piñata semanal monto:medio
margarina,7000,alimentacion,True,synthetic,1,margarina monto:bajo
buñuelo de las 8,2334,alimentacion,True,synthetic,1,buñuelo de las 8 monto:bajo
cuota hipoteca banco de bogotá,1400000,servicios,False,synthetic,1,cuota hipoteca banco de bogotá monto:alto
venta ropa usada,50000,ingreso_trabajo,False,synthetic,1,venta ropa usada monto:medio
rosca de reyes,36276,alimentacion,False,synthetic,1,rosca de reyes monto:medio
seguro soat abril,75000,servicios,False,synthetic,1,seguro soat abril monto:medio
cena domingo,31333,alimentacion,True,synthetic,1,cena domingo monto:medio
adornos navideños,103235,alimentacion,False,synthetic,1,adornos navideños monto:medio
papas fritas caseras,6000,alimentacion,True,synthetic,1,papas fritas caseras monto:bajo
desayuno sábado,15118,alimentacion,True,synthetic,1,desayuno sábado monto:bajo
pago eps abril,280000,servicios,False,synthetic,1,pago eps abril monto:alto
icloud 50gb febrero,19900,tecnologia,True,synthetic,1,icloud 50gb febrero monto:bajo
metro de las antes de almuerzo,3670,alimentacion,True,synthetic,1,metro de las antes de almuerzo monto:bajo
suscripcion booking com,0,tecnologia,False,synthetic,1,suscripcion booking com monto:bajo
vacuna mascota,82712,alimentacion,False,synthetic,1,vacuna mascota monto:medio
cochinillo regional,450000,alimentacion,False,synthetic,1,cochinillo regional monto:alto
clases particulares ingles,400000,ingreso_trabajo,False,synthetic,1,clases particulares ingles monto:alto
uber desde la terminal,18129,alimentacion,True,synthetic,1,uber desde la terminal monto:bajo
lonchera del niño jueves,9235,alimentacion,True,synthetic,1,lonchera del niño jueves monto:bajo
torta de cumpleaños,80803,alimentacion,False,synthetic,1,torta de cumpleaños monto:medio
gaseosa de pollo,4334,alimentacion,True,synthetic,1,gaseosa de pollo monto:bajo
mercado a los papas,123616,alimentacion,False,synthetic,1,mercado a los papas monto:medio
disney plus febrero,17900,tecnologia,False,synthetic,1,disney plus febrero monto:bajo
gym spinning club septiembre,100000,tecnologia,False,synthetic,1,gym spinning club septiembre monto:medio
mecato de las 8,5499,alimentacion,True,synthetic,1,mecato de las 8 monto:bajo
comision febrero,1000000,ingreso_trabajo,False,synthetic,1,comision febrero monto:alto
recarga celular etb,7853,alimentacion,True,synthetic,1,recarga celular etb monto:bajo
internet movistar enero,69900,servicios,False,synthetic,1,internet movistar enero monto:medio
hbo max enero,35900,tecnologia,False,synthetic,1,hbo max enero monto:medio
pizza dominos para la casa,45344,alimentacion,False,synthetic,1,pizza dominos para la casa monto:medio
arriendos recibidos diciembre,800000,ingreso_trabajo,False,synthetic,1,arriendos recibidos diciembre monto:alto
regalo de grado,311209,alimentacion,False,synthetic,1,regalo de grado monto:alto
recibo luz abril,153279,servicios,False,synthetic,1,recibo luz abril monto:alto
arriendo noviembre,900000,servicios,False,synthetic,1,arriendo noviembre monto:alto
pizza dominos quincenal,49109,alimentacion,False,synthetic,1,pizza dominos quincenal monto:medio
hotel en cartagena noche,343814,alimentacion,False,synthetic,1,hotel en cartagena noche monto:alto
cena martes,22710,alimentacion,True,synthetic,1,cena martes monto:bajo
tenis balenciaga,950000,alimentacion,False,synthetic,1,tenis balenciaga monto:alto
hbo max junio,23900,tecnologia,False,synthetic,1,hbo max junio monto:bajo
plataforma estudio enero,35000,tecnologia,False,synthetic,1,plataforma estudio enero monto:medio
tinto mañana,2006,alimentacion,True,synthetic,1,tinto mañana monto:bajo
devolución iva julio,100000,ingreso_trabajo,False,synthetic,1,devolución iva julio monto:medio
lonchera del niño martes,18203,alimentacion,True,synthetic,1,lonchera del niño martes monto:bajo
seguro vida octubre,50000,servicios,False,synthetic,1,seguro vida octubre monto:medio
aporte pensión diciembre,295000,servicios,False,synthetic,1,aporte pensión diciembre monto:alto
aporte pensión junio,150000,servicios,False,synthetic,1,aporte pensión junio monto:alto
dulces tienda semana,2977,alimentacion,True,synthetic,1,dulces tienda semana monto:bajo
domicilio glovo cena,26252,alimentacion,True,synthetic,1,domicilio glovo cena monto:bajo
venta carro,50000,ingreso_trabajo,False,synthetic,1,venta carro monto:medio
adobe creative cloud,139000,tecnologia,False,synthetic,1,adobe creative cloud monto:medio
arriendo arriendo enero,1200000,servicios,False,synthetic,1,arriendo arriendo enero monto:alto
torta de cumpleaños,80481,alimentacion,False,synthetic,1,torta de cumpleaños monto:medio
dominio y hosting enero,50000,tecnologia,False,synthetic,1,dominio y hosting enero monto:medio
ancheta navideña,170236,alimentacion,False,synthetic,1,ancheta navideña monto:alto
curso udemy,61737,alimentacion,False,synthetic,1,curso udemy monto:medio
picada con los parces,91003,alimentacion,True,synthetic,1,picada con los parces monto:medio
microsoft 365 noviembre,42900,tecnologia,False,synthetic,1,microsoft 365 noviembre monto:medio
vpn básico mensual,35000,tecnologia,True,synthetic,1,vpn básico mensual monto:medio
lotería viernes,2564,alimentacion,True,synthetic,1,lotería viernes monto:bajo
pescado fresco,31387,alimentacion,False,synthetic,1,pescado fresco monto:medio
lapiceros y marcadores,15000,alimentacion,True,synthetic,1,lapiceros y marcadores monto:bajo
pension universidad mayo,1800000,servicios,False,synthetic,1,pension universidad mayo monto:alto
asado con amigos,250000,alimentacion,False,synthetic,1,asado con amigos monto:alto
daviplata transferencia,167115,alimentacion,False,synthetic,1,daviplata transferencia monto:alto
sarten,83597,alimentacion,False,synthetic,1,sarten monto:medio
aporte pensión octubre,295000,servicios,False,synthetic,1,aporte pensión octubre monto:alto
dulces tienda semana,2142,alimentacion,True,synthetic,1,dulces tienda semana monto:bajo
agua manantial,3000,alimentacion,True,synthetic,1,agua manantial monto:bajo
seguro vida mayo,85000,servicios,False,synthetic,1,seguro vida mayo monto:medio
milo en lata,28000,alimentacion,True,synthetic,1,milo en lata monto:bajo
aporte pensión julio,295000,servicios,False,synthetic,1,aporte pensión julio monto:alto
honorarios asesoría marzo,1500000,ingreso_trabajo,False,synthetic,1,honorarios asesoría marzo monto:alto
recibo gas enero,56557,servicios,False,synthetic,1,recibo gas enero monto:medio
lavado en lavanderí a,33959,alimentacion,False,synthetic,1,lavado en lavanderí a monto:medio
yuca y platano semanal semanal,20790,alimentacion,False,synthetic,1,yuca y platano semanal semanal monto:bajo
gaseosa de carne,2259,alimentacion,True,synthetic,1,gaseosa de carne monto:bajo
chatgpt plus junio,65000,tecnologia,True,synthetic,1,chatgpt plus junio monto:medio
administración edificio marzo,250000,servicios,False,synthetic,1,administración edificio marzo monto:alto
pension colegio noviembre,250000,servicios,False,synthetic,1,pension colegio noviembre monto:alto
chatgpt plus septiembre,65000,tecnologia,True,synthetic,1,chatgpt plus septiembre monto:medio
recibo luz octubre,167572,servicios,False,synthetic,1,recibo luz octubre monto:alto
domicilio glovo hamburguesa,37682,alimentacion,True,synthetic,1,domicilio glovo hamburguesa monto:medio
almuerzo jueves,24860,alimentacion,True,synthetic,1,almuerzo jueves monto:bajo
recarga celular movistar,6706,alimentacion,True,synthetic,1,recarga celular movistar monto:bajo
remesas exterior junio,500000,ingreso_trabajo,False,synthetic,1,remesas exterior junio monto:alto
recibo acueducto marzo,61862,servicios,False,synthetic,1,recibo acueducto marzo monto:medio
prestamo gota a gota,100000,servicios,False,synthetic,1,prestamo gota a gota monto:medio
pandebono lunes,2986,alimentacion,True,synthetic,1,pandebono lunes monto:bajo
mesada universitaria agosto,700000,ingreso_trabajo,False,synthetic,1,mesada universitaria agosto monto:alto
dulces tienda martes,2387,alimentacion,True,synthetic,1,dulces tienda martes monto:bajo
taxi al la farmacia,15410,alimentacion,True,synthetic,1,taxi al la farmacia monto:bajo
ingreso uber driver abril,1000000,ingreso_trabajo,False,synthetic,1,ingreso uber driver abril monto:alto
collar y correa,35000,alimentacion,False,synthetic,1,collar y correa monto:medio
raspa y gana,9797,alimentacion,True,synthetic,1,raspa y gana monto:bajo
bono productividad agosto,1000000,ingreso_trabajo,False,synthetic,1,bono productividad agosto monto:alto
prime video marzo,14900,tecnologia,False,synthetic,1,prime video marzo monto:bajo
alquiler de sillas y mesas,200613,alimentacion,False,synthetic,1,alquiler de sillas y mesas monto:alto
lotería viernes,3711,alimentacion,True,synthetic,1,lotería viernes monto:bajo
buscapina,12000,alimentacion,True,synthetic,1,buscapina monto:bajo
venta electrodoméstico,150000,ingreso_trabajo,False,synthetic,1,venta electrodoméstico monto:alto
mercado en jumbo,280000,alimentacion,False,synthetic,1,mercado en jumbo monto:alto
sitp bogota,2950,alimentacion,True,synthetic,1,sitp bogota monto:bajo
cuota hipoteca nequi,1800000,servicios,False,synthetic,1,cuota hipoteca nequi monto:alto
plan celular etb,39900,servicios,False,synthetic,1,plan celular etb monto:medio
seguro vida julio,65000,servicios,False,synthetic,1,seguro vida julio monto:medio
beca estudio octubre,500000,ingreso_trabajo,False,synthetic,1,beca estudio octubre monto:alto
concierto maluma,372883,alimentacion,False,synthetic,1,concierto maluma monto:alto
papas salchipapa sábado,9770,alimentacion,True,synthetic,1,papas salchipapa sábado monto:bajo
recibo luz enero,87553,servicios,False,synthetic,1,recibo luz enero monto:medio
buñuelo de mediodía,1261,alimentacion,True,synthetic,1,buñuelo de mediodía monto:bajo
piñata para el trabajo,50364,alimentacion,False,synthetic,1,piñata para el trabajo monto:medio
freelance edición,350000,ingreso_trabajo,False,synthetic,1,freelance edición monto:alto
chance miércoles,7030,alimentacion,True,synthetic,1,chance miércoles monto:bajo
venta cosas de la casa,150000,ingreso_trabajo,False,synthetic,1,venta cosas de la casa monto:alto
recibo acueducto junio,70967,servicios,False,synthetic,1,recibo acueducto junio monto:medio
carne de res kilos,49943,alimentacion,False,synthetic,1,carne de res kilos monto:medio
honorarios asesoría marzo,1500000,ingreso_trabajo,False,synthetic,1,honorarios asesoría marzo monto:alto
cuota hipoteca daviplata,1400000,servicios,False,synthetic,1,cuota hipoteca daviplata monto:alto
mesada universitaria junio,500000,ingreso_trabajo,False,synthetic,1,mesada universitaria junio monto:alto
venta moto,150000,ingreso_trabajo,False,synthetic,1,venta moto monto:alto
pandebono viernes,3379,alimentacion,True,synthetic,1,pandebono viernes monto:bajo
collar y correa,29030,alimentacion,False,synthetic,1,collar y correa monto:bajo
comision septiembre,500000,ingreso_trabajo,False,synthetic,1,comision septiembre monto:alto
mercado en justo y bueno,237661,alimentacion,False,synthetic,1,mercado en justo y bueno monto:alto
pensión vejez noviembre,1000000,ingreso_trabajo,False,synthetic,1,pensión vejez noviembre monto:alto
adobe noviembre,120000,tecnologia,False,synthetic,1,adobe noviembre monto:medio
colombiana de la tienda,2000,alimentacion,True,synthetic,1,colombiana de la tienda monto:bajo
plan celular movistar,39900,servicios,False,synthetic,1,plan celular movistar monto:medio
paneton navideño,38325,alimentacion,False,synthetic,1,paneton navideño monto:medio
ancheta navideña,150000,alimentacion,False,synthetic,1,ancheta navideña monto:alto
cafe en la panadería,2779,alimentacion,True,synthetic,1,cafe en la panadería monto:bajo
regalo navidad familia,200000,alimentacion,False,synthetic,1,regalo navidad familia monto:alto
paquete de doritos,3000,alimentacion,True,synthetic,1,paquete de doritos monto:bajo
pony malta,2500,alimentacion,True,synthetic,1,pony malta monto:bajo
tinto antes de almuerzo,1278,alimentacion,True,synthetic,1,tinto antes de almuerzo monto:bajo
plataforma estudio agosto,65000,tecnologia,False,synthetic,1,plataforma estudio agosto monto:medio
lengua en salsa,32654,alimentacion,False,synthetic,1,lengua en salsa monto:medio
ingreso plataforma digital agosto,200000,ingreso_trabajo,False,synthetic,1,ingreso plataforma digital agosto monto:alto
estrato 3 recibo total,285000,servicios,False,synthetic,1,estrato 3 recibo total monto:alto
churrasco en restaurante,57039,alimentacion,False,synthetic,1,churrasco en restaurante monto:medio
mercado en d1 mensual,211720,alimentacion,False,synthetic,1,mercado en d1 mensual monto:alto
gaseosa de espinaca,2503,alimentacion,True,synthetic,1,gaseosa de espinaca monto:bajo
aporte pensión febrero,400000,servicios,False,synthetic,1,aporte pensión febrero monto:alto
cuota crédito bbva,750000,servicios,False,synthetic,1,cuota crédito bbva monto:alto
sarten para el trabajo,79861,alimentacion,False,synthetic,1,sarten para el trabajo monto:medio
buseta a el centro,2195,alimentacion,True,synthetic,1,buseta a el centro monto:bajo
audifonos jbl,280000,alimentacion,False,synthetic,1,audifonos jbl monto:alto
pasaje bus intermunicipal,58032,alimentacion,False,synthetic,1,pasaje bus intermunicipal monto:medio
chatgpt plus febrero,65000,tecnologia,True,synthetic,1,chatgpt plus febrero monto:medio
desayuno domingo,9910,alimentacion,True,synthetic,1,desayuno domingo monto:bajo
lotería de bogotá,2000,alimentacion,True,synthetic,1,lotería de bogotá monto:bajo
ingreso plataforma digital octubre,200000,ingreso_trabajo,False,synthetic,1,ingreso plataforma digital octubre monto:alto
spotify premium septiembre,26900,tecnologia,True,synthetic,1,spotify premium septiembre monto:bajo
disney plus mayo,17900,tecnologia,False,synthetic,1,disney plus mayo monto:bajo
cerveza águila con parce,9851,alimentacion,True,synthetic,1,cerveza águila con parce monto:bajo
gas domiciliario,92000,servicios,False,synthetic,1,gas domiciliario monto:medio
uber desde el jumbo,23185,alimentacion,True,synthetic,1,uber desde el jumbo monto:bajo
spotify premium mensual,17900,tecnologia,True,synthetic,1,spotify premium mensual monto:bajo
toner impresora,204422,alimentacion,False,synthetic,1,toner impresora monto:alto
sabanas del mes,101239,alimentacion,False,synthetic,1,sabanas del mes monto:medio
servicio tecnico celular de hoy,105485,alimentacion,False,synthetic,1,servicio tecnico celular de hoy monto:medio
comision mayo,200000,ingreso_trabajo,False,synthetic,1,comision mayo monto:alto
pensión vejez julio,1200000,ingreso_trabajo,False,synthetic,1,pensión vejez julio monto:alto
chatgpt plus septiembre,75000,tecnologia,True,synthetic,1,chatgpt plus septiembre monto:medio
curso udemy de hoy,51792,alimentacion,False,synthetic,1,curso udemy de hoy monto:medio
tinto de mediodía,1329,alimentacion,True,synthetic,1,tinto de mediodía monto:bajo
almuerzo ejecutivo,20000,alimentacion,True,synthetic,1,almuerzo ejecutivo monto:bajo
cebolla y ajo semanal,13749,alimentacion,False,synthetic,1,cebolla y ajo semanal monto:bajo
delivery mercado rappi,35000,alimentacion,True,synthetic,1,delivery mercado rappi monto:medio
hotel en cartagena noche,417385,alimentacion,False,synthetic,1,hotel en cartagena noche monto:alto
tour villa de leyva,434287,alimentacion,False,synthetic,1,tour villa de leyva monto:alto
lechona tolimense,36319,alimentacion,False,synthetic,1,lechona tolimense monto:medio
clase yoga online,0,tecnologia,False,synthetic,1,clase yoga online monto:bajo
propina delivery,3000,alimentacion,True,synthetic,1,propina delivery monto:bajo
recibo acueducto agosto,46666,servicios,False,synthetic,1,recibo acueducto agosto monto:medio
beca estudio octubre,300000,ingreso_trabajo,False,synthetic,1,beca estudio octubre monto:alto
chocoramo,1500,alimentacion,True,synthetic,1,chocoramo monto:bajo
almuerzo casero,15000,alimentacion,True,synthetic,1,almuerzo casero monto:bajo
lotería domingo,2168,alimentacion,True,synthetic,1,lotería domingo monto:bajo
ropa interior tennis,92937,alimentacion,False,synthetic,1,ropa interior tennis monto:medio
plan celular etb,65000,servicios,False,synthetic,1,plan celular etb monto:medio
cuota crédito banco de bogotá,200000,servicios,False,synthetic,1,cuota crédito banco de bogotá monto:alto
buseta a la terminal,3397,alimentacion,True,synthetic,1,buseta a la terminal monto:bajo
clases de ingles diciembre,200000,tecnologia,False,synthetic,1,clases de ingles diciembre monto:alto
administración edificio junio,250000,servicios,False,synthetic,1,administración edificio junio monto:alto
pollo para la semana,25793,alimentacion,False,synthetic,1,pollo para la semana monto:bajo
cuota tarjeta nequi,300000,servicios,False,synthetic,1,cuota tarjeta nequi monto:alto
hbo max enero,19900,tecnologia,False,synthetic,1,hbo max enero monto:bajo
domicilio rappi pollo,43807,alimentacion,True,synthetic,1,domicilio rappi pollo monto:medio
lonchera del niño viernes,12068,alimentacion,True,synthetic,1,lonchera del niño viernes monto:bajo
buñuelo de la tarde,2544,alimentacion,True,synthetic,1,buñuelo de la tarde monto:bajo
camisa en studio f,180000,alimentacion,False,synthetic,1,camisa en studio f monto:alto
almuerzo martes,22738,alimentacion,True,synthetic,1,almuerzo martes monto:bajo
recibo gas agosto,90180,servicios,False,synthetic,1,recibo gas agosto monto:medio
escoba y trapero,38825,alimentacion,False,synthetic,1,escoba y trapero monto:medio
rappi prime diciembre,9900,tecnologia,True,synthetic,1,rappi prime diciembre monto:bajo
ropa deportiva,147019,alimentacion,False,synthetic,1,ropa deportiva monto:medio
nomina mayo,3000000,ingreso_trabajo,False,synthetic,1,nomina mayo monto:alto
microondas,351768,alimentacion,False,synthetic,1,microondas monto:alto
desinfectante lysol,15000,alimentacion,True,synthetic,1,desinfectante lysol monto:bajo
paseo de olla,181002,alimentacion,False,synthetic,1,paseo de olla monto:alto
mazorca asada,5000,alimentacion,True,synthetic,1,mazorca asada monto:bajo
paramount plus,17900,tecnologia,False,synthetic,1,paramount plus monto:bajo
carne para el asado,114985,alimentacion,False,synthetic,1,carne para el asado monto:medio
desayuno domingo,12819,alimentacion,True,synthetic,1,desayuno domingo monto:bajo
ingreso extra traducciones,500000,ingreso_trabajo,False,synthetic,1,ingreso extra traducciones monto:alto
uber desde el centro,13623,alimentacion,True,synthetic,1,uber desde el centro monto:bajo
pension universidad noviembre,1800000,servicios,False,synthetic,1,pension universidad noviembre monto:alto
honorarios asesoría febrero,1000000,ingreso_trabajo,False,synthetic,1,honorarios asesoría febrero monto:alto
lavadora de ropa,2015704,alimentacion,False,synthetic,1,lavadora de ropa monto:alto
cerveza corona con parce,6064,alimentacion,True,synthetic,1,cerveza corona con parce monto:bajo
regalo dia de la madre semanal,150975,alimentacion,False,synthetic,1,regalo dia de la madre semanal monto:alto
pasaje bus bogota medellin,77370,alimentacion,False,synthetic,1,pasaje bus bogota medellin monto:medio
internet tigo marzo,109900,servicios,False,synthetic,1,internet tigo marzo monto:medio
cuota tarjeta daviplata,200000,servicios,False,synthetic,1,cuota tarjeta daviplata monto:alto
lotería viernes,2397,alimentacion,True,synthetic,1,lotería viernes monto:bajo
indriver al el trabajo,18775,alimentacion,True,synthetic,1,indriver al el trabajo monto:bajo
resma papel,35000,alimentacion,False,synthetic,1,resma papel monto:medio
cuota hipoteca bancolombia,1800000,servicios,False,synthetic,1,cuota hipoteca bancolombia monto:alto
beca estudio septiembre,400000,ingreso_trabajo,False,synthetic,1,beca estudio septiembre monto:alto
metro de las de la tarde,3692,alimentacion,True,synthetic,1,metro de las de la tarde monto:bajo
buseta a el jumbo,3741,alimentacion,True,synthetic,1,buseta a el jumbo monto:bajo
suscripcion app octubre,9900,tecnologia,True,synthetic,1,suscripcion app octubre monto:bajo
pago eps marzo,120000,servicios,False,synthetic,1,pago eps marzo monto:medio
plan celular claro,65000,servicios,False,synthetic,1,plan celular claro monto:medio
arriendo enero,900000,servicios,False,synthetic,1,arriendo enero monto:alto
arepa con queso,4759,alimentacion,True,synthetic,1,arepa con queso monto:bajo
parqueadero oma,12672,alimentacion,True,synthetic,1,parqueadero oma monto:bajo
domicilio domicilios.com mercado,39798,alimentacion,True,synthetic,1,domicilio domicilios.com mercado monto:medio
gasolina del carro,120000,servicios,False,synthetic,1,gasolina del carro monto:medio
pensión colegio privado,450000,servicios,False,synthetic,1,pensión colegio privado monto:alto
internet movistar mayo,109900,servicios,False,synthetic,1,internet movistar mayo monto:medio
proteina whey,178161,alimentacion,False,synthetic,1,proteina whey monto:alto
pensión vejez octubre,1000000,ingreso_trabajo,False,synthetic,1,pensión vejez octubre monto:alto
mercado a los papás,150000,alimentacion,False,synthetic,1,mercado a los papás monto:alto
recibo luz abril,104025,servicios,False,synthetic,1,recibo luz abril monto:medio
chicha en el pueblo,5000,alimentacion,True,synthetic,1,chicha en el pueblo monto:bajo
pensión vejez septiembre,1000000,ingreso_trabajo,False,synthetic,1,pensión vejez septiembre monto:alto
vpn con anuncios mensual,35000,tecnologia,True,synthetic,1,vpn con anuncios mensual monto:medio
dulces tienda domingo,4391,alimentacion,True,synthetic,1,dulces tienda domingo monto:bajo
chance jueves,6693,alimentacion,True,synthetic,1,chance jueves monto:bajo
adobe julio,89000,tecnologia,False,synthetic,1,adobe julio monto:medio
transferencia familia diciembre,100000,ingreso_trabajo,False,synthetic,1,transferencia familia diciembre monto:medio
regalo de grado del mes,344786,alimentacion,False,synthetic,1,regalo de grado del mes monto:alto
dulces tienda semana,1848,alimentacion,True,synthetic,1,dulces tienda semana monto:bajo
ingreso uber driver mes,1800000,ingreso_trabajo,False,synthetic,1,ingreso uber driver mes monto:alto
pimienta y sal,8000,alimentacion,True,synthetic,1,pimienta y sal monto:bajo
mesada universitaria septiembre,800000,ingreso_trabajo,False,synthetic,1,mesada universitaria septiembre monto:alto
jugo hit,3500,alimentacion,True,synthetic,1,jugo hit monto:bajo
juguetes navidad quincenal,329930,alimentacion,False,synthetic,1,juguetes navidad quincenal monto:alto
cebolla y ajo semanal,13023,alimentacion,False,synthetic,1,cebolla y ajo semanal monto:bajo
quincena mayo,800000,ingreso_trabajo,False,synthetic,1,quincena mayo monto:alto
venta electrodoméstico,500000,ingreso_trabajo,False,synthetic,1,venta electrodoméstico monto:alto
atún van camps,7500,alimentacion,True,synthetic,1,atún van camps monto:bajo
smart tv samsung,1513488,alimentacion,False,synthetic,1,smart tv samsung monto:alto
frijolada antioquena,32016,alimentacion,False,synthetic,1,frijolada antioquena monto:medio
buñuelo de mediodía,1804,alimentacion,True,synthetic,1,buñuelo de mediodía monto:bajo
hbo max septiembre,19900,tecnologia,False,synthetic,1,hbo max septiembre monto:bajo
parqueadero starbucks,6758,alimentacion,True,synthetic,1,parqueadero starbucks monto:bajo
uber desde el centro,11056,alimentacion,True,synthetic,1,uber desde el centro monto:bajo
chance viernes,7363,alimentacion,True,synthetic,1,chance viernes monto:bajo
airpods,877596,alimentacion,False,synthetic,1,airpods monto:alto
bono productividad julio,500000,ingreso_trabajo,False,synthetic,1,bono productividad julio monto:alto
bono productividad julio,350000,ingreso_trabajo,False,synthetic,1,bono productividad julio monto:alto
rappi prime junio,9900,tecnologia,True,synthetic,1,rappi prime junio monto:bajo
pago eps julio,145000,servicios,False,synthetic,1,pago eps julio monto:medio
globos y decoración,45344,alimentacion,False,synthetic,1,globos y decoración monto:medio
dulces tienda viernes,4928,alimentacion,True,synthetic,1,dulces tienda viernes monto:bajo
nike training club premium,0,tecnologia,True,synthetic,1,nike training club premium monto:bajo
jeans en arturo calle,296843,alimentacion,False,synthetic,1,jeans en arturo calle monto:alto
jeans en arturo calle,250000,alimentacion,False,synthetic,1,jeans en arturo calle monto:alto
parqueadero el puesto,13476,alimentacion,True,synthetic,1,parqueadero el puesto monto:bajo
disney plus marzo,21900,tecnologia,False,synthetic,1,disney plus marzo monto:bajo
cocada en el parque,3000,alimentacion,True,synthetic,1,cocada en el parque monto:bajo
domicilio pizza,45000,alimentacion,True,synthetic,1,domicilio pizza monto:medio
payaso para la fiesta quincenal,181163,alimentacion,False,synthetic,1,payaso para la fiesta quincenal monto:alto
cerveza corona con parce,11856,alimentacion,True,synthetic,1,cerveza corona con parce monto:bajo
recibo acueducto octubre,68865,servicios,False,synthetic,1,recibo acueducto octubre monto:medio
pandebono domingo,2510,alimentacion,True,synthetic,1,pandebono domingo monto:bajo
recibo acueducto noviembre,86785,servicios,False,synthetic,1,recibo acueducto noviembre monto:medio
bono productividad febrero,700000,ingreso_trabajo,False,synthetic,1,bono productividad febrero monto:alto
buñuelo de la esquina,1000,alimentacion,True,synthetic,1,buñuelo de la esquina monto:bajo
beca estudio noviembre,600000,ingreso_trabajo,False,synthetic,1,beca estudio noviembre monto:alto
prime video abril,17900,tecnologia,False,synthetic,1,prime video abril monto:bajo
clases de ingles abril,200000,tecnologia,False,synthetic,1,clases de ingles abril monto:alto
venta ropa usada,50000,ingreso_trabajo,False,synthetic,1,venta ropa usada monto:medio
uber desde la casa,10112,alimentacion,True,synthetic,1,uber desde la casa monto:bajo
parqueadero el puesto,11221,alimentacion,True,synthetic,1,parqueadero el puesto monto:bajo
pensión vejez febrero,900000,ingreso_trabajo,False,synthetic,1,pensión vejez febrero monto:alto
honorarios desarrollo web julio,1500000,ingreso_trabajo,False,synthetic,1,honorarios desarrollo web julio monto:alto
servicio tecnico celular,138399,alimentacion,False,synthetic,1,servicio tecnico celular monto:medio
arriendos recibidos febrero,700000,ingreso_trabajo,False,synthetic,1,arriendos recibidos febrero monto:alto
tiquete san andres quincenal,585796,alimentacion,False,synthetic,1,tiquete san andres quincenal monto:alto
uber desde el centro,26891,alimentacion,True,synthetic,1,uber desde el centro monto:bajo
bono productividad agosto,500000,ingreso_trabajo,False,synthetic,1,bono productividad agosto monto:alto
propina domicilio,4092,alimentacion,True,synthetic,1,propina domicilio monto:bajo
netflix básico junio,29900,tecnologia,False,synthetic,1,netflix básico junio monto:bajo
aportes cuenta afc,500000,ingreso_trabajo,False,synthetic,1,aportes cuenta afc monto:alto
raspa y gana,5060,alimentacion,True,synthetic,1,raspa y gana monto:bajo
regalo papa noel niños de hoy,256014,alimentacion,False,synthetic,1,regalo papa noel niños de hoy monto:alto
prime video diciembre,17900,tecnologia,False,synthetic,1,prime video diciembre monto:bajo
arroz en bulto,78515,alimentacion,False,synthetic,1,arroz en bulto monto:medio
seguro vida febrero,120000,servicios,False,synthetic,1,seguro vida febrero monto:medio
ingreso tiktok ads,150000,ingreso_trabajo,False,synthetic,1,ingreso tiktok ads monto:alto
arriendo noviembre,1100000,servicios,False,synthetic,1,arriendo noviembre monto:alto
freelance desarrollo web,500000,ingreso_trabajo,False,synthetic,1,freelance desarrollo web monto:alto
recarga celular etb,9628,alimentacion,True,synthetic,1,recarga celular etb monto:bajo
helado de limón,2799,alimentacion,True,synthetic,1,helado de limón monto:bajo
gaseosa de espinaca,4689,alimentacion,True,synthetic,1,gaseosa de espinaca monto:bajo
transferencia de la mama,200000,ingreso_trabajo,False,synthetic,1,transferencia de la mama monto:alto
desayuno en mcdonald's,18000,alimentacion,True,synthetic,1,desayuno en mcdonald's monto:bajo
pension colegio junio,600000,servicios,False,synthetic,1,pension colegio junio monto:alto
seguro vida agosto,65000,servicios,False,synthetic,1,seguro vida agosto monto:medio
administración edificio junio,180000,servicios,False,synthetic,1,administración edificio junio monto:alto
taxi al la farmacia,23540,alimentacion,True,synthetic,1,taxi al la farmacia monto:bajo
cerveza pilsen con parce,8803,alimentacion,True,synthetic,1,cerveza pilsen con parce monto:bajo
frappuccino starbucks,22000,alimentacion,True,synthetic,1,frappuccino starbucks monto:bajo
venta carro,100000,ingreso_trabajo,False,synthetic,1,venta carro monto:medio
gym spinning club marzo,150000,tecnologia,False,synthetic,1,gym spinning club marzo monto:alto
ingreso uber driver diciembre,1400000,ingreso_trabajo,False,synthetic,1,ingreso uber driver diciembre monto:alto
parqueadero el puesto,13501,alimentacion,True,synthetic,1,parqueadero el puesto monto:bajo
lengua en salsa,30668,alimentacion,False,synthetic,1,lengua en salsa monto:medio
buseta a el éxito,2312,alimentacion,True,synthetic,1,buseta a el éxito monto:bajo
recibo acueducto octubre,88154,servicios,False,synthetic,1,recibo acueducto octubre monto:medio
cuota crédito nequi,750000,servicios,False,synthetic,1,cuota crédito nequi monto:alto
dristan,9000,alimentacion,True,synthetic,1,dristan monto:bajo
beca estudio abril,400000,ingreso_trabajo,False,synthetic,1,beca estudio abril monto:alto
buseta a la terminal,3208,alimentacion,True,synthetic,1,buseta a la terminal monto:bajo
mantequilla rama,8500,alimentacion,True,synthetic,1,mantequilla rama monto:bajo
picada con los parces,83403,alimentacion,True,synthetic,1,picada con los parces monto:medio
metro de las antes de almuerzo,3981,alimentacion,True,synthetic,1,metro de las antes de almuerzo monto:bajo
suscripcion app abril,35000,tecnologia,True,synthetic,1,suscripcion app abril monto:medio
comision enero,300000,ingreso_trabajo,False,synthetic,1,comision enero monto:alto
seguro vida marzo,85000,servicios,False,synthetic,1,seguro vida marzo monto:medio
tiquete latam bogota cali,189384,alimentacion,False,synthetic,1,tiquete latam bogota cali monto:alto
canva pro agosto,35000,tecnologia,True,synthetic,1,canva pro agosto monto:medio
tinto mañana,1443,alimentacion,True,synthetic,1,tinto mañana monto:bajo
seguro soat noviembre,45000,servicios,False,synthetic,1,seguro soat noviembre monto:medio
taxi al centro,12000,alimentacion,True,synthetic,1,taxi al centro monto:bajo
licuadora,127636,alimentacion,False,synthetic,1,licuadora monto:medio
pizza dominos,56339,alimentacion,False,synthetic,1,pizza dominos monto:medio
ingreso vendedor ambulante,800000,ingreso_trabajo,False,synthetic,1,ingreso vendedor ambulante monto:alto
suscripcion app septiembre,9900,tecnologia,True,synthetic,1,suscripcion app septiembre monto:bajo
netflix familiar enero,17900,tecnologia,False,synthetic,1,netflix familiar enero monto:bajo
propina domicilio,3769,alimentacion,True,synthetic,1,propina domicilio monto:bajo
subsidio familiar icbf,400000,ingreso_trabajo,False,synthetic,1,subsidio familiar icbf monto:alto
venta mercado libre noviembre,200000,ingreso_trabajo,False,synthetic,1,venta mercado libre noviembre monto:alto
honorarios traducciones febrero,2000000,ingreso_trabajo,False,synthetic,1,honorarios traducciones febrero monto:alto
insulina diabetes,250000,servicios,False,synthetic,1,insulina diabetes monto:alto
recibo luz marzo,80185,servicios,False,synthetic,1,recibo luz marzo monto:medio
nomina marzo,2500000,ingreso_trabajo,False,synthetic,1,nomina marzo monto:alto
panetón navideño,43441,alimentacion,False,synthetic,1,panetón navideño monto:medio
picada con los parces,64535,alimentacion,True,synthetic,1,picada con los parces monto:medio
concierto maluma semanal,343342,alimentacion,False,synthetic,1,concierto maluma semanal monto:alto
remesas exterior julio,1000000,ingreso_trabajo,False,synthetic,1,remesas exterior julio monto:alto
ingreso plataforma digital octubre,100000,ingreso_trabajo,False,synthetic,1,ingreso plataforma digital octubre monto:medio
indriver al la casa,13678,alimentacion,True,synthetic,1,indriver al la casa monto:bajo
mercado en ara mensual semanal,253924,alimentacion,False,synthetic,1,mercado en ara mensual semanal monto:alto
canva pro abril,65000,tecnologia,True,synthetic,1,canva pro abril monto:medio
toner impresora,163937,alimentacion,False,synthetic,1,toner impresora monto:alto
pension universidad diciembre,1800000,servicios,False,synthetic,1,pension universidad diciembre monto:alto
mercado a los papás,132342,alimentacion,False,synthetic,1,mercado a los papás monto:medio
clases de ingles abril,250000,tecnologia,False,synthetic,1,clases de ingles abril monto:alto
icloud 5gb diciembre,7900,tecnologia,True,synthetic,1,icloud 5gb diciembre monto:bajo
uber desde el aeropuerto,29796,alimentacion,True,synthetic,1,uber desde el aeropuerto monto:bajo
pension colegio agosto,350000,servicios,False,synthetic,1,pension colegio agosto monto:alto
tenis adidas,280684,alimentacion,False,synthetic,1,tenis adidas monto:alto
cajita feliz,22000,alimentacion,True,synthetic,1,cajita feliz monto:bajo
quincena junio,2000000,ingreso_trabajo,False,synthetic,1,quincena junio monto:alto
arriendo octubre,650000,servicios,False,synthetic,1,arriendo octubre monto:alto
regalo quince años quincenal,281386,alimentacion,False,synthetic,1,regalo quince años quincenal monto:alto
ingreso plataforma digital febrero,500000,ingreso_trabajo,False,synthetic,1,ingreso plataforma digital febrero monto:alto
devolución iva abril,300000,ingreso_trabajo,False,synthetic,1,devolución iva abril monto:alto
adobe noviembre,89000,tecnologia,False,synthetic,1,adobe noviembre monto:medio
lotería lunes,4702,alimentacion,True,synthetic,1,lotería lunes monto:bajo
ahorro programado bancolombia,300000,ingreso_trabajo,False,synthetic,1,ahorro programado bancolombia monto:alto
cuota hipoteca nequi,900000,servicios,False,synthetic,1,cuota hipoteca nequi monto:alto
pension colegio marzo,350000,servicios,False,synthetic,1,pension colegio marzo monto:alto
desayuno jueves,15086,alimentacion,True,synthetic,1,desayuno jueves monto:bajo
mercado en carulla,355022,alimentacion,False,synthetic,1,mercado en carulla monto:alto
recibo del acueducto,65000,servicios,False,synthetic,1,recibo del acueducto monto:medio
lotería miércoles,2014,alimentacion,True,synthetic,1,lotería miércoles monto:bajo
seguro soat febrero,65000,servicios,False,synthetic,1,seguro soat febrero monto:medio
clases de ingles septiembre,180000,tecnologia,False,synthetic,1,clases de ingles septiembre monto:alto
pension universidad marzo,900000,servicios,False,synthetic,1,pension universidad marzo monto:alto
ropa interior tennis,101621,alimentacion,False,synthetic,1,ropa interior tennis monto:medio
recarga movistar,20000,alimentacion,True,synthetic,1,recarga movistar monto:bajo
viaje a cartagena,708370,alimentacion,False,synthetic,1,viaje a cartagena monto:alto
reparacion grifo baño,85000,servicios,False,synthetic,1,reparacion grifo baño monto:medio
venta electrodoméstico,800000,ingreso_trabajo,False,synthetic,1,venta electrodoméstico monto:alto
globos y decoracion,42340,alimentacion,False,synthetic,1,globos y decoracion monto:medio
playstation plus agosto,19900,tecnologia,False,synthetic,1,playstation plus agosto monto:bajo
netflix estudiante octubre,17900,tecnologia,False,synthetic,1,netflix estudiante octubre monto:bajo
arroz de mariscos,59428,alimentacion,False,synthetic,1,arroz de mariscos monto:medio
rappi prime octubre,17900,tecnologia,True,synthetic,1,rappi prime octubre monto:bajo
recarga celular claro,10323,alimentacion,True,synthetic,1,recarga celular claro monto:bajo
recarga celular movistar,9410,alimentacion,True,synthetic,1,recarga celular movistar monto:bajo
revisión carro taller,250000,servicios,False,synthetic,1,revisión carro taller monto:alto
pago eps mayo,145000,servicios,False,synthetic,1,pago eps mayo monto:medio
cuota crédito itaú,750000,servicios,False,synthetic,1,cuota crédito itaú monto:alto
pension universidad junio,1800000,servicios,False,synthetic,1,pension universidad junio monto:alto
helado de arequipe,7620,alimentacion,True,synthetic,1,helado de arequipe monto:bajo
tenis nike,352538,alimentacion,False,synthetic,1,tenis nike monto:alto
ingreso plataforma digital octubre,100000,ingreso_trabajo,False,synthetic,1,ingreso plataforma digital octubre monto:medio
almuerzo sábado,16663,alimentacion,True,synthetic,1,almuerzo sábado monto:bajo
tenis adidas,320000,alimentacion,False,synthetic,1,tenis adidas monto:alto
materiales universidad,137803,alimentacion,False,synthetic,1,materiales universidad monto:medio
almuerzo domingo,13101,alimentacion,True,synthetic,1,almuerzo domingo monto:bajo
lotería jueves,3745,alimentacion,True,synthetic,1,lotería jueves monto:bajo
youtube premium abril,14900,tecnologia,False,synthetic,1,youtube premium abril monto:bajo
camisa en studio f,169721,alimentacion,False,synthetic,1,camisa en studio f monto:alto
plan celular wom,55000,servicios,False,synthetic,1,plan celular wom monto:medio
airpods para la casa,1054635,alimentacion,False,synthetic,1,airpods para la casa monto:alto
internet movistar febrero,89900,servicios,False,synthetic,1,internet movistar febrero monto:medio
honorarios asesoría marzo,3000000,ingreso_trabajo,False,synthetic,1,honorarios asesoría marzo monto:alto
chontaduro en la playa,5000,alimentacion,True,synthetic,1,chontaduro en la playa monto:bajo
libro fisico libreria,41887,alimentacion,False,synthetic,1,libro fisico libreria monto:medio
mecato del medio día,4185,alimentacion,True,synthetic,1,mecato del medio día monto:bajo
spotify personal noviembre,26900,tecnologia,True,synthetic,1,spotify personal noviembre monto:bajo
lonchera del niño sábado,13119,alimentacion,True,synthetic,1,lonchera del niño sábado monto:bajo
desayuno jueves,12616,alimentacion,True,synthetic,1,desayuno jueves monto:bajo
devolución iva diciembre,150000,ingreso_trabajo,False,synthetic,1,devolución iva diciembre monto:alto
netflix familiar,29900,tecnologia,False,synthetic,1,netflix familiar monto:bajo
seguro vida enero,65000,servicios,False,synthetic,1,seguro vida enero monto:medio
cafe en juan valdez,12144,alimentacion,True,synthetic,1,cafe en juan valdez monto:bajo
alquiler de sillas y mesas,180000,alimentacion,False,synthetic,1,alquiler de sillas y mesas monto:alto
cuota tarjeta banco de bogotá,200000,servicios,False,synthetic,1,cuota tarjeta banco de bogotá monto:alto
minecraft mensual,18500,tecnologia,True,synthetic,1,minecraft mensual monto:bajo
propina domicilio,3335,alimentacion,True,synthetic,1,propina domicilio monto:bajo
administración edificio enero,150000,servicios,False,synthetic,1,administración edificio enero monto:alto
gym spinning club marzo,150000,tecnologia,False,synthetic,1,gym spinning club marzo monto:alto
recarga celular wom,25489,alimentacion,True,synthetic,1,recarga celular wom monto:bajo
empanada de pipian,2000,alimentacion,True,synthetic,1,empanada de pipian monto:bajo
papa al por mayor,25000,alimentacion,False,synthetic,1,papa al por mayor monto:bajo
transferencia familia septiembre,300000,ingreso_trabajo,False,synthetic,1,transferencia familia septiembre monto:alto
raspa y gana,9147,alimentacion,True,synthetic,1,raspa y gana monto:bajo
sueldo part time diciembre,1200000,ingreso_trabajo,False,synthetic,1,sueldo part time diciembre monto:alto
maquina de afeitar,180000,alimentacion,False,synthetic,1,maquina de afeitar monto:alto
freelance diseño,1000000,ingreso_trabajo,False,synthetic,1,freelance diseño monto:alto
domicilio domicilios.com cena,36682,alimentacion,True,synthetic,1,domicilio domicilios.com cena monto:medio
arriendo octubre,1100000,servicios,False,synthetic,1,arriendo octubre monto:alto
xbox game pass abril,19900,tecnologia,False,synthetic,1,xbox game pass abril monto:bajo
bono fin de semana,150000,ingreso_trabajo,False,synthetic,1,bono fin de semana monto:alto
internet etb bogota,75000,servicios,False,synthetic,1,internet etb bogota monto:medio
administración edificio diciembre,180000,servicios,False,synthetic,1,administración edificio diciembre monto:alto
frutas en el mercado,47634,alimentacion,False,synthetic,1,frutas en el mercado monto:medio
seguro vida noviembre,85000,servicios,False,synthetic,1,seguro vida noviembre monto:medio
internet tigo agosto,79900,servicios,False,synthetic,1,internet tigo agosto monto:medio
rendimientos cdts,85000,ingreso_trabajo,False,synthetic,1,rendimientos cdts monto:medio
papas salchipapa sábado,11987,alimentacion,True,synthetic,1,papas salchipapa sábado monto:bajo
blender oster,181395,alimentacion,False,synthetic,1,blender oster monto:alto
vpn familia mensual,35000,tecnologia,True,synthetic,1,vpn familia mensual monto:medio
honorarios marketing abril,800000,ingreso_trabajo,False,synthetic,1,honorarios marketing abril monto:alto
sudadera para el gym,136388,alimentacion,False,synthetic,1,sudadera para el gym monto:medio
dividendos gruposura,250000,ingreso_trabajo,False,synthetic,1,dividendos gruposura monto:alto
libro fisico libreria para el trabajo,37712,alimentacion,False,synthetic,1,libro fisico libreria para el trabajo monto:medio
sueldo part time octubre,600000,ingreso_trabajo,False,synthetic,1,sueldo part time octubre monto:alto
spotify familia agosto,26900,tecnologia,True,synthetic,1,spotify familia agosto monto:bajo
freelance asesoría,500000,ingreso_trabajo,False,synthetic,1,freelance asesoría monto:alto
yuca y platano semanal,18000,alimentacion,False,synthetic,1,yuca y platano semanal monto:bajo
uber desde el trabajo,26703,alimentacion,True,synthetic,1,uber desde el trabajo monto:bajo
pago eps diciembre,280000,servicios,False,synthetic,1,pago eps diciembre monto:alto
recibo gas septiembre,57982,servicios,False,synthetic,1,recibo gas septiembre monto:medio
cuota tarjeta scotiabank,400000,servicios,False,synthetic,1,cuota tarjeta scotiabank monto:alto
colonia en la tienda,124006,alimentacion,False,synthetic,1,colonia en la tienda monto:medio
clases de baile,150000,tecnologia,False,synthetic,1,clases de baile monto:alto
churrasco en restaurante,52263,alimentacion,False,synthetic,1,churrasco en restaurante monto:medio
toallas baño,53492,alimentacion,False,synthetic,1,toallas baño monto:medio
xbox game pass noviembre,29900,tecnologia,False,synthetic,1,xbox game pass noviembre monto:bajo
huevos por cubeta,14000,alimentacion,False,synthetic,1,huevos por cubeta monto:bajo
collar y correa,32360,alimentacion,False,synthetic,1,collar y correa monto:medio
uber de madrugada,35000,alimentacion,True,synthetic,1,uber de madrugada monto:medio
pensión vejez abril,1500000,ingreso_trabajo,False,synthetic,1,pensión vejez abril monto:alto
quincena agosto,600000,ingreso_trabajo,False,synthetic,1,quincena agosto monto:alto
cuota tarjeta bbva,250000,servicios,False,synthetic,1,cuota tarjeta bbva monto:alto
raspa y gana,5235,alimentacion,True,synthetic,1,raspa y gana monto:bajo
libro fisico libreria,46905,alimentacion,False,synthetic,1,libro fisico libreria monto:medio
icloud 5gb marzo,7900,tecnologia,True,synthetic,1,icloud 5gb marzo monto:bajo
xbox game pass febrero,29900,tecnologia,False,synthetic,1,xbox game pass febrero monto:bajo
almohada nueva,64581,alimentacion,False,synthetic,1,almohada nueva monto:medio
icloud 5gb julio,35900,tecnologia,True,synthetic,1,icloud 5gb julio monto:medio
pensión vejez mayo,2000000,ingreso_trabajo,False,synthetic,1,pensión vejez mayo monto:alto
pescado fresco,33981,alimentacion,False,synthetic,1,pescado fresco monto:medio
escoba y trapero,35000,alimentacion,False,synthetic,1,escoba y trapero monto:medio
pandebono de la panaderia,2500,alimentacion,True,synthetic,1,pandebono de la panaderia monto:bajo
gym el gym febrero,110000,tecnologia,False,synthetic,1,gym el gym febrero monto:medio
onces semana,9145,alimentacion,True,synthetic,1,onces semana monto:bajo
vajilla,180000,alimentacion,False,synthetic,1,vajilla monto:alto
pension universidad mayo,2500000,servicios,False,synthetic,1,pension universidad mayo monto:alto
cappuccino oma,11000,alimentacion,True,synthetic,1,cappuccino oma monto:bajo
latte en juan valdez,12500,alimentacion,True,synthetic,1,latte en juan valdez monto:bajo
arriendos recibidos abril,400000,ingreso_trabajo,False,synthetic,1,arriendos recibidos abril monto:alto
cuota hipoteca nequi,800000,servicios,False,synthetic,1,cuota hipoteca nequi monto:alto
asado dominguero,297177,alimentacion,False,synthetic,1,asado dominguero monto:alto
quincena febrero,1500000,ingreso_trabajo,False,synthetic,1,quincena febrero monto:alto
carbón y leña asado,25000,alimentacion,True,synthetic,1,carbón y leña asado monto:bajo
jugo de naranja en el puesto,3000,alimentacion,True,synthetic,1,jugo de naranja en el puesto monto:bajo
gaseosa de espinaca,2541,alimentacion,True,synthetic,1,gaseosa de espinaca monto:bajo
bono productividad junio,350000,ingreso_trabajo,False,synthetic,1,bono productividad junio monto:alto
almohada nueva,63926,alimentacion,False,synthetic,1,almohada nueva monto:medio
mecato noche,5273,alimentacion,True,synthetic,1,mecato noche monto:bajo
visita al pueblo,292723,alimentacion,False,synthetic,1,visita al pueblo monto:alto
youtube premium,18900,tecnologia,False,synthetic,1,youtube premium monto:bajo
yuca y platano semanal,15482,alimentacion,False,synthetic,1,yuca y platano semanal monto:bajo
pago proyecto,750000,ingreso_trabajo,False,synthetic,1,pago proyecto monto:alto
recibo gas septiembre,61498,servicios,False,synthetic,1,recibo gas septiembre monto:medio
aporte pensión diciembre,400000,servicios,False,synthetic,1,aporte pensión diciembre monto:alto
pastel de navidad,72771,alimentacion,False,synthetic,1,pastel de navidad monto:medio
ingreso uber driver junio,800000,ingreso_trabajo,False,synthetic,1,ingreso uber driver junio monto:alto
indriver al el éxito,18593,alimentacion,True,synthetic,1,indriver al el éxito monto:bajo
suscripcion app enero,14900,tecnologia,True,synthetic,1,suscripcion app enero monto:bajo
entrada parque de diversiones,85000,alimentacion,True,synthetic,1,entrada parque de diversiones monto:medio
arriendo marzo,1100000,servicios,False,synthetic,1,arriendo marzo monto:alto
regalo quince años,210453,alimentacion,False,synthetic,1,regalo quince años monto:alto
lotería sábado,4349,alimentacion,True,synthetic,1,lotería sábado monto:bajo
papas salchipapa semana,7444,alimentacion,True,synthetic,1,papas salchipapa semana monto:bajo
vpn premium mensual,25000,tecnologia,True,synthetic,1,vpn premium mensual monto:bajo
honorarios desarrollo web enero,800000,ingreso_trabajo,False,synthetic,1,honorarios desarrollo web enero monto:alto
papeleria oficina,68396,alimentacion,False,synthetic,1,papeleria oficina monto:medio
collar y correa,37621,alimentacion,False,synthetic,1,collar y correa monto:medio
veterinario consulta,128357,alimentacion,False,synthetic,1,veterinario consulta monto:medio
tiquete latam bogota cali,181819,alimentacion,False,synthetic,1,tiquete latam bogota cali monto:alto
transferencia bancolombia,504650,alimentacion,False,synthetic,1,transferencia bancolombia monto:alto
croissant de la panaderia,4500,alimentacion,True,synthetic,1,croissant de la panaderia monto:bajo
mecato mañana,3657,alimentacion,True,synthetic,1,mecato mañana monto:bajo
arepa con chocolate,5779,alimentacion,True,synthetic,1,arepa con chocolate monto:bajo
gelatina postobón,3000,alimentacion,True,synthetic,1,gelatina postobón monto:bajo
plan celular claro,55000,servicios,False,synthetic,1,plan celular claro monto:medio
administración edificio abril,180000,servicios,False,synthetic,1,administración edificio abril monto:alto
pandebono jueves,2914,alimentacion,True,synthetic,1,pandebono jueves monto:bajo
helado de coco,4514,alimentacion,True,synthetic,1,helado de coco monto:bajo
internet movistar abril,89900,servicios,False,synthetic,1,internet movistar abril monto:medio
buñuelo la tarde,1171,alimentacion,True,synthetic,1,buñuelo la tarde monto:bajo
pension colegio mayo,350000,servicios,False,synthetic,1,pension colegio mayo monto:alto
pension colegio julio,350000,servicios,False,synthetic,1,pension colegio julio monto:alto
canva pro abril,49900,tecnologia,True,synthetic,1,canva pro abril monto:medio
arepa con mantequilla,7413,alimentacion,True,synthetic,1,arepa con mantequilla monto:bajo
prime video mayo,14900,tecnologia,False,synthetic,1,prime video mayo monto:bajo
transferencia bancolombia de hoy,425943,alimentacion,False,synthetic,1,transferencia bancolombia de hoy monto:alto
cena jueves,34103,alimentacion,True,synthetic,1,cena jueves monto:medio
gym body tech marzo,150000,tecnologia,False,synthetic,1,gym body tech marzo monto:alto
concierto maluma,274135,alimentacion,False,synthetic,1,concierto maluma monto:alto
cuota tarjeta davivienda,400000,servicios,False,synthetic,1,cuota tarjeta davivienda monto:alto
alquiler de sillas y mesas,174509,alimentacion,False,synthetic,1,alquiler de sillas y mesas monto:alto
seguro vida diciembre,50000,servicios,False,synthetic,1,seguro vida diciembre monto:medio
recarga claro datos,25000,alimentacion,True,synthetic,1,recarga claro datos monto:bajo
pago proyecto freelance,800000,ingreso_trabajo,False,synthetic,1,pago proyecto freelance monto:alto
almuerzo jueves,17679,alimentacion,True,synthetic,1,almuerzo jueves monto:bajo
tragos martes,95038,alimentacion,True,synthetic,1,tragos martes monto:medio
chance jueves,5771,alimentacion,True,synthetic,1,chance jueves monto:bajo
netflix con anuncios enero,29900,tecnologia,False,synthetic,1,netflix con anuncios enero monto:bajo
transferencia familia diciembre,300000,ingreso_trabajo,False,synthetic,1,transferencia familia diciembre monto:alto
almohada nueva,59498,alimentacion,False,synthetic,1,almohada nueva monto:medio
jeans en arturo calle para el trabajo,234757,alimentacion,False,synthetic,1,jeans en arturo calle para el trabajo monto:alto
pre entreno,95000,alimentacion,True,synthetic,1,pre entreno monto:medio
pension colegio marzo,250000,servicios,False,synthetic,1,pension colegio marzo monto:alto
quincena mayo,2500000,ingreso_trabajo,False,synthetic,1,quincena mayo monto:alto
retiro espiritual,200000,alimentacion,False,synthetic,1,retiro espiritual monto:alto
indriver al la terminal,16625,alimentacion,True,synthetic,1,indriver al la terminal monto:bajo
freelance fotografía,200000,ingreso_trabajo,False,synthetic,1,freelance fotografía monto:alto
resma papel del mes,31981,alimentacion,False,synthetic,1,resma papel del mes monto:medio
tragos sábado,77212,alimentacion,True,synthetic,1,tragos sábado monto:medio
camarones al ajillo,53090,alimentacion,False,synthetic,1,camarones al ajillo monto:medio
seguro soat febrero,65000,servicios,False,synthetic,1,seguro soat febrero monto:medio
internet movistar enero,79900,servicios,False,synthetic,1,internet movistar enero monto:medio
venta carro,100000,ingreso_trabajo,False,synthetic,1,venta carro monto:medio
microsoft 365 junio,65000,tecnologia,False,synthetic,1,microsoft 365 junio monto:medio
devolución iva enero,300000,ingreso_trabajo,False,synthetic,1,devolución iva enero monto:alto
colombiana con limón,3000,alimentacion,True,synthetic,1,colombiana con limón monto:bajo
helado de mango,2802,alimentacion,True,synthetic,1,helado de mango monto:bajo
arriendo febrero,950000,servicios,False,synthetic,1,arriendo febrero monto:alto
morral para el colegio,167324,alimentacion,False,synthetic,1,morral para el colegio monto:alto
disney plus diciembre,21900,tecnologia,False,synthetic,1,disney plus diciembre monto:bajo
recibo de luz codensa,110000,servicios,False,synthetic,1,recibo de luz codensa monto:medio
mercado en ara mensual,219700,alimentacion,False,synthetic,1,mercado en ara mensual monto:alto
cuota tarjeta daviplata,300000,servicios,False,synthetic,1,cuota tarjeta daviplata monto:alto
onces viernes,8425,alimentacion,True,synthetic,1,onces viernes monto:bajo
suscripcion app septiembre,19900,tecnologia,True,synthetic,1,suscripcion app septiembre monto:bajo
uber desde la casa,17983,alimentacion,True,synthetic,1,uber desde la casa monto:bajo
youtube premium abril,14900,tecnologia,False,synthetic,1,youtube premium abril monto:bajo
deuda con el prestamista,150000,servicios,False,synthetic,1,deuda con el prestamista monto:alto
pension colegio mayo,350000,servicios,False,synthetic,1,pension colegio mayo monto:alto
pizza dominos,48550,alimentacion,False,synthetic,1,pizza dominos monto:medio
parqueadero en el centro,8000,alimentacion,True,synthetic,1,parqueadero en el centro monto:bajo
lotería miércoles,4366,alimentacion,True,synthetic,1,lotería miércoles monto:bajo
arriendos recibidos septiembre,1000000,ingreso_trabajo,False,synthetic,1,arriendos recibidos septiembre monto:alto
arriendo junio,1200000,servicios,False,synthetic,1,arriendo junio monto:alto
pescado fresco,39700,alimentacion,False,synthetic,1,pescado fresco monto:medio
dulces tienda miércoles,3628,alimentacion,True,synthetic,1,dulces tienda miércoles monto:bajo
suscripcion app agosto,25000,tecnologia,True,synthetic,1,suscripcion app agosto monto:bajo
sueldo part time octubre,600000,ingreso_trabajo,False,synthetic,1,sueldo part time octubre monto:alto
mercado en jumbo,255743,alimentacion,False,synthetic,1,mercado en jumbo monto:alto
chorizo santaroseño,18000,alimentacion,True,synthetic,1,chorizo santaroseño monto:bajo
empanada de espinaca,2751,alimentacion,True,synthetic,1,empanada de espinaca monto:bajo
papa al por mayor,25926,alimentacion,False,synthetic,1,papa al por mayor monto:bajo
aporte pensión junio,200000,servicios,False,synthetic,1,aporte pensión junio monto:alto
disney plus noviembre,21900,tecnologia,False,synthetic,1,disney plus noviembre monto:bajo
sudadera para el gym,101046,alimentacion,False,synthetic,1,sudadera para el gym monto:medio
transferencia familia diciembre,500000,ingreso_trabajo,False,synthetic,1,transferencia familia diciembre monto:alto
seguro soat septiembre,55000,servicios,False,synthetic,1,seguro soat septiembre monto:medio
mecato de las 8,3195,alimentacion,True,synthetic,1,mecato de las 8 monto:bajo
camisa en studio f semanal,161320,alimentacion,False,synthetic,1,camisa en studio f semanal monto:alto
parqueadero oma,7224,alimentacion,True,synthetic,1,parqueadero oma monto:bajo
mecato de la tarde,5898,alimentacion,True,synthetic,1,mecato de la tarde monto:bajo
piñata,48979,alimentacion,False,synthetic,1,piñata monto:medio
cuota crédito davivienda,400000,servicios,False,synthetic,1,cuota crédito davivienda monto:alto
propina domicilio,4854,alimentacion,True,synthetic,1,propina domicilio monto:bajo
galletas wafer,2500,alimentacion,True,synthetic,1,galletas wafer monto:bajo
cuota hipoteca banco de bogotá,1800000,servicios,False,synthetic,1,cuota hipoteca banco de bogotá monto:alto
torta de cumpleaños quincenal,112445,alimentacion,False,synthetic,1,torta de cumpleaños quincenal monto:medio
xbox game pass abril,29900,tecnologia,False,synthetic,1,xbox game pass abril monto:bajo
cuota crédito itaú,750000,servicios,False,synthetic,1,cuota crédito itaú monto:alto
venta muebles,150000,ingreso_trabajo,False,synthetic,1,venta muebles monto:alto
ingreso uber driver diciembre,800000,ingreso_trabajo,False,synthetic,1,ingreso uber driver diciembre monto:alto
netflix premium febrero,17900,tecnologia,False,synthetic,1,netflix premium febrero monto:bajo
raspa y gana,9661,alimentacion,True,synthetic,1,raspa y gana monto:bajo
recibo acueducto diciembre,52169,servicios,False,synthetic,1,recibo acueducto diciembre monto:medio
almuerzo domingo,18788,alimentacion,True,synthetic,1,almuerzo domingo monto:bajo
plan celular etb,39900,servicios,False,synthetic,1,plan celular etb monto:medio
plan celular wom,39900,servicios,False,synthetic,1,plan celular wom monto:medio
clases de ingles julio,300000,tecnologia,False,synthetic,1,clases de ingles julio monto:alto
servicio tecnico celular,143462,alimentacion,False,synthetic,1,servicio tecnico celular monto:medio
desayuno lunes,17064,alimentacion,True,synthetic,1,desayuno lunes monto:bajo
arriendo abril,800000,servicios,False,synthetic,1,arriendo abril monto:alto
comision junio,500000,ingreso_trabajo,False,synthetic,1,comision junio monto:alto
airpods del mes,816915,alimentacion,False,synthetic,1,airpods del mes monto:alto
recarga celular movistar,18160,alimentacion,True,synthetic,1,recarga celular movistar monto:bajo
domicilio en bicicleta,20000,alimentacion,True,synthetic,1,domicilio en bicicleta monto:bajo
suscripcion app junio,25000,tecnologia,True,synthetic,1,suscripcion app junio monto:bajo
lotería martes,3513,alimentacion,True,synthetic,1,lotería martes monto:bajo
útiles escolares del niño semanal,83119,alimentacion,False,synthetic,1,útiles escolares del niño semanal monto:medio
mercado en el éxito mensual,578245,alimentacion,False,synthetic,1,mercado en el éxito mensual monto:alto
buñuelo de la tarde,2330,alimentacion,True,synthetic,1,buñuelo de la tarde monto:bajo
pasaje bus bogota medellin,95000,alimentacion,False,synthetic,1,pasaje bus bogota medellin monto:medio
asado con amigos,227467,alimentacion,False,synthetic,1,asado con amigos monto:alto
panetón navideño,39847,alimentacion,False,synthetic,1,panetón navideño monto:medio
tamales en el restaurante,15000,alimentacion,True,synthetic,1,tamales en el restaurante monto:bajo
mesada universitaria septiembre,800000,ingreso_trabajo,False,synthetic,1,mesada universitaria septiembre monto:alto
microondas,332388,alimentacion,False,synthetic,1,microondas monto:alto
arepa con mantequilla,6763,alimentacion,True,synthetic,1,arepa con mantequilla monto:bajo
nevera nueva para el trabajo,2063939,alimentacion,False,synthetic,1,nevera nueva para el trabajo monto:alto
parqueadero mensual centro,150000,servicios,False,synthetic,1,parqueadero mensual centro monto:alto
buseta a la casa,3851,alimentacion,True,synthetic,1,buseta a la casa monto:bajo
libro fisico libreria,52964,alimentacion,False,synthetic,1,libro fisico libreria monto:medio
dulces tienda sábado,1119,alimentacion,True,synthetic,1,dulces tienda sábado monto:bajo
dominio y hosting abril,35000,tecnologia,False,synthetic,1,dominio y hosting abril monto:medio
mecato de la tarde,3141,alimentacion,True,synthetic,1,mecato de la tarde monto:bajo
examen laboratorio clinico,65000,servicios,False,synthetic,1,examen laboratorio clinico monto:medio
indriver al el aeropuerto,17135,alimentacion,True,synthetic,1,indriver al el aeropuerto monto:bajo
suscripcion app noviembre,35000,tecnologia,True,synthetic,1,suscripcion app noviembre monto:medio
empanada de pipián,3294,alimentacion,True,synthetic,1,empanada de pipián monto:bajo
camarones al ajillo,62823,alimentacion,False,synthetic,1,camarones al ajillo monto:medio
plan celular movistar,45000,servicios,False,synthetic,1,plan celular movistar monto:medio
vestido de baño,99155,alimentacion,False,synthetic,1,vestido de baño monto:medio
ingreso arrendatario,900000,ingreso_trabajo,False,synthetic,1,ingreso arrendatario monto:alto
mesada universitaria febrero,500000,ingreso_trabajo,False,synthetic,1,mesada universitaria febrero monto:alto
aporte pensión noviembre,400000,servicios,False,synthetic,1,aporte pensión noviembre monto:alto
recibo gas octubre,79355,servicios,False,synthetic,1,recibo gas octubre monto:medio
aporte pensión abril,150000,servicios,False,synthetic,1,aporte pensión abril monto:alto
internet claro abril,69900,servicios,False,synthetic,1,internet claro abril monto:medio
ropa deportiva,155866,alimentacion,False,synthetic,1,ropa deportiva monto:alto
desayuno lunes,8126,alimentacion,True,synthetic,1,desayuno lunes monto:bajo
recibo gas abril,54076,servicios,False,synthetic,1,recibo gas abril monto:medio
venta ropa usada,150000,ingreso_trabajo,False,synthetic,1,venta ropa usada monto:alto
hbo max mensual,23900,tecnologia,False,synthetic,1,hbo max mensual monto:bajo
cena jueves,18155,alimentacion,True,synthetic,1,cena jueves monto:bajo
onces sábado,13312,alimentacion,True,synthetic,1,onces sábado monto:bajo
aceite girasol,18000,alimentacion,True,synthetic,1,aceite girasol monto:bajo
festival rumba stereo,136367,alimentacion,False,synthetic,1,festival rumba stereo monto:medio
malta en la tienda,3500,alimentacion,True,synthetic,1,malta en la tienda monto:bajo
buñuelo la tarde,1217,alimentacion,True,synthetic,1,buñuelo la tarde monto:bajo
queso campesino del mes,12021,alimentacion,False,synthetic,1,queso campesino del mes monto:bajo
tinto antes de almuerzo,1277,alimentacion,True,synthetic,1,tinto antes de almuerzo monto:bajo
pension colegio mayo,350000,servicios,False,synthetic,1,pension colegio mayo monto:alto
sueldo part time,750000,ingreso_trabajo,False,synthetic,1,sueldo part time monto:alto
onces miércoles,12978,alimentacion,True,synthetic,1,onces miércoles monto:bajo
seguro vida abril,120000,servicios,False,synthetic,1,seguro vida abril monto:medio
adornos navideños,105308,alimentacion,False,synthetic,1,adornos navideños monto:medio
aceite del carro,35000,servicios,False,synthetic,1,aceite del carro monto:medio
metro de las de mediodía,3784,alimentacion,True,synthetic,1,metro de las de mediodía monto:bajo
airpods,860449,alimentacion,False,synthetic,1,airpods monto:alto
picada en el bar,85000,alimentacion,True,synthetic,1,picada en el bar monto:medio
arriendos recibidos octubre,1200000,ingreso_trabajo,False,synthetic,1,arriendos recibidos octubre monto:alto
vajilla,178574,alimentacion,False,synthetic,1,vajilla monto:alto
jeans en arturo calle,291801,alimentacion,False,synthetic,1,jeans en arturo calle monto:alto
olla a presión para el trabajo,220314,alimentacion,False,synthetic,1,olla a presión para el trabajo monto:alto
dulces tienda martes,2829,alimentacion,True,synthetic,1,dulces tienda martes monto:bajo
recibo gas noviembre,53777,servicios,False,synthetic,1,recibo gas noviembre monto:medio
ingreso plataforma digital mayo,200000,ingreso_trabajo,False,synthetic,1,ingreso plataforma digital mayo monto:alto
quincena junio,2500000,ingreso_trabajo,False,synthetic,1,quincena junio monto:alto
rappi prime octubre,9900,tecnologia,True,synthetic,1,rappi prime octubre monto:bajo
regalo papa noel niños,250000,alimentacion,False,synthetic,1,regalo papa noel niños monto:alto
hotel san andres,2500000,alimentacion,False,synthetic,1,hotel san andres monto:alto
comision diciembre,1000000,ingreso_trabajo,False,synthetic,1,comision diciembre monto:alto
playstation plus octubre,19900,tecnologia,False,synthetic,1,playstation plus octubre monto:bajo
tiquete flota cali bogota semanal,107803,alimentacion,False,synthetic,1,tiquete flota cali bogota semanal monto:medio
dulces en la tienda,2000,alimentacion,True,synthetic,1,dulces en la tienda monto:bajo
tinto del medio día,2343,alimentacion,True,synthetic,1,tinto del medio día monto:bajo
almuerzo miércoles,20640,alimentacion,True,synthetic,1,almuerzo miércoles monto:bajo
ingreso uber driver abril,800000,ingreso_trabajo,False,synthetic,1,ingreso uber driver abril monto:alto
almojabana con tinto,3000,alimentacion,True,synthetic,1,almojabana con tinto monto:bajo
smart tv samsung,1500000,alimentacion,False,synthetic,1,smart tv samsung monto:alto
pension universidad enero,1200000,servicios,False,synthetic,1,pension universidad enero monto:alto
hbo max mayo,35900,tecnologia,False,synthetic,1,hbo max mayo monto:medio
payaso para la fiesta,174447,alimentacion,False,synthetic,1,payaso para la fiesta monto:alto
ingreso plataforma digital diciembre,200000,ingreso_trabajo,False,synthetic,1,ingreso plataforma digital diciembre monto:alto
pandebono semana,4137,alimentacion,True,synthetic,1,pandebono semana monto:bajo
curso udemy,58980,alimentacion,False,synthetic,1,curso udemy monto:medio
mecato del medio día,4765,alimentacion,True,synthetic,1,mecato del medio día monto:bajo
devolución iva diciembre,250000,ingreso_trabajo,False,synthetic,1,devolución iva diciembre monto:alto
domicilio glovo sushi,45517,alimentacion,True,synthetic,1,domicilio glovo sushi monto:medio
bono productividad marzo,1000000,ingreso_trabajo,False,synthetic,1,bono productividad marzo monto:alto
rappi prime diciembre,14900,tecnologia,True,synthetic,1,rappi prime diciembre monto:bajo
propina domicilio,4178,alimentacion,True,synthetic,1,propina domicilio monto:bajo
cuota hipoteca banco de bogotá,600000,servicios,False,synthetic,1,cuota hipoteca banco de bogotá monto:alto
venta mercado libre mayo,100000,ingreso_trabajo,False,synthetic,1,venta mercado libre mayo monto:medio
onces de los niños,8000,alimentacion,True,synthetic,1,onces de los niños monto:bajo
ancheta navideña,155660,alimentacion,False,synthetic,1,ancheta navideña monto:alto
subsidio gobierno junio,200000,ingreso_trabajo,False,synthetic,1,subsidio gobierno junio monto:alto
taxi al el gym,21673,alimentacion,True,synthetic,1,taxi al el gym monto:bajo
almohada nueva,65000,alimentacion,False,synthetic,1,almohada nueva monto:medio
pago pse servicios,95000,servicios,False,synthetic,1,pago pse servicios monto:medio
parqueadero juan valdez,8874,alimentacion,True,synthetic,1,parqueadero juan valdez monto:bajo
cuota crédito vivienda,1100000,servicios,False,synthetic,1,cuota crédito vivienda monto:alto
tv cable une,65000,servicios,False,synthetic,1,tv cable une monto:medio
aporte pensión octubre,250000,servicios,False,synthetic,1,aporte pensión octubre monto:alto
tenis nike de hoy,414471,alimentacion,False,synthetic,1,tenis nike de hoy monto:alto
aporte pensión diciembre,250000,servicios,False,synthetic,1,aporte pensión diciembre monto:alto
escoba y trapero,36303,alimentacion,False,synthetic,1,escoba y trapero monto:medio
audifonos davivienda,65000,alimentacion,True,synthetic,1,audifonos davivienda monto:medio
rifa ganada,100000,ingreso_trabajo,False,synthetic,1,rifa ganada monto:medio
aguardiente antioqueño,45000,alimentacion,True,synthetic,1,aguardiente antioqueño monto:medio
asado con amigos,278663,alimentacion,False,synthetic,1,asado con amigos monto:alto
taxi al el éxito,20871,alimentacion,True,synthetic,1,taxi al el éxito monto:bajo
recibo gas julio,103778,servicios,False,synthetic,1,recibo gas julio monto:medio
camarones al ajillo,65000,alimentacion,False,synthetic,1,camarones al ajillo monto:medio
morral para el colegio,150690,alimentacion,False,synthetic,1,morral para el colegio monto:alto
nomina enero,1400000,ingreso_trabajo,False,synthetic,1,nomina enero monto:alto
mercado en d1 mensual,254154,alimentacion,False,synthetic,1,mercado en d1 mensual monto:alto
arepa con mantequilla,6346,alimentacion,True,synthetic,1,arepa con mantequilla monto:bajo
vpn estudiante mensual,19900,tecnologia,True,synthetic,1,vpn estudiante mensual monto:bajo
cuota hipoteca davivienda,800000,servicios,False,synthetic,1,cuota hipoteca davivienda monto:alto
cuota crédito banco de bogotá,900000,servicios,False,synthetic,1,cuota crédito banco de bogotá monto:alto
pension universidad octubre,900000,servicios,False,synthetic,1,pension universidad octubre monto:alto
netflix estudiante junio,17900,tecnologia,False,synthetic,1,netflix estudiante junio monto:bajo
papas salchipapa martes,5488,alimentacion,True,synthetic,1,papas salchipapa martes monto:bajo
suscripcion audible,29900,tecnologia,True,synthetic,1,suscripcion audible monto:bajo
indriver al el aeropuerto,11541,alimentacion,True,synthetic,1,indriver al el aeropuerto monto:bajo
sueldo part time junio,600000,ingreso_trabajo,False,synthetic,1,sueldo part time junio monto:alto
comida en la cafeteria del trabajo,8000,alimentacion,True,synthetic,1,comida en la cafeteria del trabajo monto:bajo
indriver al el banco,14955,alimentacion,True,synthetic,1,indriver al el banco monto:bajo
internet claro junio,89900,servicios,False,synthetic,1,internet claro junio monto:medio
escoba y trapero,36661,alimentacion,False,synthetic,1,escoba y trapero monto:medio
lavado en lavanderí a,30421,alimentacion,False,synthetic,1,lavado en lavanderí a monto:medio
seguro soat diciembre,75000,servicios,False,synthetic,1,seguro soat diciembre monto:medio
asado con amigos,280389,alimentacion,False,synthetic,1,asado con amigos monto:alto
lengua en salsa,37919,alimentacion,False,synthetic,1,lengua en salsa monto:medio
regalo quince años,227978,alimentacion,False,synthetic,1,regalo quince años monto:alto
vpn nordvpn mensual,25000,tecnologia,True,synthetic,1,vpn nordvpn mensual monto:bajo
shampoo pantene,25000,alimentacion,True,synthetic,1,shampoo pantene monto:bajo
uber desde el banco,10141,alimentacion,True,synthetic,1,uber desde el banco monto:bajo
honorarios abogado mes,3500000,ingreso_trabajo,False,synthetic,1,honorarios abogado mes monto:alto
cerveza pilsen con parce,10237,alimentacion,True,synthetic,1,cerveza pilsen con parce monto:bajo
recibo gas diciembre,109802,servicios,False,synthetic,1,recibo gas diciembre monto:medio
rappi prime abril,9900,tecnologia,True,synthetic,1,rappi prime abril monto:bajo
prime video abril,17900,tecnologia,False,synthetic,1,prime video abril monto:bajo
alka seltzer,7000,alimentacion,True,synthetic,1,alka seltzer monto:bajo
pasaje bus intermunicipal,73884,alimentacion,False,synthetic,1,pasaje bus intermunicipal monto:medio
pension colegio marzo,350000,servicios,False,synthetic,1,pension colegio marzo monto:alto
recibo luz abril,154745,servicios,False,synthetic,1,recibo luz abril monto:alto
gym smart fit marzo,150000,tecnologia,False,synthetic,1,gym smart fit marzo monto:alto
microsoft 365 personal,42900,tecnologia,False,synthetic,1,microsoft 365 personal monto:medio
icloud 2000gb abril,35900,tecnologia,True,synthetic,1,icloud 2000gb abril monto:medio
recibo acueducto octubre,86410,servicios,False,synthetic,1,recibo acueducto octubre monto:medio
ingreso plataforma digital febrero,300000,ingreso_trabajo,False,synthetic,1,ingreso plataforma digital febrero monto:alto
nevera nueva,2549398,alimentacion,False,synthetic,1,nevera nueva monto:alto
cuota crédito bancolombia,750000,servicios,False,synthetic,1,cuota crédito bancolombia monto:alto
raspa y gana,8813,alimentacion,True,synthetic,1,raspa y gana monto:bajo
tenis adidas,340043,alimentacion,False,synthetic,1,tenis adidas monto:alto
pago eps octubre,145000,servicios,False,synthetic,1,pago eps octubre monto:medio
comision enero,1000000,ingreso_trabajo,False,synthetic,1,comision enero monto:alto
administración apartamento,180000,servicios,False,synthetic,1,administración apartamento monto:alto
lonchera del niño jueves,8802,alimentacion,True,synthetic,1,lonchera del niño jueves monto:bajo
pago eps febrero,100000,servicios,False,synthetic,1,pago eps febrero monto:medio
bono productividad junio,700000,ingreso_trabajo,False,synthetic,1,bono productividad junio monto:alto
tomate semanal,14517,alimentacion,False,synthetic,1,tomate semanal monto:bajo
ancheta empresarial,351292,alimentacion,False,synthetic,1,ancheta empresarial monto:alto
aporte pensión mayo,295000,servicios,False,synthetic,1,aporte pensión mayo monto:alto
cerveza club colombia con parce,10613,alimentacion,True,synthetic,1,cerveza club colombia con parce monto:bajo
beca universitaria,500000,ingreso_trabajo,False,synthetic,1,beca universitaria monto:alto
seguro vida enero,85000,servicios,False,synthetic,1,seguro vida enero monto:medio
clases de ingles mensual,250000,tecnologia,False,synthetic,1,clases de ingles mensual monto:alto
pension universidad julio,2500000,servicios,False,synthetic,1,pension universidad julio monto:alto
vpn duo mensual,19900,tecnologia,True,synthetic,1,vpn duo mensual monto:bajo
colonia en la tienda,150000,alimentacion,False,synthetic,1,colonia en la tienda monto:alto
verduras en la plaza mensual,90205,alimentacion,False,synthetic,1,verduras en la plaza mensual monto:medio
gaseosa de pipián,3110,alimentacion,True,synthetic,1,gaseosa de pipián monto:bajo
regalo cumpleaños,80000,alimentacion,False,synthetic,1,regalo cumpleaños monto:medio
mesada universitaria agosto,400000,ingreso_trabajo,False,synthetic,1,mesada universitaria agosto monto:alto
tragos semana,92406,alimentacion,True,synthetic,1,tragos semana monto:medio
nomina enero,3500000,ingreso_trabajo,False,synthetic,1,nomina enero monto:alto
huevos por cubeta,12177,alimentacion,False,synthetic,1,huevos por cubeta monto:bajo
netflix familia diciembre,29900,tecnologia,False,synthetic,1,netflix familia diciembre monto:bajo
hayaca de maiz,15000,alimentacion,True,synthetic,1,hayaca de maiz monto:bajo
cerveza águila con parce,6422,alimentacion,True,synthetic,1,cerveza águila con parce monto:bajo
toallas baño,65329,alimentacion,False,synthetic,1,toallas baño monto:medio
subsidio gobierno agosto,400000,ingreso_trabajo,False,synthetic,1,subsidio gobierno agosto monto:alto
uber desde el gym,19845,alimentacion,True,synthetic,1,uber desde el gym monto:bajo
tamal de pipian,18000,alimentacion,True,synthetic,1,tamal de pipian monto:bajo
administración edificio septiembre,150000,servicios,False,synthetic,1,administración edificio septiembre monto:alto
devolución iva octubre,250000,ingreso_trabajo,False,synthetic,1,devolución iva octubre monto:alto
subsidio gobierno septiembre,400000,ingreso_trabajo,False,synthetic,1,subsidio gobierno septiembre monto:alto
detergente fab,22000,alimentacion,True,synthetic,1,detergente fab monto:bajo
morral para el colegio,174343,alimentacion,False,synthetic,1,morral para el colegio monto:alto
cena miércoles,20864,alimentacion,True,synthetic,1,cena miércoles monto:bajo
disney plus febrero,17900,tecnologia,False,synthetic,1,disney plus febrero monto:bajo
administración edificio octubre,200000,servicios,False,synthetic,1,administración edificio octubre monto:alto
queso campesino,13145,alimentacion,False,synthetic,1,queso campesino monto:bajo
youtube premium febrero,14900,tecnologia,False,synthetic,1,youtube premium febrero monto:bajo
maquina de afeitar de hoy,148911,alimentacion,False,synthetic,1,maquina de afeitar de hoy monto:medio
recarga sube bogota,50000,alimentacion,True,synthetic,1,recarga sube bogota monto:medio
pension colegio enero,350000,servicios,False,synthetic,1,pension colegio enero monto:alto
tragos martes,56309,alimentacion,True,synthetic,1,tragos martes monto:medio
subsidio gobierno noviembre,150000,ingreso_trabajo,False,synthetic,1,subsidio gobierno noviembre monto:alto
spotify duo marzo,17900,tecnologia,True,synthetic,1,spotify duo marzo monto:bajo
beca estudio diciembre,500000,ingreso_trabajo,False,synthetic,1,beca estudio diciembre monto:alto
carne de res kilos para el trabajo,61762,alimentacion,False,synthetic,1,carne de res kilos para el trabajo monto:medio
tarjeta regalo falabella,95153,alimentacion,False,synthetic,1,tarjeta regalo falabella monto:medio
nomina junio,1200000,ingreso_trabajo,False,synthetic,1,nomina junio monto:alto
cuota tarjeta nequi,400000,servicios,False,synthetic,1,cuota tarjeta nequi monto:alto
arepa con huevo,4834,alimentacion,True,synthetic,1,arepa con huevo monto:bajo
cuota hipotecaria bancolombia,980000,servicios,False,synthetic,1,cuota hipotecaria bancolombia monto:alto
gym el gym septiembre,100000,tecnologia,False,synthetic,1,gym el gym septiembre monto:medio
ingreso plataforma digital marzo,500000,ingreso_trabajo,False,synthetic,1,ingreso plataforma digital marzo monto:alto
parqueadero starbucks,13171,alimentacion,True,synthetic,1,parqueadero starbucks monto:bajo
recibo gas agosto,75873,servicios,False,synthetic,1,recibo gas agosto monto:medio
regalo cumpleaños,92254,alimentacion,False,synthetic,1,regalo cumpleaños monto:medio
nomina marzo,1200000,ingreso_trabajo,False,synthetic,1,nomina marzo monto:alto
canva pro septiembre,65000,tecnologia,True,synthetic,1,canva pro septiembre monto:medio
suscripcion app octubre,19900,tecnologia,True,synthetic,1,suscripcion app octubre monto:bajo
microsoft 365 junio,42900,tecnologia,False,synthetic,1,microsoft 365 junio monto:medio
sueldo part time enero,1000000,ingreso_trabajo,False,synthetic,1,sueldo part time enero monto:alto
marrano de navidad,371714,alimentacion,False,synthetic,1,marrano de navidad monto:alto
boleta partido atletico,50000,alimentacion,True,synthetic,1,boleta partido atletico monto:medio
tour villa de leyva de hoy,343535,alimentacion,False,synthetic,1,tour villa de leyva de hoy monto:alto
venta artesanias,300000,ingreso_trabajo,False,synthetic,1,venta artesanias monto:alto
propina domicilio,3801,alimentacion,True,synthetic,1,propina domicilio monto:bajo
tarjeta regalo falabella,114674,alimentacion,False,synthetic,1,tarjeta regalo falabella monto:medio
tragos domingo,45014,alimentacion,True,synthetic,1,tragos domingo monto:medio
agua panela,3000,alimentacion,True,synthetic,1,agua panela monto:bajo
hbo max diciembre,19900,tecnologia,False,synthetic,1,hbo max diciembre monto:bajo
recarga datos celular,15000,alimentacion,True,synthetic,1,recarga datos celular monto:bajo
clases de ingles septiembre,180000,tecnologia,False,synthetic,1,clases de ingles septiembre monto:alto
regalo dia de la madre,146192,alimentacion,False,synthetic,1,regalo dia de la madre monto:medio
ingreso uber driver octubre,800000,ingreso_trabajo,False,synthetic,1,ingreso uber driver octubre monto:alto
internet claro diciembre,89900,servicios,False,synthetic,1,internet claro diciembre monto:medio
aporte pensión abril,250000,servicios,False,synthetic,1,aporte pensión abril monto:alto
arroz de mariscos,55000,alimentacion,False,synthetic,1,arroz de mariscos monto:medio
tinder gold mensual,45000,tecnologia,True,synthetic,1,tinder gold mensual monto:medio
adobe abril,120000,tecnologia,False,synthetic,1,adobe abril monto:medio
recibo acueducto septiembre,58613,servicios,False,synthetic,1,recibo acueducto septiembre monto:medio
youtube premium diciembre,18900,tecnologia,False,synthetic,1,youtube premium diciembre monto:bajo
metro de las de mediodía,3161,alimentacion,True,synthetic,1,metro de las de mediodía monto:bajo
arriendos recibidos febrero,500000,ingreso_trabajo,False,synthetic,1,arriendos recibidos febrero monto:alto
colonia en la tienda,133902,alimentacion,False,synthetic,1,colonia en la tienda monto:medio
lechona tolimense,44145,alimentacion,False,synthetic,1,lechona tolimense monto:medio
sancocho de gallina,25000,alimentacion,False,synthetic,1,sancocho de gallina monto:bajo
frijolada antioquena,29840,alimentacion,False,synthetic,1,frijolada antioquena monto:bajo
picada con los parces,110663,alimentacion,True,synthetic,1,picada con los parces monto:medio
adornos navideños,120000,alimentacion,False,synthetic,1,adornos navideños monto:medio
pollo para la semana para el trabajo,26282,alimentacion,False,synthetic,1,pollo para la semana para el trabajo monto:bajo
seguro vida octubre,65000,servicios,False,synthetic,1,seguro vida octubre monto:medio
internet claro enero,79900,servicios,False,synthetic,1,internet claro enero monto:medio
beca estudio mayo,300000,ingreso_trabajo,False,synthetic,1,beca estudio mayo monto:alto
beca estudio marzo,600000,ingreso_trabajo,False,synthetic,1,beca estudio marzo monto:alto
recarga celular etb,28117,alimentacion,True,synthetic,1,recarga celular etb monto:bajo
cuota hipoteca nequi,800000,servicios,False,synthetic,1,cuota hipoteca nequi monto:alto
papa criolla frita,5000,alimentacion,True,synthetic,1,papa criolla frita monto:bajo
recibo luz mayo,115301,servicios,False,synthetic,1,recibo luz mayo monto:medio
suscripcion app agosto,25000,tecnologia,True,synthetic,1,suscripcion app agosto monto:bajo
ingreso uber driver enero,800000,ingreso_trabajo,False,synthetic,1,ingreso uber driver enero monto:alto
microsoft 365 marzo,35000,tecnologia,False,synthetic,1,microsoft 365 marzo monto:medio
chatgpt plus noviembre,65000,tecnologia,True,synthetic,1,chatgpt plus noviembre monto:medio
sobrebarriga guisada,23300,alimentacion,False,synthetic,1,sobrebarriga guisada monto:bajo
cuota tarjeta scotiabank,400000,servicios,False,synthetic,1,cuota tarjeta scotiabank monto:alto
natilla de navidad,15000,alimentacion,True,synthetic,1,natilla de navidad monto:bajo
arepa con huevo,3458,alimentacion,True,synthetic,1,arepa con huevo monto:bajo
empanada con aji,2500,alimentacion,True,synthetic,1,empanada con aji monto:bajo
tinto de las 8,2005,alimentacion,True,synthetic,1,tinto de las 8 monto:bajo
ingreso uber driver diciembre,800000,ingreso_trabajo,False,synthetic,1,ingreso uber driver diciembre monto:alto
estrato 4 recibo luz,145000,servicios,False,synthetic,1,estrato 4 recibo luz monto:medio
helado de paleta,3000,alimentacion,True,synthetic,1,helado de paleta monto:bajo
pintura apartamento,450000,servicios,False,synthetic,1,pintura apartamento monto:alto
nevera nueva de hoy,1959289,alimentacion,False,synthetic,1,nevera nueva de hoy monto:alto
desayuno domingo,17883,alimentacion,True,synthetic,1,desayuno domingo monto:bajo
administración edificio diciembre,200000,servicios,False,synthetic,1,administración edificio diciembre monto:alto
ropa deportiva,180000,alimentacion,False,synthetic,1,ropa deportiva monto:alto
raspa y gana,9286,alimentacion,True,synthetic,1,raspa y gana monto:bajo
pandebono martes,3161,alimentacion,True,synthetic,1,pandebono martes monto:bajo
recarga celular movistar,12801,alimentacion,True,synthetic,1,recarga celular movistar monto:bajo
aporte pensión febrero,200000,servicios,False,synthetic,1,aporte pensión febrero monto:alto
chance lunes,6723,alimentacion,True,synthetic,1,chance lunes monto:bajo
blender oster,200232,alimentacion,False,synthetic,1,blender oster monto:alto
blender oster,184591,alimentacion,False,synthetic,1,blender oster monto:alto
pizza dominos,55000,alimentacion,False,synthetic,1,pizza dominos monto:medio
subsidio gobierno marzo,200000,ingreso_trabajo,False,synthetic,1,subsidio gobierno marzo monto:alto
pollo para la semana,27869,alimentacion,False,synthetic,1,pollo para la semana monto:bajo
crema de dientes oral b,18000,alimentacion,True,synthetic,1,crema de dientes oral b monto:bajo
mecato la tarde,3736,alimentacion,True,synthetic,1,mecato la tarde monto:bajo
entrada discoteca,40000,alimentacion,True,synthetic,1,entrada discoteca monto:medio
revista semana digital,25000,tecnologia,True,synthetic,1,revista semana digital monto:bajo
entrada museo,25000,alimentacion,True,synthetic,1,entrada museo monto:bajo
papas salchipapa domingo,10748,alimentacion,True,synthetic,1,papas salchipapa domingo monto:bajo
visita al pueblo quincenal,293423,alimentacion,False,synthetic,1,visita al pueblo quincenal monto:alto
remesas exterior mayo,800000,ingreso_trabajo,False,synthetic,1,remesas exterior mayo monto:alto
beca estudio octubre,400000,ingreso_trabajo,False,synthetic,1,beca estudio octubre monto:alto
freelance marketing,800000,ingreso_trabajo,False,synthetic,1,freelance marketing monto:alto
tragos miércoles,70001,alimentacion,True,synthetic,1,tragos miércoles monto:medio
lotería lunes,3765,alimentacion,True,synthetic,1,lotería lunes monto:bajo
suscripcion app agosto,19900,tecnologia,True,synthetic,1,suscripcion app agosto monto:bajo
papas salchipapa sábado,9399,alimentacion,True,synthetic,1,papas salchipapa sábado monto:bajo
pension universidad septiembre,600000,servicios,False,synthetic,1,pension universidad septiembre monto:alto
almohada nueva,64696,alimentacion,False,synthetic,1,almohada nueva monto:medio
visita al pueblo,272755,alimentacion,False,synthetic,1,visita al pueblo monto:alto
empanada de pollo,3929,alimentacion,True,synthetic,1,empanada de pollo monto:bajo
pensión vejez febrero,900000,ingreso_trabajo,False,synthetic,1,pensión vejez febrero monto:alto
pitillos papel,5000,alimentacion,True,synthetic,1,pitillos papel monto:bajo
donacion fundacion,50000,alimentacion,False,synthetic,1,donacion fundacion monto:medio
dominio web anual,150000,servicios,False,synthetic,1,dominio web anual monto:alto
seguro soat mayo,75000,servicios,False,synthetic,1,seguro soat mayo monto:medio
gym smart fit marzo,89900,tecnologia,False,synthetic,1,gym smart fit marzo monto:medio
tiquete flota cali bogota,120000,alimentacion,False,synthetic,1,tiquete flota cali bogota monto:medio
cafe starbucks,18000,alimentacion,True,synthetic,1,cafe starbucks monto:bajo
ingreso extra edición,200000,ingreso_trabajo,False,synthetic,1,ingreso extra edición monto:alto
onces jueves,5422,alimentacion,True,synthetic,1,onces jueves monto:bajo
buñuelo antes de almuerzo,2361,alimentacion,True,synthetic,1,buñuelo antes de almuerzo monto:bajo
microsoft 365 enero,65000,tecnologia,False,synthetic,1,microsoft 365 enero monto:medio
carne para el asado,143499,alimentacion,False,synthetic,1,carne para el asado monto:medio
raspa y gana,9886,alimentacion,True,synthetic,1,raspa y gana monto:bajo
arriendo que recibo,600000,ingreso_trabajo,False,synthetic,1,arriendo que recibo monto:alto
aguardiente néctar,40000,alimentacion,True,synthetic,1,aguardiente néctar monto:medio
recibo gas septiembre,63449,servicios,False,synthetic,1,recibo gas septiembre monto:medio
comision febrero,300000,ingreso_trabajo,False,synthetic,1,comision febrero monto:alto
picada con los parces,96848,alimentacion,True,synthetic,1,picada con los parces monto:medio
chance domingo,4821,alimentacion,True,synthetic,1,chance domingo monto:bajo
combo cine,35000,alimentacion,True,synthetic,1,combo cine monto:medio
sueldo part time abril,800000,ingreso_trabajo,False,synthetic,1,sueldo part time abril monto:alto
indriver al el parque,18280,alimentacion,True,synthetic,1,indriver al el parque monto:bajo
comision febrero,1000000,ingreso_trabajo,False,synthetic,1,comision febrero monto:alto
seguro soat enero,65000,servicios,False,synthetic,1,seguro soat enero monto:medio
arequipe en el puesto,2000,alimentacion,True,synthetic,1,arequipe en el puesto monto:bajo
subsidio gobierno abril,200000,ingreso_trabajo,False,synthetic,1,subsidio gobierno abril monto:alto
venta mercado libre septiembre,200000,ingreso_trabajo,False,synthetic,1,venta mercado libre septiembre monto:alto
sobrebarriga guisada,33056,alimentacion,False,synthetic,1,sobrebarriga guisada monto:medio
bono productividad abril,700000,ingreso_trabajo,False,synthetic,1,bono productividad abril monto:alto
parqueadero del trabajo,120000,servicios,False,synthetic,1,parqueadero del trabajo monto:medio
tragos semana,86917,alimentacion,True,synthetic,1,tragos semana monto:medio
pension universidad julio,1200000,servicios,False,synthetic,1,pension universidad julio monto:alto
indriver al la farmacia,11732,alimentacion,True,synthetic,1,indriver al la farmacia monto:bajo
costos envio mercado libre,12000,alimentacion,True,synthetic,1,costos envio mercado libre monto:bajo
recibo luz agosto,159218,servicios,False,synthetic,1,recibo luz agosto monto:alto
desayuno viernes,11432,alimentacion,True,synthetic,1,desayuno viernes monto:bajo
morral para el colegio semanal,122203,alimentacion,False,synthetic,1,morral para el colegio semanal monto:medio
taxi al el centro,16276,alimentacion,True,synthetic,1,taxi al el centro monto:bajo
torta de cumpleaños para el trabajo,93890,alimentacion,False,synthetic,1,torta de cumpleaños para el trabajo monto:medio
lavanderia mensual,80000,alimentacion,False,synthetic,1,lavanderia mensual monto:medio
taxi al la casa,20482,alimentacion,True,synthetic,1,taxi al la casa monto:bajo
viaje a cartagena,719163,alimentacion,False,synthetic,1,viaje a cartagena monto:alto
psiquiatra consulta,250000,servicios,False,synthetic,1,psiquiatra consulta monto:alto
dulces tienda sábado,3689,alimentacion,True,synthetic,1,dulces tienda sábado monto:bajo
bumble boost mensual,55000,tecnologia,True,synthetic,1,bumble boost mensual monto:medio
ingreso plataforma digital diciembre,300000,ingreso_trabajo,False,synthetic,1,ingreso plataforma digital diciembre monto:alto
cerveza pilsen con parce,7196,alimentacion,True,synthetic,1,cerveza pilsen con parce monto:bajo
gaseosa de pipián,4705,alimentacion,True,synthetic,1,gaseosa de pipián monto:bajo
avena de la tienda,1500,alimentacion,True,synthetic,1,avena de la tienda monto:bajo
internet wom marzo,49900,servicios,False,synthetic,1,internet wom marzo monto:medio
aporte pensión agosto,150000,servicios,False,synthetic,1,aporte pensión agosto monto:alto
propina domicilio,2795,alimentacion,True,synthetic,1,propina domicilio monto:bajo
metro de las noche,3264,alimentacion,True,synthetic,1,metro de las noche monto:bajo
rappi prime abril,17900,tecnologia,True,synthetic,1,rappi prime abril monto:bajo
plan celular claro,55000,servicios,False,synthetic,1,plan celular claro monto:medio
nómina febrero,2500000,ingreso_trabajo,False,synthetic,1,nómina febrero monto:alto
tinto antes de almuerzo,1642,alimentacion,True,synthetic,1,tinto antes de almuerzo monto:bajo
seguro soat abril,75000,servicios,False,synthetic,1,seguro soat abril monto:medio
hotel san andres semanal,2203020,alimentacion,False,synthetic,1,hotel san andres semanal monto:alto
arriendo diciembre,800000,servicios,False,synthetic,1,arriendo diciembre monto:alto
vajilla,157431,alimentacion,False,synthetic,1,vajilla monto:alto
propina domicilio,2712,alimentacion,True,synthetic,1,propina domicilio monto:bajo
arriendo enero,1500000,servicios,False,synthetic,1,arriendo enero monto:alto
gym body tech septiembre,70000,tecnologia,False,synthetic,1,gym body tech septiembre monto:medio
bono colombia mayor,80000,ingreso_trabajo,False,synthetic,1,bono colombia mayor monto:medio
suscripcion app julio,19900,tecnologia,True,synthetic,1,suscripcion app julio monto:bajo
hbo max marzo,19900,tecnologia,False,synthetic,1,hbo max marzo monto:bajo
agua en la calle,1500,alimentacion,True,synthetic,1,agua en la calle monto:bajo
sorpresa cumpleaños de hoy,209723,alimentacion,False,synthetic,1,sorpresa cumpleaños de hoy monto:alto
recibo gas enero,76946,servicios,False,synthetic,1,recibo gas enero monto:medio
icloud 2000gb diciembre,35900,tecnologia,True,synthetic,1,icloud 2000gb diciembre monto:medio
suplementos proteína,180000,alimentacion,False,synthetic,1,suplementos proteína monto:alto
gaseosa en la tienda,3000,alimentacion,True,synthetic,1,gaseosa en la tienda monto:bajo
buñuelos navideños,12000,alimentacion,True,synthetic,1,buñuelos navideños monto:bajo
canva pro diciembre,49900,tecnologia,True,synthetic,1,canva pro diciembre monto:medio
administración edificio agosto,120000,servicios,False,synthetic,1,administración edificio agosto monto:medio
domicilio ifood desayuno,46706,alimentacion,True,synthetic,1,domicilio ifood desayuno monto:medio
microsoft 365 julio,65000,tecnologia,False,synthetic,1,microsoft 365 julio monto:medio
giro familiar,350000,ingreso_trabajo,False,synthetic,1,giro familiar monto:alto
remesas exterior mayo,2000000,ingreso_trabajo,False,synthetic,1,remesas exterior mayo monto:alto
globos y decoración,45584,alimentacion,False,synthetic,1,globos y decoración monto:medio
mercado en jumbo quincenal,227614,alimentacion,False,synthetic,1,mercado en jumbo quincenal monto:alto
ingreso extra fotografía,700000,ingreso_trabajo,False,synthetic,1,ingreso extra fotografía monto:alto
picada con los parces,62349,alimentacion,True,synthetic,1,picada con los parces monto:medio
arbol de navidad,279089,alimentacion,False,synthetic,1,arbol de navidad monto:alto
gaseosa de pollo,4182,alimentacion,True,synthetic,1,gaseosa de pollo monto:bajo
suscripcion app junio,9900,tecnologia,True,synthetic,1,suscripcion app junio monto:bajo
rosca de reyes,35000,alimentacion,False,synthetic,1,rosca de reyes monto:medio
gaseosa de pollo,4275,alimentacion,True,synthetic,1,gaseosa de pollo monto:bajo
almuerzo sábado,17415,alimentacion,True,synthetic,1,almuerzo sábado monto:bajo
recibo acueducto junio,74541,servicios,False,synthetic,1,recibo acueducto junio monto:medio
microsoft 365 agosto,65000,tecnologia,False,synthetic,1,microsoft 365 agosto monto:medio
frutas en el mercado,52004,alimentacion,False,synthetic,1,frutas en el mercado monto:medio
metro de las de la tarde,3459,alimentacion,True,synthetic,1,metro de las de la tarde monto:bajo
arriendos recibidos noviembre,500000,ingreso_trabajo,False,synthetic,1,arriendos recibidos noviembre monto:alto
uber a la universidad,8000,alimentacion,True,synthetic,1,uber a la universidad monto:bajo
pension colegio octubre,600000,servicios,False,synthetic,1,pension colegio octubre monto:alto
tinto de mediodía,1120,alimentacion,True,synthetic,1,tinto de mediodía monto:bajo
papa al por mayor,29586,alimentacion,False,synthetic,1,papa al por mayor monto:bajo
domicilio glovo,22000,alimentacion,True,synthetic,1,domicilio glovo monto:bajo
comision marzo,700000,ingreso_trabajo,False,synthetic,1,comision marzo monto:alto
uber desde el gym,20216,alimentacion,True,synthetic,1,uber desde el gym monto:bajo
papas salchipapa semana,10123,alimentacion,True,synthetic,1,papas salchipapa semana monto:bajo
juguetes navidad,298071,alimentacion,False,synthetic,1,juguetes navidad monto:alto
gym el gym mayo,100000,tecnologia,False,synthetic,1,gym el gym mayo monto:medio
tintico de la mañana,1500,alimentacion,True,synthetic,1,tintico de la mañana monto:bajo
anticipo de sueldo,500000,ingreso_trabajo,False,synthetic,1,anticipo de sueldo monto:alto
regalo baby shower,160713,alimentacion,False,synthetic,1,regalo baby shower monto:alto
seguro vida marzo,85000,servicios,False,synthetic,1,seguro vida marzo monto:medio
picada con los parces,104409,alimentacion,True,synthetic,1,picada con los parces monto:medio
hbo max diciembre,35900,tecnologia,False,synthetic,1,hbo max diciembre monto:medio
comida mascotas ricocan,28000,alimentacion,True,synthetic,1,comida mascotas ricocan monto:bajo
regalo cumpleaños,74705,alimentacion,False,synthetic,1,regalo cumpleaños monto:medio
chance lunes,4342,alimentacion,True,synthetic,1,chance lunes monto:bajo
mejoral,6000,alimentacion,True,synthetic,1,mejoral monto:bajo
servicio de aseo mensual,200000,servicios,False,synthetic,1,servicio de aseo mensual monto:alto
recarga celular tigo,11571,alimentacion,True,synthetic,1,recarga celular tigo monto:bajo
icloud 200gb octubre,35900,tecnologia,True,synthetic,1,icloud 200gb octubre monto:medio
gansito,1800,alimentacion,True,synthetic,1,gansito monto:bajo
tomate semanal,15000,alimentacion,False,synthetic,1,tomate semanal monto:bajo
ingreso uber driver febrero,2200000,ingreso_trabajo,False,synthetic,1,ingreso uber driver febrero monto:alto
cafe en oma,9740,alimentacion,True,synthetic,1,cafe en oma monto:bajo
regalo navidad familia,181222,alimentacion,False,synthetic,1,regalo navidad familia monto:alto
mecato del medio día,4979,alimentacion,True,synthetic,1,mecato del medio día monto:bajo
mesada universitaria agosto,400000,ingreso_trabajo,False,synthetic,1,mesada universitaria agosto monto:alto
bar con los amigos,65000,alimentacion,True,synthetic,1,bar con los amigos monto:medio
gaseosa de carne,4852,alimentacion,True,synthetic,1,gaseosa de carne monto:bajo
perfume versace,380000,alimentacion,False,synthetic,1,perfume versace monto:alto
materiales universidad,118307,alimentacion,False,synthetic,1,materiales universidad monto:medio
festival rumba stereo,150000,alimentacion,False,synthetic,1,festival rumba stereo monto:alto
aguardiente cristal,38000,alimentacion,True,synthetic,1,aguardiente cristal monto:medio
alquiler de sillas y mesas para el trabajo,209568,alimentacion,False,synthetic,1,alquiler de sillas y mesas para el trabajo monto:alto
seguro soat abril,65000,servicios,False,synthetic,1,seguro soat abril monto:medio
propinas del mes,200000,ingreso_trabajo,False,synthetic,1,propinas del mes monto:alto
regalo san valentín,120000,alimentacion,False,synthetic,1,regalo san valentín monto:medio
plataforma estudio junio,35000,tecnologia,False,synthetic,1,plataforma estudio junio monto:medio
cuota tarjeta bancolombia,250000,servicios,False,synthetic,1,cuota tarjeta bancolombia monto:alto
rappi prime febrero,9900,tecnologia,True,synthetic,1,rappi prime febrero monto:bajo
almuerzo viernes,19292,alimentacion,True,synthetic,1,almuerzo viernes monto:bajo
payaso para la fiesta,228745,alimentacion,False,synthetic,1,payaso para la fiesta monto:alto
seguro soat junio,75000,servicios,False,synthetic,1,seguro soat junio monto:medio
chance semana,6154,alimentacion,True,synthetic,1,chance semana monto:bajo
lotería domingo,3787,alimentacion,True,synthetic,1,lotería domingo monto:bajo
pension universidad mayo,2500000,servicios,False,synthetic,1,pension universidad mayo monto:alto
lotería lunes,4291,alimentacion,True,synthetic,1,lotería lunes monto:bajo
pension colegio agosto,600000,servicios,False,synthetic,1,pension colegio agosto monto:alto
pandebono en el horno,3500,alimentacion,True,synthetic,1,pandebono en el horno monto:bajo
entrada acuapark,65000,alimentacion,True,synthetic,1,entrada acuapark monto:medio
administración edificio junio,200000,servicios,False,synthetic,1,administración edificio junio monto:alto
proteina whey,150000,alimentacion,False,synthetic,1,proteina whey monto:alto
transferencia familia julio,300000,ingreso_trabajo,False,synthetic,1,transferencia familia julio monto:alto
nevera nueva,2310237,alimentacion,False,synthetic,1,nevera nueva monto:alto
remesas exterior junio,2000000,ingreso_trabajo,False,synthetic,1,remesas exterior junio monto:alto
pension universidad marzo,1200000,servicios,False,synthetic,1,pension universidad marzo monto:alto
papelería oficina,65000,alimentacion,False,synthetic,1,papelería oficina monto:medio
rappi prime diciembre,17900,tecnologia,True,synthetic,1,rappi prime diciembre monto:bajo
mesada universitaria,600000,ingreso_trabajo,False,synthetic,1,mesada universitaria monto:alto
ingreso plataforma digital agosto,200000,ingreso_trabajo,False,synthetic,1,ingreso plataforma digital agosto monto:alto
donacion fundacion,49609,alimentacion,False,synthetic,1,donacion fundacion monto:medio
arriendos recibidos abril,700000,ingreso_trabajo,False,synthetic,1,arriendos recibidos abril monto:alto
cafe en juan valdez,6252,alimentacion,True,synthetic,1,cafe en juan valdez monto:bajo
seguro soat junio,75000,servicios,False,synthetic,1,seguro soat junio monto:medio
venta mercado libre agosto,300000,ingreso_trabajo,False,synthetic,1,venta mercado libre agosto monto:alto
intereses cuenta de ahorros,15000,ingreso_trabajo,False,synthetic,1,intereses cuenta de ahorros monto:bajo
suscripcion app octubre,25000,tecnologia,True,synthetic,1,suscripcion app octubre monto:bajo
helado de limón,7208,alimentacion,True,synthetic,1,helado de limón monto:bajo
cuota tarjeta daviplata,250000,servicios,False,synthetic,1,cuota tarjeta daviplata monto:alto
devolución iva octubre,250000,ingreso_trabajo,False,synthetic,1,devolución iva octubre monto:alto
asado dominguero para el trabajo,260813,alimentacion,False,synthetic,1,asado dominguero para el trabajo monto:alto
cuota tarjeta davivienda,250000,servicios,False,synthetic,1,cuota tarjeta davivienda monto:alto
icloud 5gb mayo,3900,tecnologia,True,synthetic,1,icloud 5gb mayo monto:bajo
empanada de carne,2433,alimentacion,True,synthetic,1,empanada de carne monto:bajo
dulces tienda semana,1236,alimentacion,True,synthetic,1,dulces tienda semana monto:bajo
dividendos acciones ecopetrol,180000,ingreso_trabajo,False,synthetic,1,dividendos acciones ecopetrol monto:alto
ingreso plataforma digital octubre,200000,ingreso_trabajo,False,synthetic,1,ingreso plataforma digital octubre monto:alto
viaje a cartagena,830804,alimentacion,False,synthetic,1,viaje a cartagena monto:alto
picada con los parces,103214,alimentacion,True,synthetic,1,picada con los parces monto:medio
freelance diseño,800000,ingreso_trabajo,False,synthetic,1,freelance diseño monto:alto
picada con los parces,99388,alimentacion,True,synthetic,1,picada con los parces monto:medio
cuota tarjeta bbva,400000,servicios,False,synthetic,1,cuota tarjeta bbva monto:alto
protector de pantalla,25000,alimentacion,True,synthetic,1,protector de pantalla monto:bajo
pension colegio diciembre,350000,servicios,False,synthetic,1,pension colegio diciembre monto:alto
gym spinning club febrero,70000,tecnologia,False,synthetic,1,gym spinning club febrero monto:medio
galletas club social,4500,alimentacion,True,synthetic,1,galletas club social monto:bajo
propina domicilio,4743,alimentacion,True,synthetic,1,propina domicilio monto:bajo
xbox game pass julio,29900,tecnologia,False,synthetic,1,xbox game pass julio monto:bajo
ingreso plataforma digital abril,300000,ingreso_trabajo,False,synthetic,1,ingreso plataforma digital abril monto:alto
quincena mayo,2500000,ingreso_trabajo,False,synthetic,1,quincena mayo monto:alto
subsidio gobierno abril,300000,ingreso_trabajo,False,synthetic,1,subsidio gobierno abril monto:alto
recibo gas noviembre,62723,servicios,False,synthetic,1,recibo gas noviembre monto:medio
pensión vejez noviembre,1200000,ingreso_trabajo,False,synthetic,1,pensión vejez noviembre monto:alto
cena miércoles,19714,alimentacion,True,synthetic,1,cena miércoles monto:bajo
champú perro,32000,alimentacion,True,synthetic,1,champú perro monto:medio
cafe en juan valdez,12724,alimentacion,True,synthetic,1,cafe en juan valdez monto:bajo
gaseosa de carne,4692,alimentacion,True,synthetic,1,gaseosa de carne monto:bajo
picada con los parces,64400,alimentacion,True,synthetic,1,picada con los parces monto:medio
pago eps mayo,145000,servicios,False,synthetic,1,pago eps mayo monto:medio
cena viernes,16786,alimentacion,True,synthetic,1,cena viernes monto:bajo
beca estudio octubre,500000,ingreso_trabajo,False,synthetic,1,beca estudio octubre monto:alto
libros de texto,77020,alimentacion,False,synthetic,1,libros de texto monto:medio
hbo max abril,35900,tecnologia,False,synthetic,1,hbo max abril monto:medio
aporte pensión agosto,295000,servicios,False,synthetic,1,aporte pensión agosto monto:alto
arepa con huevo,5779,alimentacion,True,synthetic,1,arepa con huevo monto:bajo
domicilio rappi cena,35000,alimentacion,True,synthetic,1,domicilio rappi cena monto:medio
venta mercado libre agosto,500000,ingreso_trabajo,False,synthetic,1,venta mercado libre agosto monto:alto
transferencia familia octubre,300000,ingreso_trabajo,False,synthetic,1,transferencia familia octubre monto:alto
canva pro diciembre,35000,tecnologia,True,synthetic,1,canva pro diciembre monto:medio
ingreso plataforma digital octubre,300000,ingreso_trabajo,False,synthetic,1,ingreso plataforma digital octubre monto:alto
recarga celular wom,20624,alimentacion,True,synthetic,1,recarga celular wom monto:bajo
aporte pensión abril,295000,servicios,False,synthetic,1,aporte pensión abril monto:alto
arriendo del apartamento enero,950000,servicios,False,synthetic,1,arriendo del apartamento enero monto:alto
pasaje del bus a la iglesia,5000,alimentacion,True,synthetic,1,pasaje del bus a la iglesia monto:bajo
uber desde el éxito,9035,alimentacion,True,synthetic,1,uber desde el éxito monto:bajo
rappi prime diciembre,9900,tecnologia,True,synthetic,1,rappi prime diciembre monto:bajo
gym spinning club febrero,89900,tecnologia,False,synthetic,1,gym spinning club febrero monto:medio
pensión vejez julio,2000000,ingreso_trabajo,False,synthetic,1,pensión vejez julio monto:alto
cuota tarjeta itaú,400000,servicios,False,synthetic,1,cuota tarjeta itaú monto:alto
internet claro julio,69900,servicios,False,synthetic,1,internet claro julio monto:medio
onces miércoles,10148,alimentacion,True,synthetic,1,onces miércoles monto:bajo
pension universidad julio,2500000,servicios,False,synthetic,1,pension universidad julio monto:alto
dolex,8000,alimentacion,True,synthetic,1,dolex monto:bajo
honorarios traducciones julio,800000,ingreso_trabajo,False,synthetic,1,honorarios traducciones julio monto:alto
domicilio rappi desayuno,18000,alimentacion,True,synthetic,1,domicilio rappi desayuno monto:bajo
tinto de la tarde,1217,alimentacion,True,synthetic,1,tinto de la tarde monto:bajo
venta mercado libre enero,100000,ingreso_trabajo,False,synthetic,1,venta mercado libre enero monto:medio
gym spinning club julio,70000,tecnologia,False,synthetic,1,gym spinning club julio monto:medio
sudadera para el gym,120000,alimentacion,False,synthetic,1,sudadera para el gym monto:medio
ropa en el exito,179648,alimentacion,False,synthetic,1,ropa en el exito monto:alto
antivirus kaspersky,95000,tecnologia,False,synthetic,1,antivirus kaspersky monto:medio
blender oster,154442,alimentacion,False,synthetic,1,blender oster monto:alto
ancheta empresarial,317745,alimentacion,False,synthetic,1,ancheta empresarial monto:alto
mercado en d1 mensual de hoy,264721,alimentacion,False,synthetic,1,mercado en d1 mensual de hoy monto:alto
buñuelo con el cafe,1500,alimentacion,True,synthetic,1,buñuelo con el cafe monto:bajo
adobe octubre,89000,tecnologia,False,synthetic,1,adobe octubre monto:medio
canva pro enero,49900,tecnologia,True,synthetic,1,canva pro enero monto:medio
aporte pensión septiembre,400000,servicios,False,synthetic,1,aporte pensión septiembre monto:alto
transferencia familia julio,300000,ingreso_trabajo,False,synthetic,1,transferencia familia julio monto:alto
pensión vejez febrero,2000000,ingreso_trabajo,False,synthetic,1,pensión vejez febrero monto:alto
rappi prime mayo,14900,tecnologia,True,synthetic,1,rappi prime mayo monto:bajo
cuota hipoteca banco de bogotá,1100000,servicios,False,synthetic,1,cuota hipoteca banco de bogotá monto:alto
remesas exterior diciembre,500000,ingreso_trabajo,False,synthetic,1,remesas exterior diciembre monto:alto
picada con los parces,55118,alimentacion,True,synthetic,1,picada con los parces monto:medio
netflix y chill,0,alimentacion,True,synthetic,1,netflix y chill monto:bajo
ingreso plataforma digital septiembre,500000,ingreso_trabajo,False,synthetic,1,ingreso plataforma digital septiembre monto:alto
rappi prime noviembre,14900,tecnologia,True,synthetic,1,rappi prime noviembre monto:bajo
plan celular movistar,55000,servicios,False,synthetic,1,plan celular movistar monto:medio
cuota crédito davivienda,400000,servicios,False,synthetic,1,cuota crédito davivienda monto:alto
empanada de verduras,3263,alimentacion,True,synthetic,1,empanada de verduras monto:bajo
nomina noviembre,3500000,ingreso_trabajo,False,synthetic,1,nomina noviembre monto:alto
credito ahorro a la mano,200000,servicios,False,synthetic,1,credito ahorro a la mano monto:alto
domicilio uber eats pollo,25164,alimentacion,True,synthetic,1,domicilio uber eats pollo monto:bajo
cuota tarjeta davivienda,400000,servicios,False,synthetic,1,cuota tarjeta davivienda monto:alto
chatgpt plus mayo,55000,tecnologia,True,synthetic,1,chatgpt plus mayo monto:medio
suscripcion app enero,35000,tecnologia,True,synthetic,1,suscripcion app enero monto:medio
pollo para la semana,29136,alimentacion,False,synthetic,1,pollo para la semana monto:bajo
taxi al la casa,19293,alimentacion,True,synthetic,1,taxi al la casa monto:bajo
recibo gas marzo,114108,servicios,False,synthetic,1,recibo gas marzo monto:medio
arbol de navidad,287585,alimentacion,False,synthetic,1,arbol de navidad monto:alto
domicilio glovo hamburguesa,25970,alimentacion,True,synthetic,1,domicilio glovo hamburguesa monto:bajo
regalo dia de la madre,150000,alimentacion,False,synthetic,1,regalo dia de la madre monto:alto
kit de limpieza hogar,65056,alimentacion,False,synthetic,1,kit de limpieza hogar monto:medio
canva pro agosto,49900,tecnologia,True,synthetic,1,canva pro agosto monto:medio
beca estudio octubre,300000,ingreso_trabajo,False,synthetic,1,beca estudio octubre monto:alto
almuerzo martes,23814,alimentacion,True,synthetic,1,almuerzo martes monto:bajo
tour villa de leyva de hoy,306154,alimentacion,False,synthetic,1,tour villa de leyva de hoy monto:alto
ropa deportiva de hoy,204471,alimentacion,False,synthetic,1,ropa deportiva de hoy monto:alto
almuerzo martes,16403,alimentacion,True,synthetic,1,almuerzo martes monto:bajo
arriendos recibidos junio,500000,ingreso_trabajo,False,synthetic,1,arriendos recibidos junio monto:alto
aporte pensión agosto,400000,servicios,False,synthetic,1,aporte pensión agosto monto:alto
arriendo septiembre,650000,servicios,False,synthetic,1,arriendo septiembre monto:alto
cerveza club colombia con parce,11680,alimentacion,True,synthetic,1,cerveza club colombia con parce monto:bajo
pago eps mensual,145000,servicios,False,synthetic,1,pago eps mensual monto:medio
subsidio gobierno mayo,200000,ingreso_trabajo,False,synthetic,1,subsidio gobierno mayo monto:alto
venta mercado libre octubre,300000,ingreso_trabajo,False,synthetic,1,venta mercado libre octubre monto:alto
netflix premium diciembre,42900,tecnologia,False,synthetic,1,netflix premium diciembre monto:medio
pension colegio octubre,600000,servicios,False,synthetic,1,pension colegio octubre monto:alto
cafe en la panadería,10005,alimentacion,True,synthetic,1,cafe en la panadería monto:bajo
regalo cumpleaños,82148,alimentacion,False,synthetic,1,regalo cumpleaños monto:medio
gym smart fit julio,70000,tecnologia,False,synthetic,1,gym smart fit julio monto:medio
seguro soat diciembre,65000,servicios,False,synthetic,1,seguro soat diciembre monto:medio
playstation plus marzo,19900,tecnologia,False,synthetic,1,playstation plus marzo monto:bajo
cerveza redd's con parce,10623,alimentacion,True,synthetic,1,cerveza redd's con parce monto:bajo
internet tigo diciembre,89900,servicios,False,synthetic,1,internet tigo diciembre monto:medio
raspa y gana,6425,alimentacion,True,synthetic,1,raspa y gana monto:bajo
picada con los parces,94257,alimentacion,True,synthetic,1,picada con los parces monto:medio
quincena mayo,2000000,ingreso_trabajo,False,synthetic,1,quincena mayo monto:alto
arriendo diciembre,900000,servicios,False,synthetic,1,arriendo diciembre monto:alto
propina domicilio,2171,alimentacion,True,synthetic,1,propina domicilio monto:bajo
gym spinning club enero,110000,tecnologia,False,synthetic,1,gym spinning club enero monto:medio
propina domicilio,3242,alimentacion,True,synthetic,1,propina domicilio monto:bajo
metro de las noche,3542,alimentacion,True,synthetic,1,metro de las noche monto:bajo
aporte pensión octubre,200000,servicios,False,synthetic,1,aporte pensión octubre monto:alto
sobrebarriga guisada,31777,alimentacion,False,synthetic,1,sobrebarriga guisada monto:medio
plataforma estudio diciembre,35000,tecnologia,False,synthetic,1,plataforma estudio diciembre monto:medio
comision ventas,300000,ingreso_trabajo,False,synthetic,1,comision ventas monto:alto
recibo luz octubre,119085,servicios,False,synthetic,1,recibo luz octubre monto:medio
empanada de espinaca,2231,alimentacion,True,synthetic,1,empanada de espinaca monto:bajo
venta computador,50000,ingreso_trabajo,False,synthetic,1,venta computador monto:medio
taxi al el parque,12451,alimentacion,True,synthetic,1,taxi al el parque monto:bajo
chatgpt plus febrero,55000,tecnologia,True,synthetic,1,chatgpt plus febrero monto:medio
propina domicilio,4882,alimentacion,True,synthetic,1,propina domicilio monto:bajo
regalo navidad familia,195366,alimentacion,False,synthetic,1,regalo navidad familia monto:alto
honorarios fotografía diciembre,500000,ingreso_trabajo,False,synthetic,1,honorarios fotografía diciembre monto:alto
parqueadero oma,7425,alimentacion,True,synthetic,1,parqueadero oma monto:bajo
papas salchipapa semana,8856,alimentacion,True,synthetic,1,papas salchipapa semana monto:bajo
venta mercado libre septiembre,100000,ingreso_trabajo,False,synthetic,1,venta mercado libre septiembre monto:medio
chance sábado,4791,alimentacion,True,synthetic,1,chance sábado monto:bajo
rappi prime febrero,9900,tecnologia,True,synthetic,1,rappi prime febrero monto:bajo
whisky johnnie walker para el trabajo,100523,alimentacion,False,synthetic,1,whisky johnnie walker para el trabajo monto:medio
suavitel,18000,alimentacion,True,synthetic,1,suavitel monto:bajo
bebida energizante monster,6000,alimentacion,True,synthetic,1,bebida energizante monster monto:bajo
rappi prime octubre,14900,tecnologia,True,synthetic,1,rappi prime octubre monto:bajo
almuerzo sábado,19713,alimentacion,True,synthetic,1,almuerzo sábado monto:bajo
vpn estudiante mensual,35000,tecnologia,True,synthetic,1,vpn estudiante mensual monto:medio
playstation plus septiembre,19900,tecnologia,False,synthetic,1,playstation plus septiembre monto:bajo
arepa con chocolate,4106,alimentacion,True,synthetic,1,arepa con chocolate monto:bajo
recarga celular movistar,7217,alimentacion,True,synthetic,1,recarga celular movistar monto:bajo
arroz de mariscos para la casa,54150,alimentacion,False,synthetic,1,arroz de mariscos para la casa monto:medio
dj para la rumba quincenal,577775,alimentacion,False,synthetic,1,dj para la rumba quincenal monto:alto
tragos jueves,36797,alimentacion,True,synthetic,1,tragos jueves monto:medio
confites en el bus,1000,alimentacion,True,synthetic,1,confites en el bus monto:bajo
seguro soat agosto,65000,servicios,False,synthetic,1,seguro soat agosto monto:medio
tinto de mediodía,1729,alimentacion,True,synthetic,1,tinto de mediodía monto:bajo
adobe abril,199000,tecnologia,False,synthetic,1,adobe abril monto:alto
pandebono domingo,4201,alimentacion,True,synthetic,1,pandebono domingo monto:bajo
concierto bad bunny quincenal,234391,alimentacion,False,synthetic,1,concierto bad bunny quincenal monto:alto
uber desde el centro,24528,alimentacion,True,synthetic,1,uber desde el centro monto:bajo
frijolada antioquena,31758,alimentacion,False,synthetic,1,frijolada antioquena monto:medio
picada con los parces,116791,alimentacion,True,synthetic,1,picada con los parces monto:medio
didi desde el centro,11000,alimentacion,True,synthetic,1,didi desde el centro monto:bajo
jeans en arturo calle para la casa,260363,alimentacion,False,synthetic,1,jeans en arturo calle para la casa monto:alto
dropbox plus,55000,tecnologia,False,synthetic,1,dropbox plus monto:medio
quincena febrero,800000,ingreso_trabajo,False,synthetic,1,quincena febrero monto:alto
almuerzo jueves,23530,alimentacion,True,synthetic,1,almuerzo jueves monto:bajo
domicilio glovo almuerzo,21762,alimentacion,True,synthetic,1,domicilio glovo almuerzo monto:bajo
hbo max junio,19900,tecnologia,False,synthetic,1,hbo max junio monto:bajo
útiles escolares del niño,111928,alimentacion,False,synthetic,1,útiles escolares del niño monto:medio
venta carro,50000,ingreso_trabajo,False,synthetic,1,venta carro monto:medio
aporte pensión junio,250000,servicios,False,synthetic,1,aporte pensión junio monto:alto
buñuelo antes de almuerzo,2660,alimentacion,True,synthetic,1,buñuelo antes de almuerzo monto:bajo
ropa interior tennis del mes,73584,alimentacion,False,synthetic,1,ropa interior tennis del mes monto:medio
freelance diseño,500000,ingreso_trabajo,False,synthetic,1,freelance diseño monto:alto
xbox game pass junio,29900,tecnologia,False,synthetic,1,xbox game pass junio monto:bajo
descanso parque del café de hoy,318360,alimentacion,False,synthetic,1,descanso parque del café de hoy monto:alto
nomina febrero,2500000,ingreso_trabajo,False,synthetic,1,nomina febrero monto:alto
mecato de mediodía,2281,alimentacion,True,synthetic,1,mecato de mediodía monto:bajo
nomina mayo,4000000,ingreso_trabajo,False,synthetic,1,nomina mayo monto:alto
devolución iva marzo,200000,ingreso_trabajo,False,synthetic,1,devolución iva marzo monto:alto
mercado en d1 mensual,227245,alimentacion,False,synthetic,1,mercado en d1 mensual monto:alto
cerveza águila con parce,11186,alimentacion,True,synthetic,1,cerveza águila con parce monto:bajo
ingreso uber driver diciembre,1800000,ingreso_trabajo,False,synthetic,1,ingreso uber driver diciembre monto:alto
cena sábado,20386,alimentacion,True,synthetic,1,cena sábado monto:bajo
suscripcion rappi turbo,9900,tecnologia,True,synthetic,1,suscripcion rappi turbo monto:bajo
honorarios desarrollo web mayo,500000,ingreso_trabajo,False,synthetic,1,honorarios desarrollo web mayo monto:alto
pandebono domingo,2736,alimentacion,True,synthetic,1,pandebono domingo monto:bajo
recibo gas mayo,118616,servicios,False,synthetic,1,recibo gas mayo monto:medio
tour villa de leyva,380000,alimentacion,False,synthetic,1,tour villa de leyva monto:alto
recibo acueducto septiembre,74392,servicios,False,synthetic,1,recibo acueducto septiembre monto:medio
buseta a el parque,2042,alimentacion,True,synthetic,1,buseta a el parque monto:bajo
vitaminas centrum,65000,alimentacion,True,synthetic,1,vitaminas centrum monto:medio
cuota tarjeta nequi,400000,servicios,False,synthetic,1,cuota tarjeta nequi monto:alto
comision inmobiliaria,800000,ingreso_trabajo,False,synthetic,1,comision inmobiliaria monto:alto
pago eps julio,120000,servicios,False,synthetic,1,pago eps julio monto:medio
lechona de la region,413184,alimentacion,False,synthetic,1,lechona de la region monto:alto
pensión vejez octubre,2000000,ingreso_trabajo,False,synthetic,1,pensión vejez octubre monto:alto
ingreso asesorias,600000,ingreso_trabajo,False,synthetic,1,ingreso asesorias monto:alto
lavanderia mensual,85197,alimentacion,False,synthetic,1,lavanderia mensual monto:medio
trucha en restaurante,45068,alimentacion,False,synthetic,1,trucha en restaurante monto:medio
ingreso extra fotografía,700000,ingreso_trabajo,False,synthetic,1,ingreso extra fotografía monto:alto
ingreso extra traducciones,300000,ingreso_trabajo,False,synthetic,1,ingreso extra traducciones monto:alto
frichi de pollo,18000,alimentacion,True,synthetic,1,frichi de pollo monto:bajo
tragos viernes,34501,alimentacion,True,synthetic,1,tragos viernes monto:medio
pension universidad diciembre,900000,servicios,False,synthetic,1,pension universidad diciembre monto:alto
apuesta wplay fútbol,30000,alimentacion,True,synthetic,1,apuesta wplay fútbol monto:medio
subsidio gobierno abril,150000,ingreso_trabajo,False,synthetic,1,subsidio gobierno abril monto:alto
youtube premium septiembre,18900,tecnologia,False,synthetic,1,youtube premium septiembre monto:bajo
uber desde el parque,23602,alimentacion,True,synthetic,1,uber desde el parque monto:bajo
pandebono miércoles,3879,alimentacion,True,synthetic,1,pandebono miércoles monto:bajo
recibo luz enero,144513,servicios,False,synthetic,1,recibo luz enero monto:medio
tenis adidas quincenal,367090,alimentacion,False,synthetic,1,tenis adidas quincenal monto:alto
gaseosa de verduras,3236,alimentacion,True,synthetic,1,gaseosa de verduras monto:bajo
pandebono lunes,4267,alimentacion,True,synthetic,1,pandebono lunes monto:bajo
propina domicilio,4820,alimentacion,True,synthetic,1,propina domicilio monto:bajo
empanada de verduras,1520,alimentacion,True,synthetic,1,empanada de verduras monto:bajo
aporte pensión noviembre,200000,servicios,False,synthetic,1,aporte pensión noviembre monto:alto
devolución iva septiembre,300000,ingreso_trabajo,False,synthetic,1,devolución iva septiembre monto:alto
morcilla parrilla,12000,alimentacion,True,synthetic,1,morcilla parrilla monto:bajo
nevera nueva semanal,1988395,alimentacion,False,synthetic,1,nevera nueva semanal monto:alto
sueldo part time junio,600000,ingreso_trabajo,False,synthetic,1,sueldo part time junio monto:alto
globos y decoración,37807,alimentacion,False,synthetic,1,globos y decoración monto:medio
cafeteria de la universidad,5000,alimentacion,True,synthetic,1,cafeteria de la universidad monto:bajo
seguro vida diciembre,120000,servicios,False,synthetic,1,seguro vida diciembre monto:medio
indriver al la farmacia,11088,alimentacion,True,synthetic,1,indriver al la farmacia monto:bajo
almohada nueva para la casa,77507,alimentacion,False,synthetic,1,almohada nueva para la casa monto:medio
arepa de yuca,4500,alimentacion,True,synthetic,1,arepa de yuca monto:bajo
cerveza corona con parce,7296,alimentacion,True,synthetic,1,cerveza corona con parce monto:bajo
mecato del recreo,2500,alimentacion,True,synthetic,1,mecato del recreo monto:bajo
recibo gas octubre,68181,servicios,False,synthetic,1,recibo gas octubre monto:medio
cuota crédito banco de bogotá,400000,servicios,False,synthetic,1,cuota crédito banco de bogotá monto:alto
lonchera del niño domingo,12614,alimentacion,True,synthetic,1,lonchera del niño domingo monto:bajo
pandebono martes,3919,alimentacion,True,synthetic,1,pandebono martes monto:bajo
propina domicilio,2849,alimentacion,True,synthetic,1,propina domicilio monto:bajo
canva pro mensual,49900,tecnologia,True,synthetic,1,canva pro mensual monto:medio
chance miércoles,4003,alimentacion,True,synthetic,1,chance miércoles monto:bajo
empanada en el parque,1800,alimentacion,True,synthetic,1,empanada en el parque monto:bajo
tintoreria traje,55000,alimentacion,False,synthetic,1,tintoreria traje monto:medio
papas salchipapa miércoles,6289,alimentacion,True,synthetic,1,papas salchipapa miércoles monto:bajo
libros de texto,87172,alimentacion,False,synthetic,1,libros de texto monto:medio
tragos miércoles,33495,alimentacion,True,synthetic,1,tragos miércoles monto:medio
buñuelo de las 8,1682,alimentacion,True,synthetic,1,buñuelo de las 8 monto:bajo
arepa con queso,5000,alimentacion,True,synthetic,1,arepa con queso monto:bajo
empanada de carne,2063,alimentacion,True,synthetic,1,empanada de carne monto:bajo
prime video diciembre,14900,tecnologia,False,synthetic,1,prime video diciembre monto:bajo
pan de queso del horno,4000,alimentacion,True,synthetic,1,pan de queso del horno monto:bajo
combo pollo kfc,32000,alimentacion,True,synthetic,1,combo pollo kfc monto:medio
paquete de manicho,1500,alimentacion,True,synthetic,1,paquete de manicho monto:bajo
taxi al la farmacia,16669,alimentacion,True,synthetic,1,taxi al la farmacia monto:bajo
seguro vida mayo,85000,servicios,False,synthetic,1,seguro vida mayo monto:medio
pastel de navidad,86993,alimentacion,False,synthetic,1,pastel de navidad monto:medio
cuota tarjeta davivienda,250000,servicios,False,synthetic,1,cuota tarjeta davivienda monto:alto
huevos por cubeta,13666,alimentacion,False,synthetic,1,huevos por cubeta monto:bajo
pensión vejez diciembre,1200000,ingreso_trabajo,False,synthetic,1,pensión vejez diciembre monto:alto
pago tesis investigacion,800000,ingreso_trabajo,False,synthetic,1,pago tesis investigacion monto:alto
rumba viernes,150000,alimentacion,False,synthetic,1,rumba viernes monto:alto
regalo de cumpleaños recibido,200000,ingreso_trabajo,False,synthetic,1,regalo de cumpleaños recibido monto:alto
dominio y hosting diciembre,75000,tecnologia,False,synthetic,1,dominio y hosting diciembre monto:medio
internet movistar octubre,79900,servicios,False,synthetic,1,internet movistar octubre monto:medio
arepa de choclo,4000,alimentacion,True,synthetic,1,arepa de choclo monto:bajo
servicio tecnico celular,120000,alimentacion,False,synthetic,1,servicio tecnico celular monto:medio
tragos miércoles,75229,alimentacion,True,synthetic,1,tragos miércoles monto:medio
vajilla,180045,alimentacion,False,synthetic,1,vajilla monto:alto
regalo de grado,300000,alimentacion,False,synthetic,1,regalo de grado monto:alto
torta de cumpleaños,89199,alimentacion,False,synthetic,1,torta de cumpleaños monto:medio
libro fisico libreria,37206,alimentacion,False,synthetic,1,libro fisico libreria monto:medio
arriendo parqueadero,120000,servicios,False,synthetic,1,arriendo parqueadero monto:medio
pago pension alimentaria,600000,ingreso_trabajo,False,synthetic,1,pago pension alimentaria monto:alto
plan celular etb,45000,servicios,False,synthetic,1,plan celular etb monto:medio
lechona tolimense,35196,alimentacion,False,synthetic,1,lechona tolimense monto:medio
buseta a la terminal,2075,alimentacion,True,synthetic,1,buseta a la terminal monto:bajo
recibo gas enero,95681,servicios,False,synthetic,1,recibo gas enero monto:medio
cerveza heineken con parce,7941,alimentacion,True,synthetic,1,cerveza heineken con parce monto:bajo
buñuelo de mediodía,2170,alimentacion,True,synthetic,1,buñuelo de mediodía monto:bajo
frijolada antioquena,28000,alimentacion,False,synthetic,1,frijolada antioquena monto:bajo
mecato de la tarde,2455,alimentacion,True,synthetic,1,mecato de la tarde monto:bajo
sueldo part time diciembre,700000,ingreso_trabajo,False,synthetic,1,sueldo part time diciembre monto:alto
sushi roll maki,45000,alimentacion,True,synthetic,1,sushi roll maki monto:medio
adobe octubre,89000,tecnologia,False,synthetic,1,adobe octubre monto:medio
clases de ingles septiembre,300000,tecnologia,False,synthetic,1,clases de ingles septiembre monto:alto
cuota tarjeta bbva,300000,servicios,False,synthetic,1,cuota tarjeta bbva monto:alto
onces miércoles,13452,alimentacion,True,synthetic,1,onces miércoles monto:bajo
optómetra gafas,380000,servicios,False,synthetic,1,optómetra gafas monto:alto
taxi al el centro,13792,alimentacion,True,synthetic,1,taxi al el centro monto:bajo
globos y decoración,45000,alimentacion,False,synthetic,1,globos y decoración monto:medio
transferencia bancolombia,586061,alimentacion,False,synthetic,1,transferencia bancolombia monto:alto
salsa negra,5000,alimentacion,True,synthetic,1,salsa negra monto:bajo
remesas del exterior,1500000,ingreso_trabajo,False,synthetic,1,remesas del exterior monto:alto
domicilio domicilios.com cena,33488,alimentacion,True,synthetic,1,domicilio domicilios.com cena monto:medio
empanada de pollo,3387,alimentacion,True,synthetic,1,empanada de pollo monto:bajo
freelance desarrollo web,1500000,ingreso_trabajo,False,synthetic,1,freelance desarrollo web monto:alto
subsidio gobierno julio,150000,ingreso_trabajo,False,synthetic,1,subsidio gobierno julio monto:alto
gym el gym julio,110000,tecnologia,False,synthetic,1,gym el gym julio monto:medio
pensión vejez junio,1500000,ingreso_trabajo,False,synthetic,1,pensión vejez junio monto:alto
onces lunes,11110,alimentacion,True,synthetic,1,onces lunes monto:bajo
recibo luz abril,176999,servicios,False,synthetic,1,recibo luz abril monto:alto
cuota crédito davivienda,200000,servicios,False,synthetic,1,cuota crédito davivienda monto:alto
jeans en arturo calle,206714,alimentacion,False,synthetic,1,jeans en arturo calle monto:alto
pension colegio enero,250000,servicios,False,synthetic,1,pension colegio enero monto:alto
spotify estándar diciembre,13900,tecnologia,True,synthetic,1,spotify estándar diciembre monto:bajo
internet claro septiembre,89900,servicios,False,synthetic,1,internet claro septiembre monto:medio
taxi al la universidad,22890,alimentacion,True,synthetic,1,taxi al la universidad monto:bajo
hbo max julio,19900,tecnologia,False,synthetic,1,hbo max julio monto:bajo
mercado en ara mensual,208518,alimentacion,False,synthetic,1,mercado en ara mensual monto:alto
youtube premium junio,14900,tecnologia,False,synthetic,1,youtube premium junio monto:bajo
globos y decoración,36430,alimentacion,False,synthetic,1,globos y decoración monto:medio
ingreso plataforma digital septiembre,500000,ingreso_trabajo,False,synthetic,1,ingreso plataforma digital septiembre monto:alto
mercerias el remate,32996,alimentacion,False,synthetic,1,mercerias el remate monto:medio
dulces tienda sábado,1489,alimentacion,True,synthetic,1,dulces tienda sábado monto:bajo
catering empresa,797011,alimentacion,False,synthetic,1,catering empresa monto:alto
spotify premium familia,26900,tecnologia,False,synthetic,1,spotify premium familia monto:bajo
cafe en el carrito,1000,alimentacion,True,synthetic,1,cafe en el carrito monto:bajo
speed energy,5000,alimentacion,True,synthetic,1,speed energy monto:bajo
indriver al el éxito,8548,alimentacion,True,synthetic,1,indriver al el éxito monto:bajo
quincena enero,1250000,ingreso_trabajo,False,synthetic,1,quincena enero monto:alto
freelance fotografía,800000,ingreso_trabajo,False,synthetic,1,freelance fotografía monto:alto
dominio y hosting junio,120000,tecnologia,False,synthetic,1,dominio y hosting junio monto:medio
mesada universitaria junio,400000,ingreso_trabajo,False,synthetic,1,mesada universitaria junio monto:alto
microsoft 365 abril,65000,tecnologia,False,synthetic,1,microsoft 365 abril monto:medio
recibo gas febrero,58716,servicios,False,synthetic,1,recibo gas febrero monto:medio
ingreso agricola mes,1200000,ingreso_trabajo,False,synthetic,1,ingreso agricola mes monto:alto
pagos clasiapartamentos,0,ingreso_trabajo,False,synthetic,1,pagos clasiapartamentos monto:bajo
avena en vaso,2000,alimentacion,True,synthetic,1,avena en vaso monto:bajo
pandebono viernes,2786,alimentacion,True,synthetic,1,pandebono viernes monto:bajo
pensión vejez marzo,2000000,ingreso_trabajo,False,synthetic,1,pensión vejez marzo monto:alto
ingreso plataforma digital febrero,300000,ingreso_trabajo,False,synthetic,1,ingreso plataforma digital febrero monto:alto
recibo luz marzo,129168,servicios,False,synthetic,1,recibo luz marzo monto:medio
sudadera para el gym,105803,alimentacion,False,synthetic,1,sudadera para el gym monto:medio
ancheta navideña,178505,alimentacion,False,synthetic,1,ancheta navideña monto:alto
cuota hipoteca scotiabank,600000,servicios,False,synthetic,1,cuota hipoteca scotiabank monto:alto
ancheta empresarial,317373,alimentacion,False,synthetic,1,ancheta empresarial monto:alto
onces familiares,50000,alimentacion,True,synthetic,1,onces familiares monto:medio
subsidio gobierno mayo,100000,ingreso_trabajo,False,synthetic,1,subsidio gobierno mayo monto:medio
ingreso extra fotografía,200000,ingreso_trabajo,False,synthetic,1,ingreso extra fotografía monto:alto
asado dominguero,291803,alimentacion,False,synthetic,1,asado dominguero monto:alto
pension colegio diciembre,900000,servicios,False,synthetic,1,pension colegio diciembre monto:alto
plan celular etb,65000,servicios,False,synthetic,1,plan celular etb monto:medio
limonada natural,5000,alimentacion,True,synthetic,1,limonada natural monto:bajo
pension colegio noviembre,900000,servicios,False,synthetic,1,pension colegio noviembre monto:alto
domicilio domicilios.com cena,29163,alimentacion,True,synthetic,1,domicilio domicilios.com cena monto:bajo
recibo luz enero,78847,servicios,False,synthetic,1,recibo luz enero monto:medio
recibo luz octubre,177778,servicios,False,synthetic,1,recibo luz octubre monto:alto
hotel barichara,280000,alimentacion,False,synthetic,1,hotel barichara monto:alto
vpn personal mensual,25000,tecnologia,True,synthetic,1,vpn personal mensual monto:bajo
cuota hipoteca daviplata,1800000,servicios,False,synthetic,1,cuota hipoteca daviplata monto:alto
dulces tienda sábado,4654,alimentacion,True,synthetic,1,dulces tienda sábado monto:bajo
disney plus mensual,21900,tecnologia,False,synthetic,1,disney plus mensual monto:bajo
plan celular tigo,45000,servicios,False,synthetic,1,plan celular tigo monto:medio
pago eps abril,100000,servicios,False,synthetic,1,pago eps abril monto:medio
metro de las la tarde,3984,alimentacion,True,synthetic,1,metro de las la tarde monto:bajo
venta comida rapida mes,1800000,ingreso_trabajo,False,synthetic,1,venta comida rapida mes monto:alto
recibo gas septiembre,63607,servicios,False,synthetic,1,recibo gas septiembre monto:medio
domicilio glovo pollo,38699,alimentacion,True,synthetic,1,domicilio glovo pollo monto:medio
funda de celular,35000,alimentacion,True,synthetic,1,funda de celular monto:medio
helado de mora,3337,alimentacion,True,synthetic,1,helado de mora monto:bajo
mercado en carulla,320000,alimentacion,False,synthetic,1,mercado en carulla monto:alto
internet claro agosto,69900,servicios,False,synthetic,1,internet claro agosto monto:medio
helado de fresa,4157,alimentacion,True,synthetic,1,helado de fresa monto:bajo
netflix estándar julio,42900,tecnologia,False,synthetic,1,netflix estándar julio monto:medio
útiles escolares del niño,95000,alimentacion,False,synthetic,1,útiles escolares del niño monto:medio
quincena noviembre,2000000,ingreso_trabajo,False,synthetic,1,quincena noviembre monto:alto
veterinario consulta,98812,alimentacion,False,synthetic,1,veterinario consulta monto:medio
honorarios fotografía septiembre,3000000,ingreso_trabajo,False,synthetic,1,honorarios fotografía septiembre monto:alto
seguro vida mayo,50000,servicios,False,synthetic,1,seguro vida mayo monto:medio
lonchera del niño sábado,16142,alimentacion,True,synthetic,1,lonchera del niño sábado monto:bajo
arepa con huevo,4020,alimentacion,True,synthetic,1,arepa con huevo monto:bajo
tenis balenciaga,1025152,alimentacion,False,synthetic,1,tenis balenciaga monto:alto
gym crossfit agosto,89900,tecnologia,False,synthetic,1,gym crossfit agosto monto:medio
transferencia bancolombia,485906,alimentacion,False,synthetic,1,transferencia bancolombia monto:alto
dominio y hosting junio,35000,tecnologia,False,synthetic,1,dominio y hosting junio monto:medio
mercado en jumbo,241955,alimentacion,False,synthetic,1,mercado en jumbo monto:alto
pandebono jueves,2893,alimentacion,True,synthetic,1,pandebono jueves monto:bajo
regalo dia de la madre,126216,alimentacion,False,synthetic,1,regalo dia de la madre monto:medio
dulces tienda martes,3500,alimentacion,True,synthetic,1,dulces tienda martes monto:bajo
tragos viernes,66429,alimentacion,True,synthetic,1,tragos viernes monto:medio
colaboracion iglesia diezmo,250000,servicios,False,synthetic,1,colaboracion iglesia diezmo monto:alto
directv mensual,95000,servicios,False,synthetic,1,directv mensual monto:medio
spotify con anuncios julio,26900,tecnologia,True,synthetic,1,spotify con anuncios julio monto:bajo
mercado en ara mensual,250518,alimentacion,False,synthetic,1,mercado en ara mensual monto:alto
tragos viernes,41013,alimentacion,True,synthetic,1,tragos viernes monto:medio
prime video diciembre,14900,tecnologia,False,synthetic,1,prime video diciembre monto:bajo
torta de pollo,15000,alimentacion,True,synthetic,1,torta de pollo monto:bajo
tragos sábado,65361,alimentacion,True,synthetic,1,tragos sábado monto:medio
cuota crédito davivienda,600000,servicios,False,synthetic,1,cuota crédito davivienda monto:alto
seguro soat julio,65000,servicios,False,synthetic,1,seguro soat julio monto:medio
juguetes navidad,265297,alimentacion,False,synthetic,1,juguetes navidad monto:alto
mercado en ara mensual,220000,alimentacion,False,synthetic,1,mercado en ara mensual monto:alto
remesas exterior junio,2000000,ingreso_trabajo,False,synthetic,1,remesas exterior junio monto:alto
comision julio,300000,ingreso_trabajo,False,synthetic,1,comision julio monto:alto
apuesta codere,20000,alimentacion,True,synthetic,1,apuesta codere monto:bajo
seguro vida noviembre,85000,servicios,False,synthetic,1,seguro vida noviembre monto:medio
seguro vida marzo,50000,servicios,False,synthetic,1,seguro vida marzo monto:medio
rappi prime enero,17900,tecnologia,True,synthetic,1,rappi prime enero monto:bajo
entrada cine con novio,44000,alimentacion,True,synthetic,1,entrada cine con novio monto:medio
smart tv samsung,1633997,alimentacion,False,synthetic,1,smart tv samsung monto:alto
cerveza corona,12000,alimentacion,True,synthetic,1,cerveza corona monto:bajo
cuota fondo empleados,100000,servicios,False,synthetic,1,cuota fondo empleados monto:medio
dulces tienda viernes,4237,alimentacion,True,synthetic,1,dulces tienda viernes monto:bajo
seguro soat octubre,45000,servicios,False,synthetic,1,seguro soat octubre monto:medio
plan celular claro,29900,servicios,False,synthetic,1,plan celular claro monto:bajo
buseta a el aeropuerto,3540,alimentacion,True,synthetic,1,buseta a el aeropuerto monto:bajo
morral para el colegio,120160,alimentacion,False,synthetic,1,morral para el colegio monto:medio
honorarios edición diciembre,3000000,ingreso_trabajo,False,synthetic,1,honorarios edición diciembre monto:alto
tenis balenciaga,835457,alimentacion,False,synthetic,1,tenis balenciaga monto:alto
hbo max mayo,23900,tecnologia,False,synthetic,1,hbo max mayo monto:bajo
cena martes,33033,alimentacion,True,synthetic,1,cena martes monto:medio
microsoft 365 octubre,65000,tecnologia,False,synthetic,1,microsoft 365 octubre monto:medio
yuca y platano semanal,15315,alimentacion,False,synthetic,1,yuca y platano semanal monto:bajo
helado de coco,7710,alimentacion,True,synthetic,1,helado de coco monto:bajo
lechona de la region,380000,alimentacion,False,synthetic,1,lechona de la region monto:alto
devolución iva enero,200000,ingreso_trabajo,False,synthetic,1,devolución iva enero monto:alto
verduras en la plaza mensual semanal,71182,alimentacion,False,synthetic,1,verduras en la plaza mensual semanal monto:medio
pizza dominos para el trabajo,47049,alimentacion,False,synthetic,1,pizza dominos para el trabajo monto:medio
pago eps abril,100000,servicios,False,synthetic,1,pago eps abril monto:medio
xbox game pass octubre,29900,tecnologia,False,synthetic,1,xbox game pass octubre monto:bajo
tiquete latam bogota cali,153941,alimentacion,False,synthetic,1,tiquete latam bogota cali monto:alto
lechona de la region,385763,alimentacion,False,synthetic,1,lechona de la region monto:alto
cafe en la tienda,14157,alimentacion,True,synthetic,1,cafe en la tienda monto:bajo
cafe en la tienda,5814,alimentacion,True,synthetic,1,cafe en la tienda monto:bajo
desodorante axe,22000,alimentacion,True,synthetic,1,desodorante axe monto:bajo
helado de limón,2457,alimentacion,True,synthetic,1,helado de limón monto:bajo
arriendo julio,950000,servicios,False,synthetic,1,arriendo julio monto:alto
mercerias el remate,37959,alimentacion,False,synthetic,1,mercerias el remate monto:medio
mercado en jumbo,249089,alimentacion,False,synthetic,1,mercado en jumbo monto:alto
cigarrillo rubios,3500,alimentacion,True,synthetic,1,cigarrillo rubios monto:bajo
empanada de espinaca,2584,alimentacion,True,synthetic,1,empanada de espinaca monto:bajo
uber desde la rumba,25000,alimentacion,True,synthetic,1,uber desde la rumba monto:bajo
alquiler de sillas y mesas,170627,alimentacion,False,synthetic,1,alquiler de sillas y mesas monto:alto
administración edificio febrero,250000,servicios,False,synthetic,1,administración edificio febrero monto:alto
domicilio hamburguesa,38000,alimentacion,True,synthetic,1,domicilio hamburguesa monto:medio
icloud 2000gb enero,19900,tecnologia,True,synthetic,1,icloud 2000gb enero monto:bajo
subsidio gobierno septiembre,150000,ingreso_trabajo,False,synthetic,1,subsidio gobierno septiembre monto:alto
suplementos proteína para el trabajo,166969,alimentacion,False,synthetic,1,suplementos proteína para el trabajo monto:alto
adobe enero,139000,tecnologia,False,synthetic,1,adobe enero monto:medio
mercado en carulla,325471,alimentacion,False,synthetic,1,mercado en carulla monto:alto
xbox game pass febrero,19900,tecnologia,False,synthetic,1,xbox game pass febrero monto:bajo
whisky johnnie walker,120000,alimentacion,False,synthetic,1,whisky johnnie walker monto:medio
pensión vejez abril,1200000,ingreso_trabajo,False,synthetic,1,pensión vejez abril monto:alto
administración edificio marzo,150000,servicios,False,synthetic,1,administración edificio marzo monto:alto
arepa con chocolate,6897,alimentacion,True,synthetic,1,arepa con chocolate monto:bajo
ingreso plataforma digital octubre,500000,ingreso_trabajo,False,synthetic,1,ingreso plataforma digital octubre monto:alto
devolución iva mayo,100000,ingreso_trabajo,False,synthetic,1,devolución iva mayo monto:medio
venta computador,800000,ingreso_trabajo,False,synthetic,1,venta computador monto:alto
seguro soat diciembre,55000,servicios,False,synthetic,1,seguro soat diciembre monto:medio
mecato de la tarde,4000,alimentacion,True,synthetic,1,mecato de la tarde monto:bajo
mecato de mediodía,2179,alimentacion,True,synthetic,1,mecato de mediodía monto:bajo
gaseosa de carne,3399,alimentacion,True,synthetic,1,gaseosa de carne monto:bajo
torta de cumpleaños para el trabajo,77867,alimentacion,False,synthetic,1,torta de cumpleaños para el trabajo monto:medio
nomina julio,3500000,ingreso_trabajo,False,synthetic,1,nomina julio monto:alto
tragos viernes,59232,alimentacion,True,synthetic,1,tragos viernes monto:medio
hotel barichara para el trabajo,283089,alimentacion,False,synthetic,1,hotel barichara para el trabajo monto:alto
sueldo part time agosto,1000000,ingreso_trabajo,False,synthetic,1,sueldo part time agosto monto:alto
camisa en studio f,147456,alimentacion,False,synthetic,1,camisa en studio f monto:medio
nomina agosto,3500000,ingreso_trabajo,False,synthetic,1,nomina agosto monto:alto
arbol de navidad,250000,alimentacion,False,synthetic,1,arbol de navidad monto:alto
libro fisico libreria,45000,alimentacion,False,synthetic,1,libro fisico libreria monto:medio
helado de chocolate,3211,alimentacion,True,synthetic,1,helado de chocolate monto:bajo
nevera nueva,1833007,alimentacion,False,synthetic,1,nevera nueva monto:alto
indriver al trabajo,9000,alimentacion,True,synthetic,1,indriver al trabajo monto:bajo
pago eps abril,100000,servicios,False,synthetic,1,pago eps abril monto:medio
canva pro enero,49900,tecnologia,True,synthetic,1,canva pro enero monto:medio
plan celular etb,85000,servicios,False,synthetic,1,plan celular etb monto:medio
pension universidad enero,1200000,servicios,False,synthetic,1,pension universidad enero monto:alto
taxi al la farmacia,19623,alimentacion,True,synthetic,1,taxi al la farmacia monto:bajo
raspa y gana,7989,alimentacion,True,synthetic,1,raspa y gana monto:bajo
buñuelo de las 8,2817,alimentacion,True,synthetic,1,buñuelo de las 8 monto:bajo
mesada universitaria octubre,400000,ingreso_trabajo,False,synthetic,1,mesada universitaria octubre monto:alto
tenis balenciaga,1012094,alimentacion,False,synthetic,1,tenis balenciaga monto:alto
café sello rojo,12000,alimentacion,True,synthetic,1,café sello rojo monto:bajo
cena viernes,17248,alimentacion,True,synthetic,1,cena viernes monto:bajo
buñuelo antes de almuerzo,1905,alimentacion,True,synthetic,1,buñuelo antes de almuerzo monto:bajo
deuda tributaria dian,500000,servicios,False,synthetic,1,deuda tributaria dian monto:alto
perfume versace,408076,alimentacion,False,synthetic,1,perfume versace monto:alto
sueldo auxiliar contable,1400000,ingreso_trabajo,False,synthetic,1,sueldo auxiliar contable monto:alto
nomina diciembre,1600000,ingreso_trabajo,False,synthetic,1,nomina diciembre monto:alto
venta electrodoméstico,50000,ingreso_trabajo,False,synthetic,1,venta electrodoméstico monto:medio
mecato de las 8,3999,alimentacion,True,synthetic,1,mecato de las 8 monto:bajo
cafe en la panadería,5322,alimentacion,True,synthetic,1,cafe en la panadería monto:bajo
icloud 5gb junio,35900,tecnologia,True,synthetic,1,icloud 5gb junio monto:medio
comision septiembre,700000,ingreso_trabajo,False,synthetic,1,comision septiembre monto:alto
contribucion colecta,50000,alimentacion,True,synthetic,1,contribucion colecta monto:medio
nomina mayo,3500000,ingreso_trabajo,False,synthetic,1,nomina mayo monto:alto
cuota carro bancolombia,750000,servicios,False,synthetic,1,cuota carro bancolombia monto:alto
recarga celular claro,20889,alimentacion,True,synthetic,1,recarga celular claro monto:bajo
sueldo part time mayo,1000000,ingreso_trabajo,False,synthetic,1,sueldo part time mayo monto:alto
beca estudio enero,400000,ingreso_trabajo,False,synthetic,1,beca estudio enero monto:alto
pizza dominos,48816,alimentacion,False,synthetic,1,pizza dominos monto:medio
cuota moderadora eps,9400,servicios,False,synthetic,1,cuota moderadora eps monto:bajo
seguro vida octubre,65000,servicios,False,synthetic,1,seguro vida octubre monto:medio
tour villa de leyva,445634,alimentacion,False,synthetic,1,tour villa de leyva monto:alto
recibo acueducto noviembre,45705,servicios,False,synthetic,1,recibo acueducto noviembre monto:medio
helado de chocolate,4245,alimentacion,True,synthetic,1,helado de chocolate monto:bajo
buñuelo mañana,1517,alimentacion,True,synthetic,1,buñuelo mañana monto:bajo
cable claro hogar,85000,servicios,False,synthetic,1,cable claro hogar monto:medio
pension universidad enero,900000,servicios,False,synthetic,1,pension universidad enero monto:alto
subsidio gobierno septiembre,100000,ingreso_trabajo,False,synthetic,1,subsidio gobierno septiembre monto:medio
ingreso extra marketing,200000,ingreso_trabajo,False,synthetic,1,ingreso extra marketing monto:alto
ancheta empresarial,300000,alimentacion,False,synthetic,1,ancheta empresarial monto:alto
notion premium,35000,tecnologia,True,synthetic,1,notion premium monto:medio
chocolates para la novia,55000,alimentacion,True,synthetic,1,chocolates para la novia monto:medio
administración edificio julio,200000,servicios,False,synthetic,1,administración edificio julio monto:alto
antidepresivos,85000,servicios,False,synthetic,1,antidepresivos monto:medio
icloud 50gb enero,3900,tecnologia,True,synthetic,1,icloud 50gb enero monto:bajo
netflix premium octubre,17900,tecnologia,False,synthetic,1,netflix premium octubre monto:bajo
cuadernos college,35000,alimentacion,True,synthetic,1,cuadernos college monto:medio
recibo gas junio,100961,servicios,False,synthetic,1,recibo gas junio monto:medio
festival rumba stereo,170485,alimentacion,False,synthetic,1,festival rumba stereo monto:alto
cena miércoles,27210,alimentacion,True,synthetic,1,cena miércoles monto:bajo
recibo luz noviembre,157552,servicios,False,synthetic,1,recibo luz noviembre monto:alto
remesas exterior abril,2000000,ingreso_trabajo,False,synthetic,1,remesas exterior abril monto:alto
propina domicilio,4426,alimentacion,True,synthetic,1,propina domicilio monto:bajo
empaque para envio,8000,alimentacion,True,synthetic,1,empaque para envio monto:bajo
nomina noviembre,3000000,ingreso_trabajo,False,synthetic,1,nomina noviembre monto:alto
domicilio ifood pizza,25469,alimentacion,True,synthetic,1,domicilio ifood pizza monto:bajo
domicilio domicilios.com pollo,23958,alimentacion,True,synthetic,1,domicilio domicilios.com pollo monto:bajo
comision enero,700000,ingreso_trabajo,False,synthetic,1,comision enero monto:alto
frutas en el mercado,40525,alimentacion,False,synthetic,1,frutas en el mercado monto:medio
prime video junio,17900,tecnologia,False,synthetic,1,prime video junio monto:bajo
quincena agosto,800000,ingreso_trabajo,False,synthetic,1,quincena agosto monto:alto
plan celular movistar,49000,servicios,False,synthetic,1,plan celular movistar monto:medio
ingreso uber driver octubre,2200000,ingreso_trabajo,False,synthetic,1,ingreso uber driver octubre monto:alto
visita al pueblo,250000,alimentacion,False,synthetic,1,visita al pueblo monto:alto
parqueadero la tienda,10280,alimentacion,True,synthetic,1,parqueadero la tienda monto:bajo
microsoft 365 diciembre,42900,tecnologia,False,synthetic,1,microsoft 365 diciembre monto:medio
arriendos recibidos marzo,800000,ingreso_trabajo,False,synthetic,1,arriendos recibidos marzo monto:alto
buñuelo de la tarde,2233,alimentacion,True,synthetic,1,buñuelo de la tarde monto:bajo
disney plus octubre,17900,tecnologia,False,synthetic,1,disney plus octubre monto:bajo
tiquete flota cali bogota quincenal,110244,alimentacion,False,synthetic,1,tiquete flota cali bogota quincenal monto:medio
venta muebles,100000,ingreso_trabajo,False,synthetic,1,venta muebles monto:medio
trucha en restaurante de hoy,38123,alimentacion,False,synthetic,1,trucha en restaurante de hoy monto:medio
administración edificio octubre,180000,servicios,False,synthetic,1,administración edificio octubre monto:alto
desayuno domingo,10304,alimentacion,True,synthetic,1,desayuno domingo monto:bajo
recibo acueducto marzo,49009,servicios,False,synthetic,1,recibo acueducto marzo monto:medio
metro de las de mediodía,3646,alimentacion,True,synthetic,1,metro de las de mediodía monto:bajo
mercado en el éxito mensual,566153,alimentacion,False,synthetic,1,mercado en el éxito mensual monto:alto
icloud 2000gb enero,7900,tecnologia,True,synthetic,1,icloud 2000gb enero monto:bajo
vpn premium mensual,35000,tecnologia,True,synthetic,1,vpn premium mensual monto:medio
arriendos recibidos septiembre,1000000,ingreso_trabajo,False,synthetic,1,arriendos recibidos septiembre monto:alto
pension vejez colpensiones,1500000,ingreso_trabajo,False,synthetic,1,pension vejez colpensiones monto:alto
spotify estándar febrero,17900,tecnologia,True,synthetic,1,spotify estándar febrero monto:bajo
lotería sábado,3244,alimentacion,True,synthetic,1,lotería sábado monto:bajo
netflix premium abril,29900,tecnologia,False,synthetic,1,netflix premium abril monto:bajo
secador de pelo,80883,alimentacion,False,synthetic,1,secador de pelo monto:medio
venta mercado libre marzo,300000,ingreso_trabajo,False,synthetic,1,venta mercado libre marzo monto:alto
comparendo,378000,servicios,False,synthetic,1,comparendo monto:alto
lengua en salsa para la casa,38986,alimentacion,False,synthetic,1,lengua en salsa para la casa monto:medio
cuota crédito banco de bogotá,300000,servicios,False,synthetic,1,cuota crédito banco de bogotá monto:alto
gaseosa de verduras,2764,alimentacion,True,synthetic,1,gaseosa de verduras monto:bajo
toallas baño,51842,alimentacion,False,synthetic,1,toallas baño monto:medio
quincena mayo,1000000,ingreso_trabajo,False,synthetic,1,quincena mayo monto:alto
internet claro febrero,69900,servicios,False,synthetic,1,internet claro febrero monto:medio
venta mercado libre septiembre,500000,ingreso_trabajo,False,synthetic,1,venta mercado libre septiembre monto:alto
pago freelance diseño,500000,ingreso_trabajo,False,synthetic,1,pago freelance diseño monto:alto
buseta a el trabajo,2298,alimentacion,True,synthetic,1,buseta a el trabajo monto:bajo
suplemento creatina,80000,alimentacion,True,synthetic,1,suplemento creatina monto:medio
netflix premium octubre,29900,tecnologia,False,synthetic,1,netflix premium octubre monto:bajo
bandeja paisa completa,32000,alimentacion,False,synthetic,1,bandeja paisa completa monto:medio
maquina de afeitar quincenal,187044,alimentacion,False,synthetic,1,maquina de afeitar quincenal monto:alto
juguetes navidad,320000,alimentacion,False,synthetic,1,juguetes navidad monto:alto
cerveza águila con los parces,8000,alimentacion,True,synthetic,1,cerveza águila con los parces monto:bajo
aporte pensión septiembre,400000,servicios,False,synthetic,1,aporte pensión septiembre monto:alto
medias en d1,15000,alimentacion,True,synthetic,1,medias en d1 monto:bajo
mercado en el exito mensual,728627,alimentacion,False,synthetic,1,mercado en el exito mensual monto:alto
mecato mañana,3000,alimentacion,True,synthetic,1,mecato mañana monto:bajo
arriendo mayo,1500000,servicios,False,synthetic,1,arriendo mayo monto:alto
veterinario consulta,120000,alimentacion,False,synthetic,1,veterinario consulta monto:medio
quincena octubre,2000000,ingreso_trabajo,False,synthetic,1,quincena octubre monto:alto
suscripcion meditacion calm,29900,tecnologia,True,synthetic,1,suscripcion meditacion calm monto:bajo
pensión vejez septiembre,1200000,ingreso_trabajo,False,synthetic,1,pensión vejez septiembre monto:alto
freelance traducciones,700000,ingreso_trabajo,False,synthetic,1,freelance traducciones monto:alto
carne de res kilos,55000,alimentacion,False,synthetic,1,carne de res kilos monto:medio
arepa con queso,3374,alimentacion,True,synthetic,1,arepa con queso monto:bajo
indriver al el aeropuerto,11533,alimentacion,True,synthetic,1,indriver al el aeropuerto monto:bajo
arroz en bulto,85451,alimentacion,False,synthetic,1,arroz en bulto monto:medio
remesas exterior enero,1500000,ingreso_trabajo,False,synthetic,1,remesas exterior enero monto:alto
seguro vida octubre,50000,servicios,False,synthetic,1,seguro vida octubre monto:medio
cuota tarjeta davivienda,300000,servicios,False,synthetic,1,cuota tarjeta davivienda monto:alto
papas salchipapa miércoles,10656,alimentacion,True,synthetic,1,papas salchipapa miércoles monto:bajo
recarga celular etb,29613,alimentacion,True,synthetic,1,recarga celular etb monto:bajo
dominio y hosting febrero,75000,tecnologia,False,synthetic,1,dominio y hosting febrero monto:medio
prestamo amigo devuelto,150000,ingreso_trabajo,False,synthetic,1,prestamo amigo devuelto monto:alto
tragos martes,39744,alimentacion,True,synthetic,1,tragos martes monto:medio
puchero bogotano,31892,alimentacion,False,synthetic,1,puchero bogotano monto:medio
buseta a el éxito,3445,alimentacion,True,synthetic,1,buseta a el éxito monto:bajo
arepa con queso,7243,alimentacion,True,synthetic,1,arepa con queso monto:bajo
ingreso delivery rappi,1200000,ingreso_trabajo,False,synthetic,1,ingreso delivery rappi monto:alto
suscripcion app abril,25000,tecnologia,True,synthetic,1,suscripcion app abril monto:bajo
mesada universitaria octubre,500000,ingreso_trabajo,False,synthetic,1,mesada universitaria octubre monto:alto
propina domicilio,2160,alimentacion,True,synthetic,1,propina domicilio monto:bajo
freelance marketing,1500000,ingreso_trabajo,False,synthetic,1,freelance marketing monto:alto
nomina mayo,3500000,ingreso_trabajo,False,synthetic,1,nomina mayo monto:alto
quincena enero,2500000,ingreso_trabajo,False,synthetic,1,quincena enero monto:alto
lechona tolimense para la casa,38053,alimentacion,False,synthetic,1,lechona tolimense para la casa monto:medio
domicilio rappi almuerzo,28000,alimentacion,True,synthetic,1,domicilio rappi almuerzo monto:bajo
airpods,891277,alimentacion,False,synthetic,1,airpods monto:alto
gym smart fit octubre,150000,tecnologia,False,synthetic,1,gym smart fit octubre monto:alto
mercado en carulla,372486,alimentacion,False,synthetic,1,mercado en carulla monto:alto
kit de limpieza hogar,65000,alimentacion,False,synthetic,1,kit de limpieza hogar monto:medio
ropa interior tennis,85000,alimentacion,False,synthetic,1,ropa interior tennis monto:medio
vacaciones en san andrés para el trabajo,2147938,alimentacion,False,synthetic,1,vacaciones en san andrés para el trabajo monto:alto
utiles escolares del niño,83499,alimentacion,False,synthetic,1,utiles escolares del niño monto:medio
vacaciones en san andrés,1998286,alimentacion,False,synthetic,1,vacaciones en san andrés monto:alto
youtube premium enero,18900,tecnologia,False,synthetic,1,youtube premium enero monto:bajo
taxi al el éxito,13292,alimentacion,True,synthetic,1,taxi al el éxito monto:bajo
taxi al el jumbo,20649,alimentacion,True,synthetic,1,taxi al el jumbo monto:bajo
taxi al aeropuerto,55000,alimentacion,True,synthetic,1,taxi al aeropuerto monto:medio
recarga celular etb,12721,alimentacion,True,synthetic,1,recarga celular etb monto:bajo
cigarrillo piel roja,4000,alimentacion,True,synthetic,1,cigarrillo piel roja monto:bajo
onces lunes,11642,alimentacion,True,synthetic,1,onces lunes monto:bajo
arepa con huevo,6750,alimentacion,True,synthetic,1,arepa con huevo monto:bajo
seguro vida noviembre,50000,servicios,False,synthetic,1,seguro vida noviembre monto:medio
hbo max noviembre,35900,tecnologia,False,synthetic,1,hbo max noviembre monto:medio
spotify estándar septiembre,13900,tecnologia,True,synthetic,1,spotify estándar septiembre monto:bajo
buseta a el éxito,2956,alimentacion,True,synthetic,1,buseta a el éxito monto:bajo
aspirina,5000,alimentacion,True,synthetic,1,aspirina monto:bajo
ron viejo de caldas,40000,alimentacion,True,synthetic,1,ron viejo de caldas monto:medio
beca estudio marzo,300000,ingreso_trabajo,False,synthetic,1,beca estudio marzo monto:alto
bocadillo veleño,1000,alimentacion,True,synthetic,1,bocadillo veleño monto:bajo
indriver al el jumbo,11269,alimentacion,True,synthetic,1,indriver al el jumbo monto:bajo
regalo quince años,250000,alimentacion,False,synthetic,1,regalo quince años monto:alto
seguro vida agosto,65000,servicios,False,synthetic,1,seguro vida agosto monto:medio
red bull,7500,alimentacion,True,synthetic,1,red bull monto:bajo
ingreso extra marketing,1000000,ingreso_trabajo,False,synthetic,1,ingreso extra marketing monto:alto
papas salchipapa domingo,11613,alimentacion,True,synthetic,1,papas salchipapa domingo monto:bajo
papa y sal del asado,15000,alimentacion,True,synthetic,1,papa y sal del asado monto:bajo
microsoft 365 enero,42900,tecnologia,False,synthetic,1,microsoft 365 enero monto:medio
rumba viernes,149301,alimentacion,False,synthetic,1,rumba viernes monto:medio
domicilio uber eats wraps,38063,alimentacion,True,synthetic,1,domicilio uber eats wraps monto:medio
taxi al el trabajo,20561,alimentacion,True,synthetic,1,taxi al el trabajo monto:bajo
mesada universitaria marzo,700000,ingreso_trabajo,False,synthetic,1,mesada universitaria marzo monto:alto
trucha en restaurante,42294,alimentacion,False,synthetic,1,trucha en restaurante monto:medio
ingreso extra marketing,100000,ingreso_trabajo,False,synthetic,1,ingreso extra marketing monto:medio
canva pro febrero,49900,tecnologia,True,synthetic,1,canva pro febrero monto:medio
cuota hipoteca banco de bogotá,800000,servicios,False,synthetic,1,cuota hipoteca banco de bogotá monto:alto
caldo de papa,8000,alimentacion,True,synthetic,1,caldo de papa monto:bajo
puchero bogotano,35000,alimentacion,False,synthetic,1,puchero bogotano monto:medio
chatgpt mensual,65000,tecnologia,True,synthetic,1,chatgpt mensual monto:medio
útiles escolares del niño de hoy,106175,alimentacion,False,synthetic,1,útiles escolares del niño de hoy monto:medio
administración edificio junio,150000,servicios,False,synthetic,1,administración edificio junio monto:alto
tinto de las 8,1207,alimentacion,True,synthetic,1,tinto de las 8 monto:bajo
ayuda económica a los viejos,500000,servicios,False,synthetic,1,ayuda económica a los viejos monto:alto
reembolso gastos empresa,150000,ingreso_trabajo,False,synthetic,1,reembolso gastos empresa monto:alto
adobe julio,120000,tecnologia,False,synthetic,1,adobe julio monto:medio
cuota hipoteca scotiabank,800000,servicios,False,synthetic,1,cuota hipoteca scotiabank monto:alto
mesada universitaria julio,800000,ingreso_trabajo,False,synthetic,1,mesada universitaria julio monto:alto
recibo del gas natural,85000,servicios,False,synthetic,1,recibo del gas natural monto:medio
disney plus octubre,21900,tecnologia,False,synthetic,1,disney plus octubre monto:bajo
freelance fotografía,1000000,ingreso_trabajo,False,synthetic,1,freelance fotografía monto:alto
ropa deportiva para la casa,173030,alimentacion,False,synthetic,1,ropa deportiva para la casa monto:alto
tacos en restaurante,25000,alimentacion,True,synthetic,1,tacos en restaurante monto:bajo
bono productividad marzo,200000,ingreso_trabajo,False,synthetic,1,bono productividad marzo monto:alto
libro fisico libreria quincenal,47865,alimentacion,False,synthetic,1,libro fisico libreria quincenal monto:medio
carne para el asado quincenal,123298,alimentacion,False,synthetic,1,carne para el asado quincenal monto:medio
gym crossfit septiembre,89900,tecnologia,False,synthetic,1,gym crossfit septiembre monto:medio
regalo baby shower,150000,alimentacion,False,synthetic,1,regalo baby shower monto:alto
gimnasio mensual,120000,tecnologia,False,synthetic,1,gimnasio mensual monto:medio
suscripcion app agosto,25000,tecnologia,True,synthetic,1,suscripcion app agosto monto:bajo
gym spinning club mayo,100000,tecnologia,False,synthetic,1,gym spinning club mayo monto:medio
lotería domingo,2831,alimentacion,True,synthetic,1,lotería domingo monto:bajo
arriendo septiembre,1100000,servicios,False,synthetic,1,arriendo septiembre monto:alto
mostaza,6000,alimentacion,True,synthetic,1,mostaza monto:bajo
comision marzo,500000,ingreso_trabajo,False,synthetic,1,comision marzo monto:alto
pension universidad julio,1200000,servicios,False,synthetic,1,pension universidad julio monto:alto
arriendo casa barrio popular,800000,servicios,False,synthetic,1,arriendo casa barrio popular monto:alto
quincena agosto,1000000,ingreso_trabajo,False,synthetic,1,quincena agosto monto:alto
recibo gas agosto,99811,servicios,False,synthetic,1,recibo gas agosto monto:medio
nomina septiembre,3500000,ingreso_trabajo,False,synthetic,1,nomina septiembre monto:alto
papa al por mayor,23265,alimentacion,False,synthetic,1,papa al por mayor monto:bajo
nequi recarga,82991,alimentacion,False,synthetic,1,nequi recarga monto:medio
recibo luz abril,108614,servicios,False,synthetic,1,recibo luz abril monto:medio
adobe noviembre,120000,tecnologia,False,synthetic,1,adobe noviembre monto:medio
empanada de pollo,1612,alimentacion,True,synthetic,1,empanada de pollo monto:bajo
ingreso extra consultoría,1000000,ingreso_trabajo,False,synthetic,1,ingreso extra consultoría monto:alto
botella aguardiente para fiesta,55000,alimentacion,True,synthetic,1,botella aguardiente para fiesta monto:medio
salario ingeniero junior,3200000,ingreso_trabajo,False,synthetic,1,salario ingeniero junior monto:alto
clases de ingles enero,200000,tecnologia,False,synthetic,1,clases de ingles enero monto:alto
vpn estándar mensual,35000,tecnologia,True,synthetic,1,vpn estándar mensual monto:medio
cena lunes,23443,alimentacion,True,synthetic,1,cena lunes monto:bajo
taxi al el banco,10153,alimentacion,True,synthetic,1,taxi al el banco monto:bajo
tragos sábado,58442,alimentacion,True,synthetic,1,tragos sábado monto:medio
ancheta empresarial,316351,alimentacion,False,synthetic,1,ancheta empresarial monto:alto
tragos lunes,51538,alimentacion,True,synthetic,1,tragos lunes monto:medio
comision agosto,700000,ingreso_trabajo,False,synthetic,1,comision agosto monto:alto
parqueadero la tienda,9170,alimentacion,True,synthetic,1,parqueadero la tienda monto:bajo
cuota de la casa davivienda,1200000,servicios,False,synthetic,1,cuota de la casa davivienda monto:alto
coca cola 2 litros,7000,alimentacion,True,synthetic,1,coca cola 2 litros monto:bajo
youtube premium abril,18900,tecnologia,False,synthetic,1,youtube premium abril monto:bajo
toner impresora,195493,alimentacion,False,synthetic,1,toner impresora monto:alto
picada con los parces,113889,alimentacion,True,synthetic,1,picada con los parces monto:medio
chance martes,5151,alimentacion,True,synthetic,1,chance martes monto:bajo
recarga celular tigo,8202,alimentacion,True,synthetic,1,recarga celular tigo monto:bajo
recarga celular etb,19908,alimentacion,True,synthetic,1,recarga celular etb monto:bajo
google one 100gb,7900,tecnologia,True,synthetic,1,google one 100gb monto:bajo
suscripcion app agosto,25000,tecnologia,True,synthetic,1,suscripcion app agosto monto:bajo
pension universidad abril,1800000,servicios,False,synthetic,1,pension universidad abril monto:alto
pension universidad marzo,900000,servicios,False,synthetic,1,pension universidad marzo monto:alto
xbox game pass julio,29900,tecnologia,False,synthetic,1,xbox game pass julio monto:bajo
toallas higienicas nosotras,22000,alimentacion,True,synthetic,1,toallas higienicas nosotras monto:bajo
subsidio gobierno septiembre,400000,ingreso_trabajo,False,synthetic,1,subsidio gobierno septiembre monto:alto
beca estudio julio,500000,ingreso_trabajo,False,synthetic,1,beca estudio julio monto:alto
vestido de baño,105459,alimentacion,False,synthetic,1,vestido de baño monto:medio
lavado en lavanderí a,29899,alimentacion,False,synthetic,1,lavado en lavanderí a monto:bajo
picada con los parces,41469,alimentacion,True,synthetic,1,picada con los parces monto:medio
helado de mango,2518,alimentacion,True,synthetic,1,helado de mango monto:bajo
cafe en el puesto,12930,alimentacion,True,synthetic,1,cafe en el puesto monto:bajo
chatgpt plus octubre,65000,tecnologia,True,synthetic,1,chatgpt plus octubre monto:medio
seguro vida febrero,120000,servicios,False,synthetic,1,seguro vida febrero monto:medio
freelance asesoría,1500000,ingreso_trabajo,False,synthetic,1,freelance asesoría monto:alto
helado de coco,6469,alimentacion,True,synthetic,1,helado de coco monto:bajo
vestido de baño,95000,alimentacion,False,synthetic,1,vestido de baño monto:medio
cena semana,20176,alimentacion,True,synthetic,1,cena semana monto:bajo
pension colegio marzo,900000,servicios,False,synthetic,1,pension colegio marzo monto:alto
honorarios marketing enero,3000000,ingreso_trabajo,False,synthetic,1,honorarios marketing enero monto:alto
plataforma estudio enero,95000,tecnologia,False,synthetic,1,plataforma estudio enero monto:medio
nevera nueva,2078291,alimentacion,False,synthetic,1,nevera nueva monto:alto
seguro soat febrero,75000,servicios,False,synthetic,1,seguro soat febrero monto:medio
paquete de papas margarita,2500,alimentacion,True,synthetic,1,paquete de papas margarita monto:bajo
lengua en salsa,37820,alimentacion,False,synthetic,1,lengua en salsa monto:medio
seguro soat noviembre,65000,servicios,False,synthetic,1,seguro soat noviembre monto:medio
onces semana,8573,alimentacion,True,synthetic,1,onces semana monto:bajo
seguro vida enero,50000,servicios,False,synthetic,1,seguro vida enero monto:medio
dominio y hosting enero,50000,tecnologia,False,synthetic,1,dominio y hosting enero monto:medio
propina domicilio,4643,alimentacion,True,synthetic,1,propina domicilio monto:bajo
tenis adidas para la casa,311482,alimentacion,False,synthetic,1,tenis adidas para la casa monto:alto
recibo gas enero,81845,servicios,False,synthetic,1,recibo gas enero monto:medio
pago eps agosto,120000,servicios,False,synthetic,1,pago eps agosto monto:medio
honorarios diseño marzo,2000000,ingreso_trabajo,False,synthetic,1,honorarios diseño marzo monto:alto
suscripcion app octubre,9900,tecnologia,True,synthetic,1,suscripcion app octubre monto:bajo
taxi al la terminal,18557,alimentacion,True,synthetic,1,taxi al la terminal monto:bajo
smart tv samsung,1717190,alimentacion,False,synthetic,1,smart tv samsung monto:alto
pandebono lunes,3751,alimentacion,True,synthetic,1,pandebono lunes monto:bajo
sobrebarriga guisada,28000,alimentacion,False,synthetic,1,sobrebarriga guisada monto:bajo
jugo tampico,4000,alimentacion,True,synthetic,1,jugo tampico monto:bajo
salario conductor bus,1400000,ingreso_trabajo,False,synthetic,1,salario conductor bus monto:alto
propina domicilio,3950,alimentacion,True,synthetic,1,propina domicilio monto:bajo
azúcar morena,5000,alimentacion,True,synthetic,1,azúcar morena monto:bajo
mercado en d1 mensual,250000,alimentacion,False,synthetic,1,mercado en d1 mensual monto:alto
venta en mercado libre,250000,ingreso_trabajo,False,synthetic,1,venta en mercado libre monto:alto
gym crossfit febrero,100000,tecnologia,False,synthetic,1,gym crossfit febrero monto:medio
dulces tienda martes,4485,alimentacion,True,synthetic,1,dulces tienda martes monto:bajo
seguro vida septiembre,85000,servicios,False,synthetic,1,seguro vida septiembre monto:medio
nomina octubre,1600000,ingreso_trabajo,False,synthetic,1,nomina octubre monto:alto
shawarma en el centro,18000,alimentacion,True,synthetic,1,shawarma en el centro monto:bajo
audifonos jbl,237252,alimentacion,False,synthetic,1,audifonos jbl monto:alto
cena jueves,23361,alimentacion,True,synthetic,1,cena jueves monto:bajo
frutas en el mercado,40188,alimentacion,False,synthetic,1,frutas en el mercado monto:medio
internet wom marzo,49900,servicios,False,synthetic,1,internet wom marzo monto:medio
gaseosa de carne,4610,alimentacion,True,synthetic,1,gaseosa de carne monto:bajo
lonchera del niño viernes,15682,alimentacion,True,synthetic,1,lonchera del niño viernes monto:bajo
netflix mensual basico,17900,tecnologia,False,synthetic,1,netflix mensual basico monto:bajo
cigarrillo marlboro,7000,alimentacion,True,synthetic,1,cigarrillo marlboro monto:bajo
vpn familiar mensual,19900,tecnologia,True,synthetic,1,vpn familiar mensual monto:bajo
recibo de luz celsia,88000,servicios,False,synthetic,1,recibo de luz celsia monto:medio
aluminio reynolds,12000,alimentacion,True,synthetic,1,aluminio reynolds monto:bajo
gym smart fit enero,70000,tecnologia,False,synthetic,1,gym smart fit enero monto:medio
recibo acueducto diciembre,59218,servicios,False,synthetic,1,recibo acueducto diciembre monto:medio
nevera nueva para la casa,2010085,alimentacion,False,synthetic,1,nevera nueva para la casa monto:alto
indriver al el jumbo,13921,alimentacion,True,synthetic,1,indriver al el jumbo monto:bajo
proteina whey quincenal,160927,alimentacion,False,synthetic,1,proteina whey quincenal monto:alto
ingreso uber driver abril,1400000,ingreso_trabajo,False,synthetic,1,ingreso uber driver abril monto:alto
transferencia familia noviembre,300000,ingreso_trabajo,False,synthetic,1,transferencia familia noviembre monto:alto
chance domingo,3232,alimentacion,True,synthetic,1,chance domingo monto:bajo
indriver al el banco,17003,alimentacion,True,synthetic,1,indriver al el banco monto:bajo
mecato del medio día,5953,alimentacion,True,synthetic,1,mecato del medio día monto:bajo
cuota crédito banco de bogotá,400000,servicios,False,synthetic,1,cuota crédito banco de bogotá monto:alto
raspa y gana,4664,alimentacion,True,synthetic,1,raspa y gana monto:bajo
dulces tienda martes,1043,alimentacion,True,synthetic,1,dulces tienda martes monto:bajo
bono productividad noviembre,1000000,ingreso_trabajo,False,synthetic,1,bono productividad noviembre monto:alto
netflix plan premium,42900,tecnologia,False,synthetic,1,netflix plan premium monto:medio
pizza dominos,64042,alimentacion,False,synthetic,1,pizza dominos monto:medio
lengua en salsa,35000,alimentacion,False,synthetic,1,lengua en salsa monto:medio
empanada de verduras,3857,alimentacion,True,synthetic,1,empanada de verduras monto:bajo
cafe oma,8500,alimentacion,True,synthetic,1,cafe oma monto:bajo
parto clinica privada,3500000,servicios,False,synthetic,1,parto clinica privada monto:alto
frutas en el mercado quincenal,46154,alimentacion,False,synthetic,1,frutas en el mercado quincenal monto:medio
quincena agosto,600000,ingreso_trabajo,False,synthetic,1,quincena agosto monto:alto
prime video noviembre,14900,tecnologia,False,synthetic,1,prime video noviembre monto:bajo
venta ropa olx,120000,ingreso_trabajo,False,synthetic,1,venta ropa olx monto:medio
entrada parque nacional,35000,alimentacion,True,synthetic,1,entrada parque nacional monto:medio
arepa con hogao,5257,alimentacion,True,synthetic,1,arepa con hogao monto:bajo
sueldo part time marzo,800000,ingreso_trabajo,False,synthetic,1,sueldo part time marzo monto:alto
vpn premium mensual,19900,tecnologia,True,synthetic,1,vpn premium mensual monto:bajo
administración edificio noviembre,200000,servicios,False,synthetic,1,administración edificio noviembre monto:alto
recibo gas junio,60413,servicios,False,synthetic,1,recibo gas junio monto:medio
plataforma estudio marzo,65000,tecnologia,False,synthetic,1,plataforma estudio marzo monto:medio
cuota tarjeta scotiabank,200000,servicios,False,synthetic,1,cuota tarjeta scotiabank monto:alto
transferencia familia marzo,300000,ingreso_trabajo,False,synthetic,1,transferencia familia marzo monto:alto
domicilio ifood almuerzo,32184,alimentacion,True,synthetic,1,domicilio ifood almuerzo monto:medio
lavado en lavanderí a para el trabajo,37595,alimentacion,False,synthetic,1,lavado en lavanderí a para el trabajo monto:medio
pension universidad abril,900000,servicios,False,synthetic,1,pension universidad abril monto:alto
tratamiento brackets,180000,servicios,False,synthetic,1,tratamiento brackets monto:alto
secador de pelo,105095,alimentacion,False,synthetic,1,secador de pelo monto:medio
materiales universidad para el trabajo,143075,alimentacion,False,synthetic,1,materiales universidad para el trabajo monto:medio
pandebono domingo,3647,alimentacion,True,synthetic,1,pandebono domingo monto:bajo
arriendo diciembre,1200000,servicios,False,synthetic,1,arriendo diciembre monto:alto
icloud 50gb,3900,tecnologia,True,synthetic,1,icloud 50gb monto:bajo
recarga celular etb,9580,alimentacion,True,synthetic,1,recarga celular etb monto:bajo
catering empresa,800000,alimentacion,False,synthetic,1,catering empresa monto:alto
recarga celular wom,26951,alimentacion,True,synthetic,1,recarga celular wom monto:bajo
cuota crédito banco de bogotá,200000,servicios,False,synthetic,1,cuota crédito banco de bogotá monto:alto
cuota hipoteca nequi,900000,servicios,False,synthetic,1,cuota hipoteca nequi monto:alto
cerveza pilsen,6500,alimentacion,True,synthetic,1,cerveza pilsen monto:bajo
tragos jueves,32981,alimentacion,True,synthetic,1,tragos jueves monto:medio
plancha de pelo del mes,132279,alimentacion,False,synthetic,1,plancha de pelo del mes monto:medio
buñuelo de las 8,2258,alimentacion,True,synthetic,1,buñuelo de las 8 monto:bajo
seguro soat noviembre,45000,servicios,False,synthetic,1,seguro soat noviembre monto:medio
parqueadero oma,8811,alimentacion,True,synthetic,1,parqueadero oma monto:bajo
papas salchipapa lunes,8230,alimentacion,True,synthetic,1,papas salchipapa lunes monto:bajo
rappi prime febrero,17900,tecnologia,True,synthetic,1,rappi prime febrero monto:bajo
gym spinning club abril,70000,tecnologia,False,synthetic,1,gym spinning club abril monto:medio
venta mercado libre enero,500000,ingreso_trabajo,False,synthetic,1,venta mercado libre enero monto:alto
metro de las noche,3364,alimentacion,True,synthetic,1,metro de las noche monto:bajo
mecato de la tarde,5367,alimentacion,True,synthetic,1,mecato de la tarde monto:bajo
devolución iva noviembre,100000,ingreso_trabajo,False,synthetic,1,devolución iva noviembre monto:medio
buñuelo de las 8,1137,alimentacion,True,synthetic,1,buñuelo de las 8 monto:bajo
cuota tarjeta scotiabank,250000,servicios,False,synthetic,1,cuota tarjeta scotiabank monto:alto
remesas exterior noviembre,500000,ingreso_trabajo,False,synthetic,1,remesas exterior noviembre monto:alto
adobe agosto,120000,tecnologia,False,synthetic,1,adobe agosto monto:medio
remesas exterior mayo,1500000,ingreso_trabajo,False,synthetic,1,remesas exterior mayo monto:alto
olla a presión,250000,alimentacion,False,synthetic,1,olla a presión monto:alto
recibo acueducto febrero,51020,servicios,False,synthetic,1,recibo acueducto febrero monto:medio
domicilio glovo hamburguesa,24869,alimentacion,True,synthetic,1,domicilio glovo hamburguesa monto:bajo
medicamentos droguería,45000,servicios,False,synthetic,1,medicamentos droguería monto:medio
lonchera del niño miércoles,12097,alimentacion,True,synthetic,1,lonchera del niño miércoles monto:bajo
dominio y hosting septiembre,50000,tecnologia,False,synthetic,1,dominio y hosting septiembre monto:medio
buseta a el aeropuerto,2259,alimentacion,True,synthetic,1,buseta a el aeropuerto monto:bajo
devolución iva mayo,150000,ingreso_trabajo,False,synthetic,1,devolución iva mayo monto:alto
mecato del medio día,2316,alimentacion,True,synthetic,1,mecato del medio día monto:bajo
desayuno jueves,15883,alimentacion,True,synthetic,1,desayuno jueves monto:bajo
lonchera del niño lunes,13954,alimentacion,True,synthetic,1,lonchera del niño lunes monto:bajo
bono productividad enero,500000,ingreso_trabajo,False,synthetic,1,bono productividad enero monto:alto
quincena enero,1500000,ingreso_trabajo,False,synthetic,1,quincena enero monto:alto
plataforma estudio diciembre,45000,tecnologia,False,synthetic,1,plataforma estudio diciembre monto:medio
leche en caja del mes,8292,alimentacion,False,synthetic,1,leche en caja del mes monto:bajo
honorarios edición febrero,1500000,ingreso_trabajo,False,synthetic,1,honorarios edición febrero monto:alto
taxi al el parque,11802,alimentacion,True,synthetic,1,taxi al el parque monto:bajo
daviplata transferencia,169528,alimentacion,False,synthetic,1,daviplata transferencia monto:alto
recibo acueducto agosto,54169,servicios,False,synthetic,1,recibo acueducto agosto monto:medio
lotería martes,4969,alimentacion,True,synthetic,1,lotería martes monto:bajo
recibo acueducto octubre,56595,servicios,False,synthetic,1,recibo acueducto octubre monto:medio
remesas exterior junio,500000,ingreso_trabajo,False,synthetic,1,remesas exterior junio monto:alto
pension colegio octubre,250000,servicios,False,synthetic,1,pension colegio octubre monto:alto
recibo gas septiembre,113862,servicios,False,synthetic,1,recibo gas septiembre monto:medio
cafe en starbucks,5047,alimentacion,True,synthetic,1,cafe en starbucks monto:bajo
cuota tarjeta itaú,400000,servicios,False,synthetic,1,cuota tarjeta itaú monto:alto
tinto la tarde,1523,alimentacion,True,synthetic,1,tinto la tarde monto:bajo
materiales universidad,120000,alimentacion,False,synthetic,1,materiales universidad monto:medio
ingreso uber driver mayo,800000,ingreso_trabajo,False,synthetic,1,ingreso uber driver mayo monto:alto
raspa y gana,9198,alimentacion,True,synthetic,1,raspa y gana monto:bajo
spotify estándar febrero,26900,tecnologia,True,synthetic,1,spotify estándar febrero monto:bajo
onces domingo,6848,alimentacion,True,synthetic,1,onces domingo monto:bajo
regalo san valentín para la casa,123377,alimentacion,False,synthetic,1,regalo san valentín para la casa monto:medio
vpn duo mensual,25000,tecnologia,True,synthetic,1,vpn duo mensual monto:bajo
arepa de maiz,3000,alimentacion,True,synthetic,1,arepa de maiz monto:bajo
freelance asesoría,800000,ingreso_trabajo,False,synthetic,1,freelance asesoría monto:alto
remesas exterior mayo,800000,ingreso_trabajo,False,synthetic,1,remesas exterior mayo monto:alto
nomina quincenal febrero,1300000,ingreso_trabajo,False,synthetic,1,nomina quincenal febrero monto:alto
metro de las antes de almuerzo,3229,alimentacion,True,synthetic,1,metro de las antes de almuerzo monto:bajo
nomina abril,3500000,ingreso_trabajo,False,synthetic,1,nomina abril monto:alto
desayuno martes,11683,alimentacion,True,synthetic,1,desayuno martes monto:bajo
ingreso extra traducciones,200000,ingreso_trabajo,False,synthetic,1,ingreso extra traducciones monto:alto
hotel en cartagena noche quincenal,288250,alimentacion,False,synthetic,1,hotel en cartagena noche quincenal monto:alto
plan celular wom,29900,servicios,False,synthetic,1,plan celular wom monto:bajo
mercado a los papás,149919,alimentacion,False,synthetic,1,mercado a los papás monto:medio
linkedin premium,120000,tecnologia,False,synthetic,1,linkedin premium monto:medio
taxi al la farmacia,24247,alimentacion,True,synthetic,1,taxi al la farmacia monto:bajo
tinto de mediodía,1042,alimentacion,True,synthetic,1,tinto de mediodía monto:bajo
papas salchipapa semana,8359,alimentacion,True,synthetic,1,papas salchipapa semana monto:bajo
subsidio gobierno enero,300000,ingreso_trabajo,False,synthetic,1,subsidio gobierno enero monto:alto
seguro vida mayo,85000,servicios,False,synthetic,1,seguro vida mayo monto:medio
devolución iva octubre,300000,ingreso_trabajo,False,synthetic,1,devolución iva octubre monto:alto
cerveza pilsen con parce,6850,alimentacion,True,synthetic,1,cerveza pilsen con parce monto:bajo
rappi prime abril,17900,tecnologia,True,synthetic,1,rappi prime abril monto:bajo
seguro vida abril,85000,servicios,False,synthetic,1,seguro vida abril monto:medio
prime video marzo,17900,tecnologia,False,synthetic,1,prime video marzo monto:bajo
nomina quincenal enero,1300000,ingreso_trabajo,False,synthetic,1,nomina quincenal enero monto:alto
ingreso uber driver junio,800000,ingreso_trabajo,False,synthetic,1,ingreso uber driver junio monto:alto
regalo navidad familia del mes,231989,alimentacion,False,synthetic,1,regalo navidad familia del mes monto:alto
mercado en carulla,306860,alimentacion,False,synthetic,1,mercado en carulla monto:alto
arriendos recibidos mayo,500000,ingreso_trabajo,False,synthetic,1,arriendos recibidos mayo monto:alto
pension colegio octubre,350000,servicios,False,synthetic,1,pension colegio octubre monto:alto
hbo max septiembre,35900,tecnologia,False,synthetic,1,hbo max septiembre monto:medio
recibo luz diciembre,93031,servicios,False,synthetic,1,recibo luz diciembre monto:medio
xbox game pass abril,19900,tecnologia,False,synthetic,1,xbox game pass abril monto:bajo
gym body tech enero,89900,tecnologia,False,synthetic,1,gym body tech enero monto:medio
recibo acueducto abril,68785,servicios,False,synthetic,1,recibo acueducto abril monto:medio
recibo gas natural fenosa,78000,servicios,False,synthetic,1,recibo gas natural fenosa monto:medio
recarga celular wom,24879,alimentacion,True,synthetic,1,recarga celular wom monto:bajo
libro fisico libreria,44331,alimentacion,False,synthetic,1,libro fisico libreria monto:medio
ingreso uber driver marzo,800000,ingreso_trabajo,False,synthetic,1,ingreso uber driver marzo monto:alto
gaseosa de pipián,3102,alimentacion,True,synthetic,1,gaseosa de pipián monto:bajo
buñuelo noche,1222,alimentacion,True,synthetic,1,buñuelo noche monto:bajo
papas salchipapa viernes,6808,alimentacion,True,synthetic,1,papas salchipapa viernes monto:bajo
ingreso extra marketing,700000,ingreso_trabajo,False,synthetic,1,ingreso extra marketing monto:alto
transmilenio bogota,3400,alimentacion,True,synthetic,1,transmilenio bogota monto:bajo
administracion edificio,150000,servicios,False,synthetic,1,administracion edificio monto:alto
taxi al la terminal,22483,alimentacion,True,synthetic,1,taxi al la terminal monto:bajo
cafe en starbucks,9183,alimentacion,True,synthetic,1,cafe en starbucks monto:bajo
cuota del crédito davivienda,450000,servicios,False,synthetic,1,cuota del crédito davivienda monto:alto
tomate semanal de hoy,12358,alimentacion,False,synthetic,1,tomate semanal de hoy monto:bajo
pandebono viernes,4478,alimentacion,True,synthetic,1,pandebono viernes monto:bajo
morral para el colegio,138906,alimentacion,False,synthetic,1,morral para el colegio monto:medio
mecato de las 8,3967,alimentacion,True,synthetic,1,mecato de las 8 monto:bajo
mercado semanal exito,183779,alimentacion,False,synthetic,1,mercado semanal exito monto:alto
electricista reparación,150000,servicios,False,synthetic,1,electricista reparación monto:alto
uber desde el gym,21599,alimentacion,True,synthetic,1,uber desde el gym monto:bajo
viaje a cartagena,927302,alimentacion,False,synthetic,1,viaje a cartagena monto:alto
recibo luz junio,174300,servicios,False,synthetic,1,recibo luz junio monto:alto
mercado en jumbo,291019,alimentacion,False,synthetic,1,mercado en jumbo monto:alto
cuota tarjeta itaú,500000,servicios,False,synthetic,1,cuota tarjeta itaú monto:alto
lonchera del niño jueves,9055,alimentacion,True,synthetic,1,lonchera del niño jueves monto:bajo
tiquete aéreo bogotá-medellín,324245,alimentacion,False,synthetic,1,tiquete aéreo bogotá-medellín monto:alto
pasaje bus intermunicipal,61597,alimentacion,False,synthetic,1,pasaje bus intermunicipal monto:medio
mercado en carulla,297797,alimentacion,False,synthetic,1,mercado en carulla monto:alto
mesada universitaria junio,800000,ingreso_trabajo,False,synthetic,1,mesada universitaria junio monto:alto
disney plus julio,17900,tecnologia,False,synthetic,1,disney plus julio monto:bajo
mesada universitaria marzo,800000,ingreso_trabajo,False,synthetic,1,mesada universitaria marzo monto:alto
subsidio gobierno noviembre,100000,ingreso_trabajo,False,synthetic,1,subsidio gobierno noviembre monto:medio
escoba y trapero,41536,alimentacion,False,synthetic,1,escoba y trapero monto:medio
cochinillo regional semanal,488624,alimentacion,False,synthetic,1,cochinillo regional semanal monto:alto
recibo luz junio,168283,servicios,False,synthetic,1,recibo luz junio monto:alto
toallas baño del mes,48260,alimentacion,False,synthetic,1,toallas baño del mes monto:medio
salsa de tomate,8000,alimentacion,True,synthetic,1,salsa de tomate monto:bajo
cafe en el quiosco,1200,alimentacion,True,synthetic,1,cafe en el quiosco monto:bajo
gym body tech mensual,110000,tecnologia,False,synthetic,1,gym body tech mensual monto:medio
gaseosa postobón,2500,alimentacion,True,synthetic,1,gaseosa postobón monto:bajo
libro fisico libreria de hoy,53950,alimentacion,False,synthetic,1,libro fisico libreria de hoy monto:medio
tragos martes,80768,alimentacion,True,synthetic,1,tragos martes monto:medio
transferencia bancolombia,453584,alimentacion,False,synthetic,1,transferencia bancolombia monto:alto
devolución iva septiembre,200000,ingreso_trabajo,False,synthetic,1,devolución iva septiembre monto:alto
cuota tarjeta daviplata,500000,servicios,False,synthetic,1,cuota tarjeta daviplata monto:alto
almuerzo jueves,18861,alimentacion,True,synthetic,1,almuerzo jueves monto:bajo
arepa con mantequilla,7584,alimentacion,True,synthetic,1,arepa con mantequilla monto:bajo
honorarios traducciones diciembre,500000,ingreso_trabajo,False,synthetic,1,honorarios traducciones diciembre monto:alto
materiales universidad,143005,alimentacion,False,synthetic,1,materiales universidad monto:medio
picada con los parces,53938,alimentacion,True,synthetic,1,picada con los parces monto:medio
bus intermunicipal al pueblo,25000,alimentacion,True,synthetic,1,bus intermunicipal al pueblo monto:bajo
tragos sábado,53910,alimentacion,True,synthetic,1,tragos sábado monto:medio
base maybelline,85000,alimentacion,True,synthetic,1,base maybelline monto:medio
pension colegio septiembre,450000,servicios,False,synthetic,1,pension colegio septiembre monto:alto
sarten,85000,alimentacion,False,synthetic,1,sarten monto:medio
asado dominguero,250000,alimentacion,False,synthetic,1,asado dominguero monto:alto
playstation plus,29900,tecnologia,False,synthetic,1,playstation plus monto:bajo
pólvora silvestre,35000,alimentacion,True,synthetic,1,pólvora silvestre monto:medio
venta bicicleta,150000,ingreso_trabajo,False,synthetic,1,venta bicicleta monto:alto
gaseosa de espinaca,4900,alimentacion,True,synthetic,1,gaseosa de espinaca monto:bajo
ingreso uber driver octubre,800000,ingreso_trabajo,False,synthetic,1,ingreso uber driver octubre monto:alto
desayuno miércoles,18809,alimentacion,True,synthetic,1,desayuno miércoles monto:bajo
suscripcion app abril,25000,tecnologia,True,synthetic,1,suscripcion app abril monto:bajo
seguro vida mayo,85000,servicios,False,synthetic,1,seguro vida mayo monto:medio
spotify familia marzo,22900,tecnologia,True,synthetic,1,spotify familia marzo monto:bajo
aporte pensión enero,200000,servicios,False,synthetic,1,aporte pensión enero monto:alto
cebolla y ajo semanal,12000,alimentacion,False,synthetic,1,cebolla y ajo semanal monto:bajo
beca estudio abril,400000,ingreso_trabajo,False,synthetic,1,beca estudio abril monto:alto
honorarios traducciones abril,1500000,ingreso_trabajo,False,synthetic,1,honorarios traducciones abril monto:alto
cerveza redd's con parce,11682,alimentacion,True,synthetic,1,cerveza redd's con parce monto:bajo
honorarios desarrollo web noviembre,800000,ingreso_trabajo,False,synthetic,1,honorarios desarrollo web noviembre monto:alto
plataforma estudio octubre,65000,tecnologia,False,synthetic,1,plataforma estudio octubre monto:medio
ingreso uber driver octubre,1000000,ingreso_trabajo,False,synthetic,1,ingreso uber driver octubre monto:alto
cuota hipoteca nequi,800000,servicios,False,synthetic,1,cuota hipoteca nequi monto:alto
trucha en restaurante,45000,alimentacion,False,synthetic,1,trucha en restaurante monto:medio
chance lunes,7348,alimentacion,True,synthetic,1,chance lunes monto:bajo
uber desde la universidad,24888,alimentacion,True,synthetic,1,uber desde la universidad monto:bajo
xbox game pass mayo,29900,tecnologia,False,synthetic,1,xbox game pass mayo monto:bajo
netflix premium septiembre,42900,tecnologia,False,synthetic,1,netflix premium septiembre monto:medio
adobe septiembre,89000,tecnologia,False,synthetic,1,adobe septiembre monto:medio
arepa con chocolate,7955,alimentacion,True,synthetic,1,arepa con chocolate monto:bajo
youtube premium octubre,18900,tecnologia,False,synthetic,1,youtube premium octubre monto:bajo
cena martes,27639,alimentacion,True,synthetic,1,cena martes monto:bajo
buñuelo de mediodía,2907,alimentacion,True,synthetic,1,buñuelo de mediodía monto:bajo
globos y decoración,48624,alimentacion,False,synthetic,1,globos y decoración monto:medio
seguro soat octubre,75000,servicios,False,synthetic,1,seguro soat octubre monto:medio
disney plus diciembre,21900,tecnologia,False,synthetic,1,disney plus diciembre monto:bajo
sudadera para el gym de hoy,120561,alimentacion,False,synthetic,1,sudadera para el gym de hoy monto:medio
arriendo octubre,950000,servicios,False,synthetic,1,arriendo octubre monto:alto
recibo luz octubre,162313,servicios,False,synthetic,1,recibo luz octubre monto:alto
plan celular tigo,29900,servicios,False,synthetic,1,plan celular tigo monto:bajo
pension universidad diciembre,1800000,servicios,False,synthetic,1,pension universidad diciembre monto:alto
mesada universitaria agosto,600000,ingreso_trabajo,False,synthetic,1,mesada universitaria agosto monto:alto
cerveza águila con parce,8884,alimentacion,True,synthetic,1,cerveza águila con parce monto:bajo
descanso parque del café de hoy,269122,alimentacion,False,synthetic,1,descanso parque del café de hoy monto:alto
verduras en la plaza mensual,80000,alimentacion,False,synthetic,1,verduras en la plaza mensual monto:medio
canva pro diciembre,65000,tecnologia,True,synthetic,1,canva pro diciembre monto:medio
smart tv samsung,1611470,alimentacion,False,synthetic,1,smart tv samsung monto:alto
adobe diciembre,120000,tecnologia,False,synthetic,1,adobe diciembre monto:medio
tenis adidas,364492,alimentacion,False,synthetic,1,tenis adidas monto:alto
venta ropa usada,150000,ingreso_trabajo,False,synthetic,1,venta ropa usada monto:alto
freelance traducciones,800000,ingreso_trabajo,False,synthetic,1,freelance traducciones monto:alto
recibo acueducto junio,71176,servicios,False,synthetic,1,recibo acueducto junio monto:medio
seguro soat carro,550000,servicios,False,synthetic,1,seguro soat carro monto:alto
indriver al el aeropuerto,15462,alimentacion,True,synthetic,1,indriver al el aeropuerto monto:bajo
subsidio gobierno febrero,400000,ingreso_trabajo,False,synthetic,1,subsidio gobierno febrero monto:alto
lavado en lavanderí a,38127,alimentacion,False,synthetic,1,lavado en lavanderí a monto:medio
lavadora de ropa,1863532,alimentacion,False,synthetic,1,lavadora de ropa monto:alto
arepa con huevo,4307,alimentacion,True,synthetic,1,arepa con huevo monto:bajo
medicina epend,25000,servicios,False,synthetic,1,medicina epend monto:bajo
buñuelo del medio día,2420,alimentacion,True,synthetic,1,buñuelo del medio día monto:bajo
tarjeta regalo falabella,83653,alimentacion,False,synthetic,1,tarjeta regalo falabella monto:medio
recibo luz diciembre,178769,servicios,False,synthetic,1,recibo luz diciembre monto:alto
adobe diciembre,139000,tecnologia,False,synthetic,1,adobe diciembre monto:medio
devolución iva julio,100000,ingreso_trabajo,False,synthetic,1,devolución iva julio monto:medio
toallas baño para el trabajo,65181,alimentacion,False,synthetic,1,toallas baño para el trabajo monto:medio
transferencia bancolombia para el trabajo,533595,alimentacion,False,synthetic,1,transferencia bancolombia para el trabajo monto:alto
chatgpt plus julio,65000,tecnologia,True,synthetic,1,chatgpt plus julio monto:medio
ingreso uber driver abril,1400000,ingreso_trabajo,False,synthetic,1,ingreso uber driver abril monto:alto
recibo gas agosto,92538,servicios,False,synthetic,1,recibo gas agosto monto:medio
nomina marzo,2500000,ingreso_trabajo,False,synthetic,1,nomina marzo monto:alto
globos y decoracion,38632,alimentacion,False,synthetic,1,globos y decoracion monto:medio
pension colegio abril,600000,servicios,False,synthetic,1,pension colegio abril monto:alto
venta moto,100000,ingreso_trabajo,False,synthetic,1,venta moto monto:medio
gaseosa de pipián,2297,alimentacion,True,synthetic,1,gaseosa de pipián monto:bajo
cuota tarjeta daviplata,200000,servicios,False,synthetic,1,cuota tarjeta daviplata monto:alto
cerveza corona con parce,9918,alimentacion,True,synthetic,1,cerveza corona con parce monto:bajo
consulta médico,80000,servicios,False,synthetic,1,consulta médico monto:medio
cafe en oma,12621,alimentacion,True,synthetic,1,cafe en oma monto:bajo
ebook kindle,25000,alimentacion,True,synthetic,1,ebook kindle monto:bajo
venta ropa usada,150000,ingreso_trabajo,False,synthetic,1,venta ropa usada monto:alto
playstation plus agosto,29900,tecnologia,False,synthetic,1,playstation plus agosto monto:bajo
sprite 2 litros,7000,alimentacion,True,synthetic,1,sprite 2 litros monto:bajo
lavado en lavanderí a,35000,alimentacion,False,synthetic,1,lavado en lavanderí a monto:medio
viaje a cartagena,981099,alimentacion,False,synthetic,1,viaje a cartagena monto:alto
icloud 50gb febrero,3900,tecnologia,True,synthetic,1,icloud 50gb febrero monto:bajo
transferencia familia noviembre,300000,ingreso_trabajo,False,synthetic,1,transferencia familia noviembre monto:alto
cepillo de dientes,8000,alimentacion,True,synthetic,1,cepillo de dientes monto:bajo
arroz con pollo en el restaurante,20000,alimentacion,True,synthetic,1,arroz con pollo en el restaurante monto:bajo
bono productividad mayo,200000,ingreso_trabajo,False,synthetic,1,bono productividad mayo monto:alto
remesas exterior diciembre,500000,ingreso_trabajo,False,synthetic,1,remesas exterior diciembre monto:alto
bono productividad octubre,350000,ingreso_trabajo,False,synthetic,1,bono productividad octubre monto:alto
domicilio ifood sushi,25394,alimentacion,True,synthetic,1,domicilio ifood sushi monto:bajo
indriver al el gym,16210,alimentacion,True,synthetic,1,indriver al el gym monto:bajo
honorarios consultoría marzo,3000000,ingreso_trabajo,False,synthetic,1,honorarios consultoría marzo monto:alto
leche semidescremada alpina,4500,alimentacion,True,synthetic,1,leche semidescremada alpina monto:bajo
tintico con el vecino,1800,alimentacion,True,synthetic,1,tintico con el vecino monto:bajo
sabanas,104544,alimentacion,False,synthetic,1,sabanas monto:medio
desayuno juan valdez,22000,alimentacion,True,synthetic,1,desayuno juan valdez monto:bajo
papas salchipapa martes,5517,alimentacion,True,synthetic,1,papas salchipapa martes monto:bajo
dulces tienda semana,2879,alimentacion,True,synthetic,1,dulces tienda semana monto:bajo
paseo familiar del mes,508182,alimentacion,False,synthetic,1,paseo familiar del mes monto:alto
plan celular wom,39900,servicios,False,synthetic,1,plan celular wom monto:medio
trucha en restaurante,52060,alimentacion,False,synthetic,1,trucha en restaurante monto:medio
mecato de las 8,3163,alimentacion,True,synthetic,1,mecato de las 8 monto:bajo
cuota hipoteca daviplata,600000,servicios,False,synthetic,1,cuota hipoteca daviplata monto:alto
recarga celular tigo,16819,alimentacion,True,synthetic,1,recarga celular tigo monto:bajo
cuota hipoteca banco de bogotá,1800000,servicios,False,synthetic,1,cuota hipoteca banco de bogotá monto:alto
papa al por mayor quincenal,22637,alimentacion,False,synthetic,1,papa al por mayor quincenal monto:bajo
recibo acueducto marzo,88812,servicios,False,synthetic,1,recibo acueducto marzo monto:medio
lonchera del colegio,15000,alimentacion,True,synthetic,1,lonchera del colegio monto:bajo
vpn duo mensual,19900,tecnologia,True,synthetic,1,vpn duo mensual monto:bajo
recibo luz marzo,125300,servicios,False,synthetic,1,recibo luz marzo monto:medio
quincena febrero,2000000,ingreso_trabajo,False,synthetic,1,quincena febrero monto:alto
venta muebles,50000,ingreso_trabajo,False,synthetic,1,venta muebles monto:medio
mercado en jumbo de hoy,262185,alimentacion,False,synthetic,1,mercado en jumbo de hoy monto:alto
lonchera del niño domingo,11153,alimentacion,True,synthetic,1,lonchera del niño domingo monto:bajo
parqueadero starbucks,11013,alimentacion,True,synthetic,1,parqueadero starbucks monto:bajo
vpn familiar mensual,25000,tecnologia,True,synthetic,1,vpn familiar mensual monto:bajo
recibo gas febrero,104225,servicios,False,synthetic,1,recibo gas febrero monto:medio
venta mercado libre julio,100000,ingreso_trabajo,False,synthetic,1,venta mercado libre julio monto:medio
jabon dove,12000,alimentacion,True,synthetic,1,jabon dove monto:bajo
papas salchipapa domingo,7048,alimentacion,True,synthetic,1,papas salchipapa domingo monto:bajo
audifonos jbl,314747,alimentacion,False,synthetic,1,audifonos jbl monto:alto
tarjeta regalo falabella,100000,alimentacion,False,synthetic,1,tarjeta regalo falabella monto:medio
subsidio gobierno enero,400000,ingreso_trabajo,False,synthetic,1,subsidio gobierno enero monto:alto
tenis nike,380000,alimentacion,False,synthetic,1,tenis nike monto:alto
spotify estándar agosto,22900,tecnologia,True,synthetic,1,spotify estándar agosto monto:bajo
seguro vida septiembre,85000,servicios,False,synthetic,1,seguro vida septiembre monto:medio
quincena noviembre,700000,ingreso_trabajo,False,synthetic,1,quincena noviembre monto:alto
rasuradora gillette,35000,alimentacion,True,synthetic,1,rasuradora gillette monto:medio
cuota crédito daviplata,300000,servicios,False,synthetic,1,cuota crédito daviplata monto:alto
cafe en la panadería,13488,alimentacion,True,synthetic,1,cafe en la panadería monto:bajo
pandebono martes,4457,alimentacion,True,synthetic,1,pandebono martes monto:bajo
ropa en el éxito,128510,alimentacion,False,synthetic,1,ropa en el éxito monto:medio
duolingo plus,32900,tecnologia,True,synthetic,1,duolingo plus monto:medio
paseo de olla,149630,alimentacion,False,synthetic,1,paseo de olla monto:medio
pandebono viernes,3357,alimentacion,True,synthetic,1,pandebono viernes monto:bajo
arepa con chicharrón,6580,alimentacion,True,synthetic,1,arepa con chicharrón monto:bajo
subway pie,28000,alimentacion,True,synthetic,1,subway pie monto:bajo
pasaje bus bogota medellin quincenal,101309,alimentacion,False,synthetic,1,pasaje bus bogota medellin quincenal monto:medio
arroz en bulto,79850,alimentacion,False,synthetic,1,arroz en bulto monto:medio
chatgpt plus julio,75000,tecnologia,True,synthetic,1,chatgpt plus julio monto:medio
tarjeta regalo falabella,91199,alimentacion,False,synthetic,1,tarjeta regalo falabella monto:medio
bono productividad marzo,500000,ingreso_trabajo,False,synthetic,1,bono productividad marzo monto:alto
beca estudio febrero,500000,ingreso_trabajo,False,synthetic,1,beca estudio febrero monto:alto
disney plus marzo,17900,tecnologia,False,synthetic,1,disney plus marzo monto:bajo
vacuna mascota para la casa,101463,alimentacion,False,synthetic,1,vacuna mascota para la casa monto:medio
hbo max octubre,35900,tecnologia,False,synthetic,1,hbo max octubre monto:medio
mecato de las 8,5653,alimentacion,True,synthetic,1,mecato de las 8 monto:bajo
arriendo junio,1100000,servicios,False,synthetic,1,arriendo junio monto:alto
venta muebles,50000,ingreso_trabajo,False,synthetic,1,venta muebles monto:medio
playstation plus octubre,29900,tecnologia,False,synthetic,1,playstation plus octubre monto:bajo
asado con amigos,262823,alimentacion,False,synthetic,1,asado con amigos monto:alto
parqueadero la tienda,14569,alimentacion,True,synthetic,1,parqueadero la tienda monto:bajo
sobrebarriga guisada,31948,alimentacion,False,synthetic,1,sobrebarriga guisada monto:medio
gaseosa de verduras,4696,alimentacion,True,synthetic,1,gaseosa de verduras monto:bajo
desodorante rexona,20000,alimentacion,True,synthetic,1,desodorante rexona monto:bajo
canva pro enero,49900,tecnologia,True,synthetic,1,canva pro enero monto:medio
nomina noviembre,2500000,ingreso_trabajo,False,synthetic,1,nomina noviembre monto:alto
app premium movil,25000,tecnologia,True,synthetic,1,app premium movil monto:bajo
remesas exterior octubre,500000,ingreso_trabajo,False,synthetic,1,remesas exterior octubre monto:alto
cuota hipoteca bbva,800000,servicios,False,synthetic,1,cuota hipoteca bbva monto:alto
icloud 2000gb mayo,35900,tecnologia,True,synthetic,1,icloud 2000gb mayo monto:medio
subsidio gobierno junio,200000,ingreso_trabajo,False,synthetic,1,subsidio gobierno junio monto:alto
lonchera del niño miércoles,12398,alimentacion,True,synthetic,1,lonchera del niño miércoles monto:bajo
recibo luz noviembre,141500,servicios,False,synthetic,1,recibo luz noviembre monto:medio
taxi al el gym,24507,alimentacion,True,synthetic,1,taxi al el gym monto:bajo
dulces tienda miércoles,2903,alimentacion,True,synthetic,1,dulces tienda miércoles monto:bajo
vpn estudiante mensual,25000,tecnologia,True,synthetic,1,vpn estudiante mensual monto:bajo
nequi recarga,87120,alimentacion,False,synthetic,1,nequi recarga monto:medio
jugo natural del mercado,2500,alimentacion,True,synthetic,1,jugo natural del mercado monto:bajo
dulces tienda viernes,3881,alimentacion,True,synthetic,1,dulces tienda viernes monto:bajo
ventas instagram shop,380000,ingreso_trabajo,False,synthetic,1,ventas instagram shop monto:alto
gaseosa de pipián,3788,alimentacion,True,synthetic,1,gaseosa de pipián monto:bajo
hotel san andres,2166384,alimentacion,False,synthetic,1,hotel san andres monto:alto
chatgpt plus marzo,65000,tecnologia,True,synthetic,1,chatgpt plus marzo monto:medio
asado con amigos,230499,alimentacion,False,synthetic,1,asado con amigos monto:alto
buseta a la universidad,2670,alimentacion,True,synthetic,1,buseta a la universidad monto:bajo
prima de navidad,1300000,ingreso_trabajo,False,synthetic,1,prima de navidad monto:alto
transferencia familia julio,100000,ingreso_trabajo,False,synthetic,1,transferencia familia julio monto:medio
mondongo en restaurante,22000,alimentacion,True,synthetic,1,mondongo en restaurante monto:bajo
disney plus mayo,21900,tecnologia,False,synthetic,1,disney plus mayo monto:bajo
zapatos en mario hernandez,380000,alimentacion,False,synthetic,1,zapatos en mario hernandez monto:alto
almuerzo sábado,19960,alimentacion,True,synthetic,1,almuerzo sábado monto:bajo
paseo familiar,525881,alimentacion,False,synthetic,1,paseo familiar monto:alto
spotify familiar febrero,26900,tecnologia,True,synthetic,1,spotify familiar febrero monto:bajo
clases de ingles junio,200000,tecnologia,False,synthetic,1,clases de ingles junio monto:alto
gaseosa de pollo,4739,alimentacion,True,synthetic,1,gaseosa de pollo monto:bajo
vestido de baño,113188,alimentacion,False,synthetic,1,vestido de baño monto:medio
platzi mensual,45000,tecnologia,False,synthetic,1,platzi mensual monto:medio
spotify familiar abril,13900,tecnologia,True,synthetic,1,spotify familiar abril monto:bajo
mercado en el exito mensual,594109,alimentacion,False,synthetic,1,mercado en el exito mensual monto:alto
papas salchipapa sábado,6901,alimentacion,True,synthetic,1,papas salchipapa sábado monto:bajo
lonchera del niño sábado,13825,alimentacion,True,synthetic,1,lonchera del niño sábado monto:bajo
seguro vida diciembre,120000,servicios,False,synthetic,1,seguro vida diciembre monto:medio
ingreso uber driver diciembre,1800000,ingreso_trabajo,False,synthetic,1,ingreso uber driver diciembre monto:alto
regalo de grado,357161,alimentacion,False,synthetic,1,regalo de grado monto:alto
ingreso ventas instagram,400000,ingreso_trabajo,False,synthetic,1,ingreso ventas instagram monto:alto
resma papel semanal,33836,alimentacion,False,synthetic,1,resma papel semanal monto:medio
metro de las antes de almuerzo,3515,alimentacion,True,synthetic,1,metro de las antes de almuerzo monto:bajo
gaseosa de pipián,4140,alimentacion,True,synthetic,1,gaseosa de pipián monto:bajo
chance viernes,5403,alimentacion,True,synthetic,1,chance viernes monto:bajo
ingreso uber driver enero,1800000,ingreso_trabajo,False,synthetic,1,ingreso uber driver enero monto:alto
rappi prime agosto,17900,tecnologia,True,synthetic,1,rappi prime agosto monto:bajo
chatgpt plus septiembre,75000,tecnologia,True,synthetic,1,chatgpt plus septiembre monto:medio
ingreso extra fotografía,300000,ingreso_trabajo,False,synthetic,1,ingreso extra fotografía monto:alto
nomina febrero,1400000,ingreso_trabajo,False,synthetic,1,nomina febrero monto:alto
cuota tarjeta bancolombia,400000,servicios,False,synthetic,1,cuota tarjeta bancolombia monto:alto
playstation plus mayo,19900,tecnologia,False,synthetic,1,playstation plus mayo monto:bajo
mesada universitaria marzo,600000,ingreso_trabajo,False,synthetic,1,mesada universitaria marzo monto:alto
almuerzo martes,13226,alimentacion,True,synthetic,1,almuerzo martes monto:bajo
seguro de vida,85000,servicios,False,synthetic,1,seguro de vida monto:medio
tragos martes,73864,alimentacion,True,synthetic,1,tragos martes monto:medio
metro de las de la tarde,3707,alimentacion,True,synthetic,1,metro de las de la tarde monto:bajo
cuota hipoteca bbva,900000,servicios,False,synthetic,1,cuota hipoteca bbva monto:alto
subsidio sisben,200000,ingreso_trabajo,False,synthetic,1,subsidio sisben monto:alto
rappi prime septiembre,9900,tecnologia,True,synthetic,1,rappi prime septiembre monto:bajo
cerveza poker,7000,alimentacion,True,synthetic,1,cerveza poker monto:bajo
cuota tarjeta itaú,400000,servicios,False,synthetic,1,cuota tarjeta itaú monto:alto
ingreso plataforma digital junio,300000,ingreso_trabajo,False,synthetic,1,ingreso plataforma digital junio monto:alto
arepa boyacense,6000,alimentacion,True,synthetic,1,arepa boyacense monto:bajo
panela redonda,4000,alimentacion,True,synthetic,1,panela redonda monto:bajo
regalo de bodas,200000,alimentacion,False,synthetic,1,regalo de bodas monto:alto
gym body tech septiembre,110000,tecnologia,False,synthetic,1,gym body tech septiembre monto:medio
tinto noche,1447,alimentacion,True,synthetic,1,tinto noche monto:bajo
propina domicilio,4538,alimentacion,True,synthetic,1,propina domicilio monto:bajo
piñata,55000,alimentacion,False,synthetic,1,piñata monto:medio
terapia emocional,150000,servicios,False,synthetic,1,terapia emocional monto:alto
cena sábado,29153,alimentacion,True,synthetic,1,cena sábado monto:bajo
queso campesino de hoy,10235,alimentacion,False,synthetic,1,queso campesino de hoy monto:bajo
helado de arequipe,5304,alimentacion,True,synthetic,1,helado de arequipe monto:bajo
mecato mañana,4065,alimentacion,True,synthetic,1,mecato mañana monto:bajo
rumba viernes,155171,alimentacion,False,synthetic,1,rumba viernes monto:alto
vacaciones en san andres,1759547,alimentacion,False,synthetic,1,vacaciones en san andres monto:alto
tragos jueves,61862,alimentacion,True,synthetic,1,tragos jueves monto:medio
ingreso extra traducciones,1000000,ingreso_trabajo,False,synthetic,1,ingreso extra traducciones monto:alto
propina domicilio,2229,alimentacion,True,synthetic,1,propina domicilio monto:bajo
vpn premium mensual,25000,tecnologia,True,synthetic,1,vpn premium mensual monto:bajo
rosca de reyes del mes,35985,alimentacion,False,synthetic,1,rosca de reyes del mes monto:medio
clases de ingles diciembre,300000,tecnologia,False,synthetic,1,clases de ingles diciembre monto:alto
plataforma estudio abril,95000,tecnologia,False,synthetic,1,plataforma estudio abril monto:medio
transferencia familia diciembre,300000,ingreso_trabajo,False,synthetic,1,transferencia familia diciembre monto:alto
empleada doméstica mensual,900000,servicios,False,synthetic,1,empleada doméstica mensual monto:alto
prime video febrero,17900,tecnologia,False,synthetic,1,prime video febrero monto:bajo
desayuno lunes,10868,alimentacion,True,synthetic,1,desayuno lunes monto:bajo
clases de ingles abril,200000,tecnologia,False,synthetic,1,clases de ingles abril monto:alto
aporte pensión septiembre,400000,servicios,False,synthetic,1,aporte pensión septiembre monto:alto
spotify estudiante junio,17900,tecnologia,True,synthetic,1,spotify estudiante junio monto:bajo
internet wom abril,79900,servicios,False,synthetic,1,internet wom abril monto:medio
cerveza corona con parce,10225,alimentacion,True,synthetic,1,cerveza corona con parce monto:bajo
pension colegio marzo,450000,servicios,False,synthetic,1,pension colegio marzo monto:alto
devolución iva enero,100000,ingreso_trabajo,False,synthetic,1,devolución iva enero monto:medio
freelance traducciones,700000,ingreso_trabajo,False,synthetic,1,freelance traducciones monto:alto
daviplata transferencia,150000,alimentacion,False,synthetic,1,daviplata transferencia monto:alto
sudadera para el gym,128799,alimentacion,False,synthetic,1,sudadera para el gym monto:medio
paseo familiar,450000,alimentacion,False,synthetic,1,paseo familiar monto:alto
bolsas de basura,12000,alimentacion,True,synthetic,1,bolsas de basura monto:bajo
vacaciones en san andrés quincenal,1517655,alimentacion,False,synthetic,1,vacaciones en san andrés quincenal monto:alto
caldo de costilla,8000,alimentacion,True,synthetic,1,caldo de costilla monto:bajo
lavadora de ropa,1800000,alimentacion,False,synthetic,1,lavadora de ropa monto:alto
internet claro mensual,79900,servicios,False,synthetic,1,internet claro mensual monto:medio
ingreso uber driver agosto,2200000,ingreso_trabajo,False,synthetic,1,ingreso uber driver agosto monto:alto
cena semana,34115,alimentacion,True,synthetic,1,cena semana monto:medio
paseo de olla,180000,alimentacion,False,synthetic,1,paseo de olla monto:alto
tintoreria traje,59875,alimentacion,False,synthetic,1,tintoreria traje monto:medio
utensilios cocina,150000,alimentacion,False,synthetic,1,utensilios cocina monto:alto
secador de pelo del mes,101660,alimentacion,False,synthetic,1,secador de pelo del mes monto:medio
pago eps febrero,120000,servicios,False,synthetic,1,pago eps febrero monto:medio
asado con amigos del mes,271015,alimentacion,False,synthetic,1,asado con amigos del mes monto:alto
uber desde el éxito,21984,alimentacion,True,synthetic,1,uber desde el éxito monto:bajo
internet etb marzo,89900,servicios,False,synthetic,1,internet etb marzo monto:medio
devolución iva septiembre,100000,ingreso_trabajo,False,synthetic,1,devolución iva septiembre monto:medio
carne para el asado,105525,alimentacion,False,synthetic,1,carne para el asado monto:medio
cuota tarjeta nequi,150000,servicios,False,synthetic,1,cuota tarjeta nequi monto:alto
coursera mensual,95000,tecnologia,False,synthetic,1,coursera mensual monto:medio
merienda escolar,5000,alimentacion,True,synthetic,1,merienda escolar monto:bajo
transferencia familia julio,400000,ingreso_trabajo,False,synthetic,1,transferencia familia julio monto:alto
lechona tolimense,40283,alimentacion,False,synthetic,1,lechona tolimense monto:medio
quincena diciembre,1250000,ingreso_trabajo,False,synthetic,1,quincena diciembre monto:alto
uber desde la terminal,18972,alimentacion,True,synthetic,1,uber desde la terminal monto:bajo
aporte pensión mayo,200000,servicios,False,synthetic,1,aporte pensión mayo monto:alto
tiquete aéreo bogotá-medellín,280000,alimentacion,False,synthetic,1,tiquete aéreo bogotá-medellín monto:alto
mercado semanal éxito de hoy,206119,alimentacion,False,synthetic,1,mercado semanal éxito de hoy monto:alto
mercado a los papás,162315,alimentacion,False,synthetic,1,mercado a los papás monto:alto
comision octubre,500000,ingreso_trabajo,False,synthetic,1,comision octubre monto:alto
medicamentos crónicos,120000,servicios,False,synthetic,1,medicamentos crónicos monto:medio
buñuelo del medio día,1408,alimentacion,True,synthetic,1,buñuelo del medio día monto:bajo
raspa y gana,4074,alimentacion,True,synthetic,1,raspa y gana monto:bajo
tragos semana,62540,alimentacion,True,synthetic,1,tragos semana monto:medio
youtube premium febrero,14900,tecnologia,False,synthetic,1,youtube premium febrero monto:bajo
rappi prime febrero,17900,tecnologia,True,synthetic,1,rappi prime febrero monto:bajo
lechona tolimense quincenal,31955,alimentacion,False,synthetic,1,lechona tolimense quincenal monto:medio
colonia en la tienda,151304,alimentacion,False,synthetic,1,colonia en la tienda monto:alto
tragos viernes,54780,alimentacion,True,synthetic,1,tragos viernes monto:medio
mecato en el descanso,3500,alimentacion,True,synthetic,1,mecato en el descanso monto:bajo
taxi al el jumbo,12503,alimentacion,True,synthetic,1,taxi al el jumbo monto:bajo
pago eps junio,280000,servicios,False,synthetic,1,pago eps junio monto:alto
cuota hipoteca itaú,1100000,servicios,False,synthetic,1,cuota hipoteca itaú monto:alto
plan celular wom,85000,servicios,False,synthetic,1,plan celular wom monto:medio
raspa y gana,5541,alimentacion,True,synthetic,1,raspa y gana monto:bajo
seguro vida marzo,85000,servicios,False,synthetic,1,seguro vida marzo monto:medio
netflix familiar julio,17900,tecnologia,False,synthetic,1,netflix familiar julio monto:bajo
papas salchipapa sábado,6290,alimentacion,True,synthetic,1,papas salchipapa sábado monto:bajo
toallas baño,46803,alimentacion,False,synthetic,1,toallas baño monto:medio
suscripcion app marzo,35000,tecnologia,True,synthetic,1,suscripcion app marzo monto:medio
xbox game pass diciembre,19900,tecnologia,False,synthetic,1,xbox game pass diciembre monto:bajo
rifas empresa,20000,alimentacion,True,synthetic,1,rifas empresa monto:bajo
gaseosa de pollo,4372,alimentacion,True,synthetic,1,gaseosa de pollo monto:bajo
subscripcion herramienta digital,85000,tecnologia,False,synthetic,1,subscripcion herramienta digital monto:medio
cerveza pilsen con parce,10350,alimentacion,True,synthetic,1,cerveza pilsen con parce monto:bajo
picada con los parces,78185,alimentacion,True,synthetic,1,picada con los parces monto:medio
netflix familia noviembre,25900,tecnologia,False,synthetic,1,netflix familia noviembre monto:bajo
adobe septiembre,120000,tecnologia,False,synthetic,1,adobe septiembre monto:medio
cafe en juan valdez,2526,alimentacion,True,synthetic,1,cafe en juan valdez monto:bajo
internet claro julio,109900,servicios,False,synthetic,1,internet claro julio monto:medio
mercado a los papás quincenal,156739,alimentacion,False,synthetic,1,mercado a los papás quincenal monto:alto
microsoft 365 abril,65000,tecnologia,False,synthetic,1,microsoft 365 abril monto:medio
juguete para el perro,25000,alimentacion,True,synthetic,1,juguete para el perro monto:bajo
indriver al el parque,18169,alimentacion,True,synthetic,1,indriver al el parque monto:bajo
recarga celular wom,7059,alimentacion,True,synthetic,1,recarga celular wom monto:bajo
blender oster,177145,alimentacion,False,synthetic,1,blender oster monto:alto
vpn premium mensual,19900,tecnologia,True,synthetic,1,vpn premium mensual monto:bajo
honorarios consultoría noviembre,2000000,ingreso_trabajo,False,synthetic,1,honorarios consultoría noviembre monto:alto
arriendo enero,750000,servicios,False,synthetic,1,arriendo enero monto:alto
ingreso extra consultoría,300000,ingreso_trabajo,False,synthetic,1,ingreso extra consultoría monto:alto
playstation plus febrero,29900,tecnologia,False,synthetic,1,playstation plus febrero monto:bajo
administración edificio octubre,250000,servicios,False,synthetic,1,administración edificio octubre monto:alto
mercado en el éxito mensual,650000,alimentacion,False,synthetic,1,mercado en el éxito mensual monto:alto
netflix premium julio,42900,tecnologia,False,synthetic,1,netflix premium julio monto:medio
onces miércoles,14700,alimentacion,True,synthetic,1,onces miércoles monto:bajo
cochinillo regional para la casa,521859,alimentacion,False,synthetic,1,cochinillo regional para la casa monto:alto
pago eps junio,145000,servicios,False,synthetic,1,pago eps junio monto:medio
seguro exequial,45000,servicios,False,synthetic,1,seguro exequial monto:medio
disney plus octubre,21900,tecnologia,False,synthetic,1,disney plus octubre monto:bajo
cerveza heineken con parce,6684,alimentacion,True,synthetic,1,cerveza heineken con parce monto:bajo
mecato de las 8,4663,alimentacion,True,synthetic,1,mecato de las 8 monto:bajo
pension colegio enero,600000,servicios,False,synthetic,1,pension colegio enero monto:alto
regalo dia de la madre,161697,alimentacion,False,synthetic,1,regalo dia de la madre monto:alto
mecato de mediodía,3321,alimentacion,True,synthetic,1,mecato de mediodía monto:bajo
licuadora,150000,alimentacion,False,synthetic,1,licuadora monto:alto
lotería viernes,3240,alimentacion,True,synthetic,1,lotería viernes monto:bajo
cuota tarjeta visa,300000,servicios,False,synthetic,1,cuota tarjeta visa monto:alto
chicharrón crujiente,15000,alimentacion,True,synthetic,1,chicharrón crujiente monto:bajo
rumba viernes,148640,alimentacion,False,synthetic,1,rumba viernes monto:medio
viaje a cartagena,850000,alimentacion,False,synthetic,1,viaje a cartagena monto:alto
youtube premium septiembre,18900,tecnologia,False,synthetic,1,youtube premium septiembre monto:bajo
aporte pensión febrero,150000,servicios,False,synthetic,1,aporte pensión febrero monto:alto
aporte pensión julio,150000,servicios,False,synthetic,1,aporte pensión julio monto:alto
collar y correa,34457,alimentacion,False,synthetic,1,collar y correa monto:medio
sueldo part time enero,800000,ingreso_trabajo,False,synthetic,1,sueldo part time enero monto:alto
indriver al el jumbo,14405,alimentacion,True,synthetic,1,indriver al el jumbo monto:bajo
devolución iva abril,100000,ingreso_trabajo,False,synthetic,1,devolución iva abril monto:medio
detergente ariel,28000,alimentacion,True,synthetic,1,detergente ariel monto:bajo
netflix premium abril,25900,tecnologia,False,synthetic,1,netflix premium abril monto:bajo
aporte pensión agosto,400000,servicios,False,synthetic,1,aporte pensión agosto monto:alto
buñuelo noche,1302,alimentacion,True,synthetic,1,buñuelo noche monto:bajo
pandebono martes,2364,alimentacion,True,synthetic,1,pandebono martes monto:bajo
cuota hipoteca itaú,600000,servicios,False,synthetic,1,cuota hipoteca itaú monto:alto
mercado semanal éxito,180000,alimentacion,False,synthetic,1,mercado semanal éxito monto:alto
tenis adidas,303665,alimentacion,False,synthetic,1,tenis adidas monto:alto
sabanas,120000,alimentacion,False,synthetic,1,sabanas monto:medio
pensión vejez abril,2000000,ingreso_trabajo,False,synthetic,1,pensión vejez abril monto:alto
hbo max febrero,35900,tecnologia,False,synthetic,1,hbo max febrero monto:medio
torta de cumpleaños de hoy,86042,alimentacion,False,synthetic,1,torta de cumpleaños de hoy monto:medio
cafe en la cafetería,11562,alimentacion,True,synthetic,1,cafe en la cafetería monto:bajo
indriver al la casa,14344,alimentacion,True,synthetic,1,indriver al la casa monto:bajo
tinto de la tarde,1282,alimentacion,True,synthetic,1,tinto de la tarde monto:bajo
pastel de navidad,75000,alimentacion,False,synthetic,1,pastel de navidad monto:medio
citas odontologicas,250000,servicios,False,synthetic,1,citas odontologicas monto:alto
venta muebles,300000,ingreso_trabajo,False,synthetic,1,venta muebles monto:alto
desayuno viernes,16042,alimentacion,True,synthetic,1,desayuno viernes monto:bajo
gym body tech octubre,150000,tecnologia,False,synthetic,1,gym body tech octubre monto:alto
lechona tolimense,44540,alimentacion,False,synthetic,1,lechona tolimense monto:medio
limosna dominical,10000,alimentacion,True,synthetic,1,limosna dominical monto:bajo
ingreso plataforma digital mayo,500000,ingreso_trabajo,False,synthetic,1,ingreso plataforma digital mayo monto:alto
cuota moto akt,280000,servicios,False,synthetic,1,cuota moto akt monto:alto
xbox game pass,29900,tecnologia,False,synthetic,1,xbox game pass monto:bajo
rappi prime octubre,9900,tecnologia,True,synthetic,1,rappi prime octubre monto:bajo
aporte pensión mayo,250000,servicios,False,synthetic,1,aporte pensión mayo monto:alto
disney plus mayo,21900,tecnologia,False,synthetic,1,disney plus mayo monto:bajo
gaseosa de carne,2826,alimentacion,True,synthetic,1,gaseosa de carne monto:bajo
huevos por cubeta,13716,alimentacion,False,synthetic,1,huevos por cubeta monto:bajo
gasolina extra,95000,alimentacion,True,synthetic,1,gasolina extra monto:medio
pizza hut personal,35000,alimentacion,True,synthetic,1,pizza hut personal monto:medio
plan celular etb,39900,servicios,False,synthetic,1,plan celular etb monto:medio
yuca y platano semanal,16934,alimentacion,False,synthetic,1,yuca y platano semanal monto:bajo
ofrenda,20000,alimentacion,True,synthetic,1,ofrenda monto:bajo
arepa con huevo,6329,alimentacion,True,synthetic,1,arepa con huevo monto:bajo
prime video septiembre,17900,tecnologia,False,synthetic,1,prime video septiembre monto:bajo
adobe junio,199000,tecnologia,False,synthetic,1,adobe junio monto:alto
ingreso uber driver marzo,2200000,ingreso_trabajo,False,synthetic,1,ingreso uber driver marzo monto:alto
chatgpt plus,65000,tecnologia,True,synthetic,1,chatgpt plus monto:medio
venta mercado libre mayo,500000,ingreso_trabajo,False,synthetic,1,venta mercado libre mayo monto:alto
hamburguesa mcdonalds,28000,alimentacion,True,synthetic,1,hamburguesa mcdonalds monto:bajo
propina domicilio,2400,alimentacion,True,synthetic,1,propina domicilio monto:bajo
venta carro usado,15000000,ingreso_trabajo,False,synthetic,1,venta carro usado monto:alto
empanada con pipiá n,2500,alimentacion,True,synthetic,1,empanada con pipiá n monto:bajo
suplementos proteina,181435,alimentacion,False,synthetic,1,suplementos proteina monto:alto
buseta a el éxito,2090,alimentacion,True,synthetic,1,buseta a el éxito monto:bajo
papas salchipapa viernes,6173,alimentacion,True,synthetic,1,papas salchipapa viernes monto:bajo
sabanas para la casa,139322,alimentacion,False,synthetic,1,sabanas para la casa monto:medio
lonchera del niño semana,16451,alimentacion,True,synthetic,1,lonchera del niño semana monto:bajo
gym smart fit octubre,100000,tecnologia,False,synthetic,1,gym smart fit octubre monto:medio
lechona tolimense,37718,alimentacion,False,synthetic,1,lechona tolimense monto:medio
ancheta empresarial,308529,alimentacion,False,synthetic,1,ancheta empresarial monto:alto
arriendo noviembre,1500000,servicios,False,synthetic,1,arriendo noviembre monto:alto
app fitness,25000,tecnologia,True,synthetic,1,app fitness monto:bajo
regalo san valentin,130079,alimentacion,False,synthetic,1,regalo san valentin monto:medio
mercado en el éxito mensual semanal,598560,alimentacion,False,synthetic,1,mercado en el éxito mensual semanal monto:alto
papelería oficina semanal,61863,alimentacion,False,synthetic,1,papelería oficina semanal monto:medio
buseta a el parque,2597,alimentacion,True,synthetic,1,buseta a el parque monto:bajo
sueldo part time marzo,700000,ingreso_trabajo,False,synthetic,1,sueldo part time marzo monto:alto
sueldo part time diciembre,1200000,ingreso_trabajo,False,synthetic,1,sueldo part time diciembre monto:alto
tinto noche,1640,alimentacion,True,synthetic,1,tinto noche monto:bajo
ingreso plataforma digital marzo,200000,ingreso_trabajo,False,synthetic,1,ingreso plataforma digital marzo monto:alto
transferencia familia enero,100000,ingreso_trabajo,False,synthetic,1,transferencia familia enero monto:medio
gym el gym julio,110000,tecnologia,False,synthetic,1,gym el gym julio monto:medio
revisión tecno mecánica,120000,servicios,False,synthetic,1,revisión tecno mecánica monto:medio
icloud 50gb noviembre,19900,tecnologia,True,synthetic,1,icloud 50gb noviembre monto:bajo
dominio y hosting agosto,50000,tecnologia,False,synthetic,1,dominio y hosting agosto monto:medio
lechona tolimense,38000,alimentacion,False,synthetic,1,lechona tolimense monto:medio
netflix personal febrero,29900,tecnologia,False,synthetic,1,netflix personal febrero monto:bajo
indriver al la casa,9449,alimentacion,True,synthetic,1,indriver al la casa monto:bajo
verduras en la plaza mensual del mes,70759,alimentacion,False,synthetic,1,verduras en la plaza mensual del mes monto:medio
mercerias el remate,35000,alimentacion,False,synthetic,1,mercerias el remate monto:medio
audible mensual,29900,tecnologia,True,synthetic,1,audible mensual monto:bajo
servicio tecnico celular semanal,142008,alimentacion,False,synthetic,1,servicio tecnico celular semanal monto:medio
gym crossfit septiembre,150000,tecnologia,False,synthetic,1,gym crossfit septiembre monto:alto
chatgpt plus junio,75000,tecnologia,True,synthetic,1,chatgpt plus junio monto:medio
youtube premium septiembre,18900,tecnologia,False,synthetic,1,youtube premium septiembre monto:bajo
devolución iva enero,250000,ingreso_trabajo,False,synthetic,1,devolución iva enero monto:alto
recarga celular etb,8154,alimentacion,True,synthetic,1,recarga celular etb monto:bajo
mercado en justo y bueno,172555,alimentacion,False,synthetic,1,mercado en justo y bueno monto:alto
adornos navideños,115235,alimentacion,False,synthetic,1,adornos navideños monto:medio
concierto maluma para la casa,343608,alimentacion,False,synthetic,1,concierto maluma para la casa monto:alto
parqueadero la cafetería,13289,alimentacion,True,synthetic,1,parqueadero la cafetería monto:bajo
comision diciembre,1000000,ingreso_trabajo,False,synthetic,1,comision diciembre monto:alto
almuerzo semana,18366,alimentacion,True,synthetic,1,almuerzo semana monto:bajo
ingreso uber driver julio,1400000,ingreso_trabajo,False,synthetic,1,ingreso uber driver julio monto:alto
catering empresa,898735,alimentacion,False,synthetic,1,catering empresa monto:alto
raspa y gana,7477,alimentacion,True,synthetic,1,raspa y gana monto:bajo
tiquete san andres,650000,alimentacion,False,synthetic,1,tiquete san andres monto:alto
raspa y gana,9530,alimentacion,True,synthetic,1,raspa y gana monto:bajo
tinto antes de almuerzo,1073,alimentacion,True,synthetic,1,tinto antes de almuerzo monto:bajo
seguro vida noviembre,65000,servicios,False,synthetic,1,seguro vida noviembre monto:medio
helado en carulla,8500,alimentacion,True,synthetic,1,helado en carulla monto:bajo
beca estudio octubre,400000,ingreso_trabajo,False,synthetic,1,beca estudio octubre monto:alto
recibo gas septiembre,95563,servicios,False,synthetic,1,recibo gas septiembre monto:medio
mesada universitaria octubre,500000,ingreso_trabajo,False,synthetic,1,mesada universitaria octubre monto:alto
jeans en arturo calle,217990,alimentacion,False,synthetic,1,jeans en arturo calle monto:alto
cambio aceite carro,120000,servicios,False,synthetic,1,cambio aceite carro monto:medio
toallas baño,55000,alimentacion,False,synthetic,1,toallas baño monto:medio
café colcafé,15000,alimentacion,True,synthetic,1,café colcafé monto:bajo
desayuno miércoles,9832,alimentacion,True,synthetic,1,desayuno miércoles monto:bajo
lonchera del niño lunes,12487,alimentacion,True,synthetic,1,lonchera del niño lunes monto:bajo
cuota hipoteca scotiabank,1800000,servicios,False,synthetic,1,cuota hipoteca scotiabank monto:alto
adornos navideños,124653,alimentacion,False,synthetic,1,adornos navideños monto:medio
microondas,350000,alimentacion,False,synthetic,1,microondas monto:alto
arriendos recibidos diciembre,600000,ingreso_trabajo,False,synthetic,1,arriendos recibidos diciembre monto:alto
playstation plus marzo,29900,tecnologia,False,synthetic,1,playstation plus marzo monto:bajo
prime video octubre,17900,tecnologia,False,synthetic,1,prime video octubre monto:bajo
seguro vida agosto,50000,servicios,False,synthetic,1,seguro vida agosto monto:medio
queso campesino,12000,alimentacion,False,synthetic,1,queso campesino monto:bajo
vino blanco para la cena,35000,alimentacion,True,synthetic,1,vino blanco para la cena monto:medio
canva pro diciembre,65000,tecnologia,True,synthetic,1,canva pro diciembre monto:medio
ingreso youtube,200000,ingreso_trabajo,False,synthetic,1,ingreso youtube monto:alto
metro de las de la tarde,3253,alimentacion,True,synthetic,1,metro de las de la tarde monto:bajo
utiles escolares del niño,96368,alimentacion,False,synthetic,1,utiles escolares del niño monto:medio
comision octubre,700000,ingreso_trabajo,False,synthetic,1,comision octubre monto:alto
playstation plus enero,19900,tecnologia,False,synthetic,1,playstation plus enero monto:bajo
chance domingo,6865,alimentacion,True,synthetic,1,chance domingo monto:bajo
rumba viernes para la casa,141573,alimentacion,False,synthetic,1,rumba viernes para la casa monto:medio
internet claro diciembre,109900,servicios,False,synthetic,1,internet claro diciembre monto:medio
whisky johnnie walker para la casa,116847,alimentacion,False,synthetic,1,whisky johnnie walker para la casa monto:medio
cesantias cobradas,2000000,ingreso_trabajo,False,synthetic,1,cesantias cobradas monto:alto
rappi prime abril,14900,tecnologia,True,synthetic,1,rappi prime abril monto:bajo
picada con los parces,98860,alimentacion,True,synthetic,1,picada con los parces monto:medio
buñuelo mañana,1215,alimentacion,True,synthetic,1,buñuelo mañana monto:bajo
metro de las la tarde,3628,alimentacion,True,synthetic,1,metro de las la tarde monto:bajo
freelance diseño,1000000,ingreso_trabajo,False,synthetic,1,freelance diseño monto:alto
picada con los parces,113207,alimentacion,True,synthetic,1,picada con los parces monto:medio
chao fan con pollo,25000,alimentacion,True,synthetic,1,chao fan con pollo monto:bajo
leche en caja,9766,alimentacion,False,synthetic,1,leche en caja monto:bajo
descanso parque del café,320000,alimentacion,False,synthetic,1,descanso parque del café monto:alto
transferencia familia noviembre,300000,ingreso_trabajo,False,synthetic,1,transferencia familia noviembre monto:alto
domicilio domicilios.com sushi,42465,alimentacion,True,synthetic,1,domicilio domicilios.com sushi monto:medio
lonchera del niño viernes,8783,alimentacion,True,synthetic,1,lonchera del niño viernes monto:bajo
pension colegio agosto,900000,servicios,False,synthetic,1,pension colegio agosto monto:alto
cuota hipoteca banco de bogotá,1800000,servicios,False,synthetic,1,cuota hipoteca banco de bogotá monto:alto
youtube premium enero,18900,tecnologia,False,synthetic,1,youtube premium enero monto:bajo
uber desde el gym,17991,alimentacion,True,synthetic,1,uber desde el gym monto:bajo
plataforma estudio diciembre,45000,tecnologia,False,synthetic,1,plataforma estudio diciembre monto:medio
honorarios consultoría,1200000,ingreso_trabajo,False,synthetic,1,honorarios consultoría monto:alto
parqueadero oma,10989,alimentacion,True,synthetic,1,parqueadero oma monto:bajo
secador de pelo,95000,alimentacion,False,synthetic,1,secador de pelo monto:medio
almohada nueva,68559,alimentacion,False,synthetic,1,almohada nueva monto:medio
indriver al el parque,16616,alimentacion,True,synthetic,1,indriver al el parque monto:bajo
parqueadero starbucks,7384,alimentacion,True,synthetic,1,parqueadero starbucks monto:bajo
panetón navideño,45000,alimentacion,False,synthetic,1,panetón navideño monto:medio
recibo luz junio,157463,servicios,False,synthetic,1,recibo luz junio monto:alto
clases de ingles junio,200000,tecnologia,False,synthetic,1,clases de ingles junio monto:alto
remesas exterior enero,500000,ingreso_trabajo,False,synthetic,1,remesas exterior enero monto:alto
paseo de olla,169362,alimentacion,False,synthetic,1,paseo de olla monto:alto
freelance desarrollo web,500000,ingreso_trabajo,False,synthetic,1,freelance desarrollo web monto:alto
agua crystal,2500,alimentacion,True,synthetic,1,agua crystal monto:bajo
empanada de verduras,3827,alimentacion,True,synthetic,1,empanada de verduras monto:bajo
proteina whey para el trabajo,161278,alimentacion,False,synthetic,1,proteina whey para el trabajo monto:alto
sancocho en el restaurante,22000,alimentacion,True,synthetic,1,sancocho en el restaurante monto:bajo
arepa con huevo,7344,alimentacion,True,synthetic,1,arepa con huevo monto:bajo
fritanga con los amigos,120000,alimentacion,True,synthetic,1,fritanga con los amigos monto:medio
papas salchipapa semana,6545,alimentacion,True,synthetic,1,papas salchipapa semana monto:bajo
zapatos en mario hernandez de hoy,347752,alimentacion,False,synthetic,1,zapatos en mario hernandez de hoy monto:alto
indriver al la terminal,12453,alimentacion,True,synthetic,1,indriver al la terminal monto:bajo
resma papel de hoy,35641,alimentacion,False,synthetic,1,resma papel de hoy monto:medio
airpods quincenal,795205,alimentacion,False,synthetic,1,airpods quincenal monto:alto
aporte pensión enero,200000,servicios,False,synthetic,1,aporte pensión enero monto:alto
proteina whey semanal,127155,alimentacion,False,synthetic,1,proteina whey semanal monto:medio
ingreso plataforma digital agosto,300000,ingreso_trabajo,False,synthetic,1,ingreso plataforma digital agosto monto:alto
cerveza pilsen con parce,8412,alimentacion,True,synthetic,1,cerveza pilsen con parce monto:bajo
cocoa,18000,alimentacion,True,synthetic,1,cocoa monto:bajo
recibo acueducto octubre,88577,servicios,False,synthetic,1,recibo acueducto octubre monto:medio
pollo para la semana semanal,30859,alimentacion,False,synthetic,1,pollo para la semana semanal monto:medio
subsidio gobierno noviembre,200000,ingreso_trabajo,False,synthetic,1,subsidio gobierno noviembre monto:alto
indriver al el parque,18309,alimentacion,True,synthetic,1,indriver al el parque monto:bajo
tragos martes,94598,alimentacion,True,synthetic,1,tragos martes monto:medio
hotel en cartagena noche,350000,alimentacion,False,synthetic,1,hotel en cartagena noche monto:alto
administración edificio enero,100000,servicios,False,synthetic,1,administración edificio enero monto:medio
arepa con huevo,6908,alimentacion,True,synthetic,1,arepa con huevo monto:bajo
internet etb agosto,109900,servicios,False,synthetic,1,internet etb agosto monto:medio
taxi al el éxito,21335,alimentacion,True,synthetic,1,taxi al el éxito monto:bajo
plan celular claro,55000,servicios,False,synthetic,1,plan celular claro monto:medio
milo en la cafeteria,3000,alimentacion,True,synthetic,1,milo en la cafeteria monto:bajo
spotify personal febrero,13900,tecnologia,True,synthetic,1,spotify personal febrero monto:bajo
pago eps agosto,145000,servicios,False,synthetic,1,pago eps agosto monto:medio
taxi a la terminal,45000,alimentacion,True,synthetic,1,taxi a la terminal monto:medio
sorpresa cumpleaños,181962,alimentacion,False,synthetic,1,sorpresa cumpleaños monto:alto
empanada de verduras,2067,alimentacion,True,synthetic,1,empanada de verduras monto:bajo
gaseosa de pollo,2028,alimentacion,True,synthetic,1,gaseosa de pollo monto:bajo
chance lunes,5900,alimentacion,True,synthetic,1,chance lunes monto:bajo
peaje ruta,12800,alimentacion,True,synthetic,1,peaje ruta monto:bajo
comida perro pedigree,45000,alimentacion,True,synthetic,1,comida perro pedigree monto:medio
raspa y gana,7385,alimentacion,True,synthetic,1,raspa y gana monto:bajo
dulces tienda semana,1597,alimentacion,True,synthetic,1,dulces tienda semana monto:bajo
audifonos jbl de hoy,318930,alimentacion,False,synthetic,1,audifonos jbl de hoy monto:alto
wrap de pollo,20000,alimentacion,True,synthetic,1,wrap de pollo monto:bajo
quincena diciembre,1500000,ingreso_trabajo,False,synthetic,1,quincena diciembre monto:alto
pollo para la semana,27343,alimentacion,False,synthetic,1,pollo para la semana monto:bajo
alquiler de sillas y mesas,167373,alimentacion,False,synthetic,1,alquiler de sillas y mesas monto:alto
beca estudio enero,500000,ingreso_trabajo,False,synthetic,1,beca estudio enero monto:alto
pago eps febrero,145000,servicios,False,synthetic,1,pago eps febrero monto:medio
venta mercado libre enero,100000,ingreso_trabajo,False,synthetic,1,venta mercado libre enero monto:medio
papa al por mayor,21707,alimentacion,False,synthetic,1,papa al por mayor monto:bajo
regalo quince años,228825,alimentacion,False,synthetic,1,regalo quince años monto:alto
lotería sábado,3148,alimentacion,True,synthetic,1,lotería sábado monto:bajo
almohada nueva,68349,alimentacion,False,synthetic,1,almohada nueva monto:medio
pension colegio agosto,350000,servicios,False,synthetic,1,pension colegio agosto monto:alto
camarones al ajillo,57151,alimentacion,False,synthetic,1,camarones al ajillo monto:medio
tiquete san andres,706099,alimentacion,False,synthetic,1,tiquete san andres monto:alto
propina domicilio,4494,alimentacion,True,synthetic,1,propina domicilio monto:bajo
licuadora,166223,alimentacion,False,synthetic,1,licuadora monto:alto
indriver al la terminal,9007,alimentacion,True,synthetic,1,indriver al la terminal monto:bajo
gaseosa de pipián,4425,alimentacion,True,synthetic,1,gaseosa de pipián monto:bajo
xbox game pass agosto,19900,tecnologia,False,synthetic,1,xbox game pass agosto monto:bajo
remesas exterior febrero,500000,ingreso_trabajo,False,synthetic,1,remesas exterior febrero monto:alto
prime video julio,17900,tecnologia,False,synthetic,1,prime video julio monto:bajo
gaseosa de carne,4565,alimentacion,True,synthetic,1,gaseosa de carne monto:bajo
subsidio gobierno diciembre,200000,ingreso_trabajo,False,synthetic,1,subsidio gobierno diciembre monto:alto
disney plus noviembre,21900,tecnologia,False,synthetic,1,disney plus noviembre monto:bajo
plataforma estudio febrero,65000,tecnologia,False,synthetic,1,plataforma estudio febrero monto:medio
plan celular wom,65000,servicios,False,synthetic,1,plan celular wom monto:medio
regalo quince años,262366,alimentacion,False,synthetic,1,regalo quince años monto:alto
pasaje bus intermunicipal para la casa,68580,alimentacion,False,synthetic,1,pasaje bus intermunicipal para la casa monto:medio
ingreso extra edición,200000,ingreso_trabajo,False,synthetic,1,ingreso extra edición monto:alto
gaseosa de carne,4302,alimentacion,True,synthetic,1,gaseosa de carne monto:bajo
pensión vejez febrero,1200000,ingreso_trabajo,False,synthetic,1,pensión vejez febrero monto:alto
papas salchipapa domingo,6214,alimentacion,True,synthetic,1,papas salchipapa domingo monto:bajo
canva pro agosto,65000,tecnologia,True,synthetic,1,canva pro agosto monto:medio
recibo acueducto febrero,65544,servicios,False,synthetic,1,recibo acueducto febrero monto:medio
microsoft 365 diciembre,65000,tecnologia,False,synthetic,1,microsoft 365 diciembre monto:medio
licuadora,158324,alimentacion,False,synthetic,1,licuadora monto:alto
honorarios marketing agosto,1500000,ingreso_trabajo,False,synthetic,1,honorarios marketing agosto monto:alto
comision julio,1000000,ingreso_trabajo,False,synthetic,1,comision julio monto:alto
visita al pueblo,231301,alimentacion,False,synthetic,1,visita al pueblo monto:alto
hotel en cartagena noche quincenal,358629,alimentacion,False,synthetic,1,hotel en cartagena noche quincenal monto:alto
buñuelo la tarde,2693,alimentacion,True,synthetic,1,buñuelo la tarde monto:bajo
plataforma estudio mayo,95000,tecnologia,False,synthetic,1,plataforma estudio mayo monto:medio
blender oster,211514,alimentacion,False,synthetic,1,blender oster monto:alto
mercado en justo y bueno,200000,alimentacion,False,synthetic,1,mercado en justo y bueno monto:alto
mercado en d1 mensual del mes,264510,alimentacion,False,synthetic,1,mercado en d1 mensual del mes monto:alto
papelería oficina de hoy,52301,alimentacion,False,synthetic,1,papelería oficina de hoy monto:medio
aporte pensión junio,295000,servicios,False,synthetic,1,aporte pensión junio monto:alto
plataforma estudio junio,35000,tecnologia,False,synthetic,1,plataforma estudio junio monto:medio
hotel san andres,2946345,alimentacion,False,synthetic,1,hotel san andres monto:alto
hbo max enero,19900,tecnologia,False,synthetic,1,hbo max enero monto:bajo
recarga civica medellin,50000,alimentacion,True,synthetic,1,recarga civica medellin monto:medio
pension universidad privada,1800000,servicios,False,synthetic,1,pension universidad privada monto:alto
buseta a la universidad,3667,alimentacion,True,synthetic,1,buseta a la universidad monto:bajo
netflix duo agosto,17900,tecnologia,False,synthetic,1,netflix duo agosto monto:bajo
ingreso plataforma digital julio,100000,ingreso_trabajo,False,synthetic,1,ingreso plataforma digital julio monto:medio
cuota tarjeta de crédito,250000,servicios,False,synthetic,1,cuota tarjeta de crédito monto:alto
honorarios traducciones septiembre,1000000,ingreso_trabajo,False,synthetic,1,honorarios traducciones septiembre monto:alto
helado de mora,6697,alimentacion,True,synthetic,1,helado de mora monto:bajo
taxi al la universidad,22274,alimentacion,True,synthetic,1,taxi al la universidad monto:bajo
cafe en oma,10309,alimentacion,True,synthetic,1,cafe en oma monto:bajo
arepa con huevo,6235,alimentacion,True,synthetic,1,arepa con huevo monto:bajo
cafe en la tienda,3718,alimentacion,True,synthetic,1,cafe en la tienda monto:bajo
pago eps septiembre,145000,servicios,False,synthetic,1,pago eps septiembre monto:medio
tarjeta regalo falabella,81179,alimentacion,False,synthetic,1,tarjeta regalo falabella monto:medio
sueldo segundo trabajo,900000,ingreso_trabajo,False,synthetic,1,sueldo segundo trabajo monto:alto
xbox game pass noviembre,19900,tecnologia,False,synthetic,1,xbox game pass noviembre monto:bajo
curso udemy de hoy,60394,alimentacion,False,synthetic,1,curso udemy de hoy monto:medio
onces semana,11580,alimentacion,True,synthetic,1,onces semana monto:bajo
mercado en carulla,285440,alimentacion,False,synthetic,1,mercado en carulla monto:alto
propina domicilio,2398,alimentacion,True,synthetic,1,propina domicilio monto:bajo
xbox game pass febrero,19900,tecnologia,False,synthetic,1,xbox game pass febrero monto:bajo
vick,12000,alimentacion,True,synthetic,1,vick monto:bajo
buseta a el centro,3600,alimentacion,True,synthetic,1,buseta a el centro monto:bajo
venta celular,300000,ingreso_trabajo,False,synthetic,1,venta celular monto:alto
picada con los parces,81195,alimentacion,True,synthetic,1,picada con los parces monto:medio
pension colegio junio,450000,servicios,False,synthetic,1,pension colegio junio monto:alto
tinto del medio día,1034,alimentacion,True,synthetic,1,tinto del medio día monto:bajo
taxi al la casa,16590,alimentacion,True,synthetic,1,taxi al la casa monto:bajo
metro de las la tarde,3745,alimentacion,True,synthetic,1,metro de las la tarde monto:bajo
leche en caja,7744,alimentacion,False,synthetic,1,leche en caja monto:bajo
playstation plus diciembre,19900,tecnologia,False,synthetic,1,playstation plus diciembre monto:bajo
internet claro febrero,109900,servicios,False,synthetic,1,internet claro febrero monto:medio
aporte pensión agosto,200000,servicios,False,synthetic,1,aporte pensión agosto monto:alto
xbox game pass octubre,19900,tecnologia,False,synthetic,1,xbox game pass octubre monto:bajo
marrano de navidad,350000,alimentacion,False,synthetic,1,marrano de navidad monto:alto
prime video enero,14900,tecnologia,False,synthetic,1,prime video enero monto:bajo
transferencia familia octubre,400000,ingreso_trabajo,False,synthetic,1,transferencia familia octubre monto:alto
almuerzo martes,24218,alimentacion,True,synthetic,1,almuerzo martes monto:bajo
adobe julio,120000,tecnologia,False,synthetic,1,adobe julio monto:medio
lotería domingo,4267,alimentacion,True,synthetic,1,lotería domingo monto:bajo
xbox game pass septiembre,29900,tecnologia,False,synthetic,1,xbox game pass septiembre monto:bajo
cinta y burbujas,5000,alimentacion,True,synthetic,1,cinta y burbujas monto:bajo
lavadora de ropa,2005171,alimentacion,False,synthetic,1,lavadora de ropa monto:alto
cuota hipoteca bancolombia,900000,servicios,False,synthetic,1,cuota hipoteca bancolombia monto:alto
ingreso uber driver mayo,1400000,ingreso_trabajo,False,synthetic,1,ingreso uber driver mayo monto:alto
airpods,980000,alimentacion,False,synthetic,1,airpods monto:alto
plan celular claro,55000,servicios,False,synthetic,1,plan celular claro monto:medio
adobe abril,120000,tecnologia,False,synthetic,1,adobe abril monto:medio
pension universidad julio,1200000,servicios,False,synthetic,1,pension universidad julio monto:alto
toner impresora,144060,alimentacion,False,synthetic,1,toner impresora monto:medio
transferencia familia junio,700000,ingreso_trabajo,False,synthetic,1,transferencia familia junio monto:alto
arriendo marzo,1200000,servicios,False,synthetic,1,arriendo marzo monto:alto
internet movistar hogar,89900,servicios,False,synthetic,1,internet movistar hogar monto:medio
adobe abril,120000,tecnologia,False,synthetic,1,adobe abril monto:medio
recibo acueducto octubre,82393,servicios,False,synthetic,1,recibo acueducto octubre monto:medio
aporte pensión febrero,400000,servicios,False,synthetic,1,aporte pensión febrero monto:alto
microsoft 365 diciembre,65000,tecnologia,False,synthetic,1,microsoft 365 diciembre monto:medio
multa transito,290000,servicios,False,synthetic,1,multa transito monto:alto
cuota junta accion comunal,15000,servicios,False,synthetic,1,cuota junta accion comunal monto:bajo
icloud 5gb febrero,19900,tecnologia,True,synthetic,1,icloud 5gb febrero monto:bajo
mecato noche,2911,alimentacion,True,synthetic,1,mecato noche monto:bajo
parqueadero la cafetería,6208,alimentacion,True,synthetic,1,parqueadero la cafetería monto:bajo
suscripcion app diciembre,35000,tecnologia,True,synthetic,1,suscripcion app diciembre monto:medio
cuota crédito davivienda,900000,servicios,False,synthetic,1,cuota crédito davivienda monto:alto
chatgpt plus julio,55000,tecnologia,True,synthetic,1,chatgpt plus julio monto:medio
picada con los parces,45276,alimentacion,True,synthetic,1,picada con los parces monto:medio
honorarios traducciones junio,500000,ingreso_trabajo,False,synthetic,1,honorarios traducciones junio monto:alto
freelance diseño,500000,ingreso_trabajo,False,synthetic,1,freelance diseño monto:alto
kumis,4000,alimentacion,True,synthetic,1,kumis monto:bajo
playstation plus marzo,19900,tecnologia,False,synthetic,1,playstation plus marzo monto:bajo
libros de texto de hoy,78919,alimentacion,False,synthetic,1,libros de texto de hoy monto:medio
devolución iva mayo,250000,ingreso_trabajo,False,synthetic,1,devolución iva mayo monto:alto
cafe en la panadería,6729,alimentacion,True,synthetic,1,cafe en la panadería monto:bajo
Arroz para seco,23241,alimentacion,False,DANE_ENIG,1,arroz para seco monto:bajo
Arroz para sopa,962,alimentacion,True,DANE_ENIG,1,arroz para sopa monto:bajo
Arroz integral,1630,alimentacion,True,DANE_ENIG,1,arroz integral monto:bajo
"Pastas o fideos para sopa: letras, conchitas, etc.",2534,alimentacion,True,DANE_ENIG,1,"pastas o fideos para sopa: letras, conchitas, etc. monto:bajo"
"Pastas para seco: espaguetis, raviolis, macarrones, tallarines, etc.",3621,alimentacion,True,DANE_ENIG,1,"pastas para seco: espaguetis, raviolis, macarrones, tallarines, etc. monto:bajo"
Avena molida,1230,alimentacion,True,DANE_ENIG,1,avena molida monto:bajo
Avena en hojuelas,1289,alimentacion,True,DANE_ENIG,1,avena en hojuelas monto:bajo
Cebada perlada,522,alimentacion,True,DANE_ENIG,1,cebada perlada monto:bajo
Cuchuco de cebada,610,alimentacion,True,DANE_ENIG,1,cuchuco de cebada monto:bajo
Cuchuco de trigo,297,alimentacion,True,DANE_ENIG,1,cuchuco de trigo monto:bajo
Harina de trigo,1765,alimentacion,True,DANE_ENIG,1,harina de trigo monto:bajo
Salvado de trigo,519,alimentacion,True,DANE_ENIG,1,salvado de trigo monto:bajo
"Maíz blanco, amarillo, trillado, peto, porva, pira, millo",2579,alimentacion,True,DANE_ENIG,1,"maíz blanco, amarillo, trillado, peto, porva, pira, millo monto:bajo"
Cuchuco de maíz,678,alimentacion,True,DANE_ENIG,1,cuchuco de maíz monto:bajo
Harina de maíz,2120,alimentacion,True,DANE_ENIG,1,harina de maíz monto:bajo
Harina precocida de maíz,2057,alimentacion,True,DANE_ENIG,1,harina precocida de maíz monto:bajo
Fécula de maíz (Maizena),524,alimentacion,True,DANE_ENIG,1,fécula de maíz (maizena) monto:bajo
"Harina para preparar tortas, natilla, buñuelos, etc.",793,alimentacion,True,DANE_ENIG,1,"harina para preparar tortas, natilla, buñuelos, etc. monto:bajo"
Harina para coladas,631,alimentacion,True,DANE_ENIG,1,harina para coladas monto:bajo
Almidones de papa o yuca,545,alimentacion,True,DANE_ENIG,1,almidones de papa o yuca monto:bajo
"Cereales: cornflakes, rice krispis, Zucaritas, Zucosos, frut loops, trix",3130,alimentacion,True,DANE_ENIG,1,"cereales: cornflakes, rice krispis, zucaritas, zucosos, frut loops, trix monto:bajo"
Cereales para la alimentación infantil,1150,alimentacion,True,DANE_ENIG,1,cereales para la alimentación infantil monto:bajo
"Ajonjolí, soya",677,alimentacion,True,DANE_ENIG,1,"ajonjolí, soya monto:bajo"
"Masas para la preparación de productos de panadería o pastelería (trigo, maíz, soya)",2104,alimentacion,True,DANE_ENIG,1,"masas para la preparación de productos de panadería o pastelería (trigo, maíz, soya) monto:bajo"
Arepas crudas o precocidas,9890,alimentacion,True,DANE_ENIG,1,arepas crudas o precocidas monto:bajo
"Bollos y envueltos precocidos, quiches, tamales",6475,alimentacion,True,DANE_ENIG,1,"bollos y envueltos precocidos, quiches, tamales monto:bajo"
"Gérmen de trigo, lecitina, levadura de cerveza (alimentos naturistas)",576,alimentacion,True,DANE_ENIG,1,"gérmen de trigo, lecitina, levadura de cerveza (alimentos naturistas) monto:bajo"
"Comidas preparadas precocidas a base de cereales (lasagna, pizza, empanadas)",3403,alimentacion,True,DANE_ENIG,1,"comidas preparadas precocidas a base de cereales (lasagna, pizza, empanadas) monto:bajo"
Carve,443,alimentacion,True,DANE_ENIG,1,carve monto:bajo
"Pan corriente, con queso, aliñado, mogolla, relleno, pan de coco, calado, tajado, árabe",15727,alimentacion,False,DANE_ENIG,1,"pan corriente, con queso, aliñado, mogolla, relleno, pan de coco, calado, tajado, árabe monto:bajo"
Pan francés,5075,alimentacion,True,DANE_ENIG,1,pan francés monto:bajo
Pan integral,3949,alimentacion,True,DANE_ENIG,1,pan integral monto:bajo
Galletas de sal,5419,alimentacion,True,DANE_ENIG,1,galletas de sal monto:bajo
Galletas de dulce (de panadería y de paquete),3202,alimentacion,True,DANE_ENIG,1,galletas de dulce (de panadería y de paquete) monto:bajo
Galletas integrales (de panadería y de paquete),1232,alimentacion,True,DANE_ENIG,1,galletas integrales (de panadería y de paquete) monto:bajo
"Otros productos de panadería no mencionados previamente: brownies, obleas, ponques",6369,alimentacion,True,DANE_ENIG,1,"otros productos de panadería no mencionados previamente: brownies, obleas, ponques monto:bajo"
Carne de res sin hueso o pulpa,46406,alimentacion,False,DANE_ENIG,1,carne de res sin hueso o pulpa monto:medio
Carne de res con hueso,15873,alimentacion,False,DANE_ENIG,1,carne de res con hueso monto:bajo
Hueso de res,6113,alimentacion,True,DANE_ENIG,1,hueso de res monto:bajo
Carne molida de res,5836,alimentacion,True,DANE_ENIG,1,carne molida de res monto:bajo
Lengua de res,2507,alimentacion,True,DANE_ENIG,1,lengua de res monto:bajo
"Hígado, riñones, corazón, sesos, tripa y otras vísceras de res",5350,alimentacion,True,DANE_ENIG,1,"hígado, riñones, corazón, sesos, tripa y otras vísceras de res monto:bajo"
"Patas, manos, cola y cabeza de res",1061,alimentacion,True,DANE_ENIG,1,"patas, manos, cola y cabeza de res monto:bajo"
Carne de cerdo sin hueso o pulpa,20384,alimentacion,False,DANE_ENIG,1,carne de cerdo sin hueso o pulpa monto:bajo
Carne de cerdo con hueso,7408,alimentacion,True,DANE_ENIG,1,carne de cerdo con hueso monto:bajo
Carne molida de cerdo,2010,alimentacion,True,DANE_ENIG,1,carne molida de cerdo monto:bajo
Hueso de cerdo (espinazo y otros huesos),1868,alimentacion,True,DANE_ENIG,1,hueso de cerdo (espinazo y otros huesos) monto:bajo
Tocino y garra,3647,alimentacion,True,DANE_ENIG,1,tocino y garra monto:bajo
"Hígado, riñones, corazón, tripa y otras vísceras de cerdo",2277,alimentacion,True,DANE_ENIG,1,"hígado, riñones, corazón, tripa y otras vísceras de cerdo monto:bajo"
"Patas, manos, cola y cabeza de cerdo",1287,alimentacion,True,DANE_ENIG,1,"patas, manos, cola y cabeza de cerdo monto:bajo"
Gallina o pollo vivo,8174,alimentacion,True,DANE_ENIG,1,gallina o pollo vivo monto:bajo
Carne de gallina o de pollo (entero o en presas),28701,alimentacion,False,DANE_ENIG,1,carne de gallina o de pollo (entero o en presas) monto:bajo
"Carne de pavo, pichón, zuro, palomo, pato, ganso, codorniz",4205,alimentacion,True,DANE_ENIG,1,"carne de pavo, pichón, zuro, palomo, pato, ganso, codorniz monto:bajo"
Menudencias de gallina o pollo,2701,alimentacion,True,DANE_ENIG,1,menudencias de gallina o pollo monto:bajo
"Carne de conejo, liebre, curí o cuy",4725,alimentacion,True,DANE_ENIG,1,"carne de conejo, liebre, curí o cuy monto:bajo"
"Carne de cordero, chivo, cabro",4188,alimentacion,True,DANE_ENIG,1,"carne de cordero, chivo, cabro monto:bajo"
Carne de chigüiro,3005,alimentacion,True,DANE_ENIG,1,carne de chigüiro monto:bajo
Carne de caballo,5411,alimentacion,True,DANE_ENIG,1,carne de caballo monto:bajo
"Carne preparada de pavo, pollo,cerdo, lomo ahumado",5621,alimentacion,True,DANE_ENIG,1,"carne preparada de pavo, pollo,cerdo, lomo ahumado monto:bajo"
Mortadela,3356,alimentacion,True,DANE_ENIG,1,mortadela monto:bajo
Salchichas,8566,alimentacion,True,DANE_ENIG,1,salchichas monto:bajo
Jamón y jamoneta,5208,alimentacion,True,DANE_ENIG,1,jamón y jamoneta monto:bajo
Chorizo,3988,alimentacion,True,DANE_ENIG,1,chorizo monto:bajo
Tocineta,2294,alimentacion,True,DANE_ENIG,1,tocineta monto:bajo
Hamburguesa,3288,alimentacion,True,DANE_ENIG,1,hamburguesa monto:bajo
"Otros embutidos (longaniza, butifarra, génovas, salchichón, salami, cábanos, patés, etc.)",3833,alimentacion,True,DANE_ENIG,1,"otros embutidos (longaniza, butifarra, génovas, salchichón, salami, cábanos, patés, etc.) monto:bajo"
Carnes frías enlatadas,3046,alimentacion,True,DANE_ENIG,1,carnes frías enlatadas monto:bajo
"Otros alimentos no especificados: Hormigas culonas, etc.",7554,alimentacion,True,DANE_ENIG,1,"otros alimentos no especificados: hormigas culonas, etc. monto:bajo"
Pescado de río fresco o congelado,17115,alimentacion,False,DANE_ENIG,1,pescado de río fresco o congelado monto:bajo
Pescado de mar fresco o congelado,11502,alimentacion,False,DANE_ENIG,1,pescado de mar fresco o congelado monto:bajo
Camarones frescos o congelados,3241,alimentacion,True,DANE_ENIG,1,camarones frescos o congelados monto:bajo
"Pescado y crustáceos enlatados (sardinas, atún, salmón, mejillones, etc)",7289,alimentacion,True,DANE_ENIG,1,"pescado y crustáceos enlatados (sardinas, atún, salmón, mejillones, etc) monto:bajo"
"Otros mariscos, crustáceos y moluscos frescos o congelados",6640,alimentacion,True,DANE_ENIG,1,"otros mariscos, crustáceos y moluscos frescos o congelados monto:bajo"
Otros productos de pescado y derivados,1336,alimentacion,True,DANE_ENIG,1,otros productos de pescado y derivados monto:bajo
Leche natural,12245,alimentacion,False,DANE_ENIG,1,leche natural monto:bajo
"Leche pasteurizada (entera, descremada, semidescremada, deslactosada, maternizada y enriquecida)",18458,alimentacion,False,DANE_ENIG,1,"leche pasteurizada (entera, descremada, semidescremada, deslactosada, maternizada y enriquecida) monto:bajo"
"Leche larga vida (entera, descremada, semidescremada, deslactosada, maternizada y enriquecida)",20415,alimentacion,False,DANE_ENIG,1,"leche larga vida (entera, descremada, semidescremada, deslactosada, maternizada y enriquecida) monto:bajo"
Leche en polvo para lactantes,14028,alimentacion,False,DANE_ENIG,1,leche en polvo para lactantes monto:bajo
"Leche en polvo (entera, descremada, semidescremada, maternizada)",13264,alimentacion,False,DANE_ENIG,1,"leche en polvo (entera, descremada, semidescremada, maternizada) monto:bajo"
Queso campesino,13230,alimentacion,False,DANE_ENIG,1,queso campesino monto:bajo
Queso doble crema,7752,alimentacion,True,DANE_ENIG,1,queso doble crema monto:bajo
"Otros quesos: pera, mozarella, paipa, parmesano, etc.",2009,alimentacion,True,DANE_ENIG,1,"otros quesos: pera, mozarella, paipa, parmesano, etc. monto:bajo"
"Cuajada, Quesillo",4150,alimentacion,True,DANE_ENIG,1,"cuajada, quesillo monto:bajo"
"Leche condensada, leche condesada y evaporada",1302,alimentacion,True,DANE_ENIG,1,"leche condensada, leche condesada y evaporada monto:bajo"
Crema de leche,1746,alimentacion,True,DANE_ENIG,1,crema de leche monto:bajo
Yoghurt,11004,alimentacion,False,DANE_ENIG,1,yoghurt monto:bajo
Kumis,2578,alimentacion,True,DANE_ENIG,1,kumis monto:bajo
Suero costeño,4699,alimentacion,True,DANE_ENIG,1,suero costeño monto:bajo
Natas,1153,alimentacion,True,DANE_ENIG,1,natas monto:bajo
Postres lácteos,2609,alimentacion,True,DANE_ENIG,1,postres lácteos monto:bajo
Bebidas lácteas saborizadas no achocolatadas,2091,alimentacion,True,DANE_ENIG,1,bebidas lácteas saborizadas no achocolatadas monto:bajo
Productos lácteos que no contengan leche animal: leche de soya,701,alimentacion,True,DANE_ENIG,1,productos lácteos que no contengan leche animal: leche de soya monto:bajo
Huevos de gallina y otras aves,13187,alimentacion,False,DANE_ENIG,1,huevos de gallina y otras aves monto:bajo
Huevos de iguana y de tortuga,427,alimentacion,True,DANE_ENIG,1,huevos de iguana y de tortuga monto:bajo
"Aceite de girasol, maíz, soya y palma",14620,alimentacion,False,DANE_ENIG,1,"aceite de girasol, maíz, soya y palma monto:bajo"
Aceite de oliva,2627,alimentacion,True,DANE_ENIG,1,aceite de oliva monto:bajo
"Otros aceites comestibles: canola, cacahuete, coco, almendras, dietéticos, etc.",1540,alimentacion,True,DANE_ENIG,1,"otros aceites comestibles: canola, cacahuete, coco, almendras, dietéticos, etc. monto:bajo"
Mantequilla de vaca,1871,alimentacion,True,DANE_ENIG,1,mantequilla de vaca monto:bajo
Margarinas,1614,alimentacion,True,DANE_ENIG,1,margarinas monto:bajo
Manteca vegetal,2176,alimentacion,True,DANE_ENIG,1,manteca vegetal monto:bajo
Manteca de cerdo,385,alimentacion,True,DANE_ENIG,1,manteca de cerdo monto:bajo
"Otras grasas y aceites (aceite de pescado y otros animales marinos, mantequilla de maní)",287,alimentacion,True,DANE_ENIG,1,"otras grasas y aceites (aceite de pescado y otros animales marinos, mantequilla de maní) monto:bajo"
Naranjas,5049,alimentacion,True,DANE_ENIG,1,naranjas monto:bajo
Limones,2039,alimentacion,True,DANE_ENIG,1,limones monto:bajo
Mandarinas,2501,alimentacion,True,DANE_ENIG,1,mandarinas monto:bajo
Toronjas,263,alimentacion,True,DANE_ENIG,1,toronjas monto:bajo
Limas,415,alimentacion,True,DANE_ENIG,1,limas monto:bajo
Cidras,285,alimentacion,True,DANE_ENIG,1,cidras monto:bajo
Bananos,3582,alimentacion,True,DANE_ENIG,1,bananos monto:bajo
Manzanas,4245,alimentacion,True,DANE_ENIG,1,manzanas monto:bajo
Peras,1988,alimentacion,True,DANE_ENIG,1,peras monto:bajo
Melones,1842,alimentacion,True,DANE_ENIG,1,melones monto:bajo
Mango,3588,alimentacion,True,DANE_ENIG,1,mango monto:bajo
Guayabas,3195,alimentacion,True,DANE_ENIG,1,guayabas monto:bajo
Guanábanas,1825,alimentacion,True,DANE_ENIG,1,guanábanas monto:bajo
Zapotes,825,alimentacion,True,DANE_ENIG,1,zapotes monto:bajo
Tamarindo,935,alimentacion,True,DANE_ENIG,1,tamarindo monto:bajo
Tomate de árbol,3714,alimentacion,True,DANE_ENIG,1,tomate de árbol monto:bajo
Moras,4150,alimentacion,True,DANE_ENIG,1,moras monto:bajo
Curubas,1593,alimentacion,True,DANE_ENIG,1,curubas monto:bajo
Maracuyá,3271,alimentacion,True,DANE_ENIG,1,maracuyá monto:bajo
Lulos,4090,alimentacion,True,DANE_ENIG,1,lulos monto:bajo
Patilla o sandía,1356,alimentacion,True,DANE_ENIG,1,patilla o sandía monto:bajo
Granadillas,1259,alimentacion,True,DANE_ENIG,1,granadillas monto:bajo
Piña,2507,alimentacion,True,DANE_ENIG,1,piña monto:bajo
Papaya,4291,alimentacion,True,DANE_ENIG,1,papaya monto:bajo
Papayuela,463,alimentacion,True,DANE_ENIG,1,papayuela monto:bajo
Uvas (verdes y rojas),2278,alimentacion,True,DANE_ENIG,1,uvas (verdes y rojas) monto:bajo
Fresas,2348,alimentacion,True,DANE_ENIG,1,fresas monto:bajo
Cocos,1299,alimentacion,True,DANE_ENIG,1,cocos monto:bajo
Albaricoques,1263,alimentacion,True,DANE_ENIG,1,albaricoques monto:bajo
Brevas,944,alimentacion,True,DANE_ENIG,1,brevas monto:bajo
Duraznos,2298,alimentacion,True,DANE_ENIG,1,duraznos monto:bajo
Chontaduros,1859,alimentacion,True,DANE_ENIG,1,chontaduros monto:bajo
Ciruelas,1137,alimentacion,True,DANE_ENIG,1,ciruelas monto:bajo
Aguacate,4250,alimentacion,True,DANE_ENIG,1,aguacate monto:bajo
Mangostino,749,alimentacion,True,DANE_ENIG,1,mangostino monto:bajo
Kiwi,493,alimentacion,True,DANE_ENIG,1,kiwi monto:bajo
Feijoa,783,alimentacion,True,DANE_ENIG,1,feijoa monto:bajo
Higo,701,alimentacion,True,DANE_ENIG,1,higo monto:bajo
Chirimoya,653,alimentacion,True,DANE_ENIG,1,chirimoya monto:bajo
Otras frutas frescas,7733,alimentacion,True,DANE_ENIG,1,otras frutas frescas monto:bajo
Frutas congeladas o en pulpa,6079,alimentacion,True,DANE_ENIG,1,frutas congeladas o en pulpa monto:bajo
"Almendras y otras nueces (maní, cacahuete, pistacho, etc)",834,alimentacion,True,DANE_ENIG,1,"almendras y otras nueces (maní, cacahuete, pistacho, etc) monto:bajo"
"Frutas deshidratadas y cristalizadas: peras, uvas y ciruelas pasas",2359,alimentacion,True,DANE_ENIG,1,"frutas deshidratadas y cristalizadas: peras, uvas y ciruelas pasas monto:bajo"
Tomate,5760,alimentacion,True,DANE_ENIG,1,tomate monto:bajo
Cebolla cabezona,4453,alimentacion,True,DANE_ENIG,1,cebolla cabezona monto:bajo
"Cebolla larga o en rama (bermuda, junca)",3772,alimentacion,True,DANE_ENIG,1,"cebolla larga o en rama (bermuda, junca) monto:bajo"
Cebollin,1187,alimentacion,True,DANE_ENIG,1,cebollin monto:bajo
Zanahoria,3333,alimentacion,True,DANE_ENIG,1,zanahoria monto:bajo
Remolacha,869,alimentacion,True,DANE_ENIG,1,remolacha monto:bajo
Pepino cohombro,1165,alimentacion,True,DANE_ENIG,1,pepino cohombro monto:bajo
Pimentón,956,alimentacion,True,DANE_ENIG,1,pimentón monto:bajo
Pepino para guisar o rellenar,543,alimentacion,True,DANE_ENIG,1,pepino para guisar o rellenar monto:bajo
Nabos,564,alimentacion,True,DANE_ENIG,1,nabos monto:bajo
Rábanos,480,alimentacion,True,DANE_ENIG,1,rábanos monto:bajo
Ajos,1307,alimentacion,True,DANE_ENIG,1,ajos monto:bajo
Ají,1052,alimentacion,True,DANE_ENIG,1,ají monto:bajo
Lechuga,1736,alimentacion,True,DANE_ENIG,1,lechuga monto:bajo
Espinaca,1061,alimentacion,True,DANE_ENIG,1,espinaca monto:bajo
Acelga,971,alimentacion,True,DANE_ENIG,1,acelga monto:bajo
"Repollo, repollitas",1359,alimentacion,True,DANE_ENIG,1,"repollo, repollitas monto:bajo"
Coliflor,1235,alimentacion,True,DANE_ENIG,1,coliflor monto:bajo
Brócoli,885,alimentacion,True,DANE_ENIG,1,brócoli monto:bajo
Coles (tallos),239,alimentacion,True,DANE_ENIG,1,coles (tallos) monto:bajo
Apio en rama,723,alimentacion,True,DANE_ENIG,1,apio en rama monto:bajo
Alcachofas,1015,alimentacion,True,DANE_ENIG,1,alcachofas monto:bajo
Espárragos,313,alimentacion,True,DANE_ENIG,1,espárragos monto:bajo
Ahuyama,1456,alimentacion,True,DANE_ENIG,1,ahuyama monto:bajo
Calabaza,766,alimentacion,True,DANE_ENIG,1,calabaza monto:bajo
Calabacín,938,alimentacion,True,DANE_ENIG,1,calabacín monto:bajo
Fríjol verde en vaina,1695,alimentacion,True,DANE_ENIG,1,fríjol verde en vaina monto:bajo
Fríjol verde desgranado,1819,alimentacion,True,DANE_ENIG,1,fríjol verde desgranado monto:bajo
Arveja verde en vaina,3509,alimentacion,True,DANE_ENIG,1,arveja verde en vaina monto:bajo
Arveja verde desgranada,4047,alimentacion,True,DANE_ENIG,1,arveja verde desgranada monto:bajo
Habas verdes en vaina,611,alimentacion,True,DANE_ENIG,1,habas verdes en vaina monto:bajo
Habas verdes desgranadas,521,alimentacion,True,DANE_ENIG,1,habas verdes desgranadas monto:bajo
Habichuelas,2986,alimentacion,True,DANE_ENIG,1,habichuelas monto:bajo
Mazorcas y maíz dulce,2064,alimentacion,True,DANE_ENIG,1,mazorcas y maíz dulce monto:bajo
Berenjenas,1108,alimentacion,True,DANE_ENIG,1,berenjenas monto:bajo
Champiñones y otros hongos comestibles,1907,alimentacion,True,DANE_ENIG,1,champiñones y otros hongos comestibles monto:bajo
"Otras verduras y leguminosas frescas: berros, chachafruto, algas comestibles, etc.",3393,alimentacion,True,DANE_ENIG,1,"otras verduras y leguminosas frescas: berros, chachafruto, algas comestibles, etc. monto:bajo"
verduras frescas amarradas (macitos de la Costa Atlántica),2288,alimentacion,True,DANE_ENIG,1,verduras frescas amarradas (macitos de la costa atlántica) monto:bajo
"Verduras picadas en bandeja o en bolsa (revuelto verde, macitos)",5102,alimentacion,True,DANE_ENIG,1,"verduras picadas en bandeja o en bolsa (revuelto verde, macitos) monto:bajo"
"Talego, bolsa, bandeja o tarro de ensalada",558,alimentacion,True,DANE_ENIG,1,"talego, bolsa, bandeja o tarro de ensalada monto:bajo"
"Fríjol seco: bolaroja, cargamanto, guarzo, guandul, zaragoza, blanquillo, etc.",9760,alimentacion,True,DANE_ENIG,1,"fríjol seco: bolaroja, cargamanto, guarzo, guandul, zaragoza, blanquillo, etc. monto:bajo"
Arveja seca,2331,alimentacion,True,DANE_ENIG,1,arveja seca monto:bajo
Habas secas,1923,alimentacion,True,DANE_ENIG,1,habas secas monto:bajo
Lentejas,4398,alimentacion,True,DANE_ENIG,1,lentejas monto:bajo
Garbanzos,1504,alimentacion,True,DANE_ENIG,1,garbanzos monto:bajo
"Verduras, hortalizas y legumbres enlatadas: arveja, fríjoles, maíz, espárrago",10795,alimentacion,False,DANE_ENIG,1,"verduras, hortalizas y legumbres enlatadas: arveja, fríjoles, maíz, espárrago monto:bajo"
"Aceitunas, alcaparras, pepinillos y otros encurtidos en tarro",5162,alimentacion,True,DANE_ENIG,1,"aceitunas, alcaparras, pepinillos y otros encurtidos en tarro monto:bajo"
Legumbres y hortalizas deshidratadas,7311,alimentacion,True,DANE_ENIG,1,legumbres y hortalizas deshidratadas monto:bajo
Plátano verde,7438,alimentacion,True,DANE_ENIG,1,plátano verde monto:bajo
Plátano maduro,4332,alimentacion,True,DANE_ENIG,1,plátano maduro monto:bajo
"Colicero, guineo, mataburro",1446,alimentacion,True,DANE_ENIG,1,"colicero, guineo, mataburro monto:bajo"
"Papa común: pastusa, tocarreña, R12",11400,alimentacion,False,DANE_ENIG,1,"papa común: pastusa, tocarreña, r12 monto:bajo"
Papa criolla o amarilla,3254,alimentacion,True,DANE_ENIG,1,papa criolla o amarilla monto:bajo
Yuca,5911,alimentacion,True,DANE_ENIG,1,yuca monto:bajo
Arracacha,1235,alimentacion,True,DANE_ENIG,1,arracacha monto:bajo
Ñame,4099,alimentacion,True,DANE_ENIG,1,ñame monto:bajo
"Ullucos, cubios, hibias, chuguas, rubas",1576,alimentacion,True,DANE_ENIG,1,"ullucos, cubios, hibias, chuguas, rubas monto:bajo"
"Otras raíces y tubérculos: mafafa, achira, batata, etc",1203,alimentacion,True,DANE_ENIG,1,"otras raíces y tubérculos: mafafa, achira, batata, etc monto:bajo"
"Papa, yuca y plátano precocidos",2040,alimentacion,True,DANE_ENIG,1,"papa, yuca y plátano precocidos monto:bajo"
"Harina de plátano, de yuca, de achiras, puré de papas",830,alimentacion,True,DANE_ENIG,1,"harina de plátano, de yuca, de achiras, puré de papas monto:bajo"
Azúcar refinada,6415,alimentacion,True,DANE_ENIG,1,azúcar refinada monto:bajo
Azúcar natural o morena,6950,alimentacion,True,DANE_ENIG,1,azúcar natural o morena monto:bajo
"Endulzantes dietéticos: Aspartame, fructuosa",14752,alimentacion,False,DANE_ENIG,1,"endulzantes dietéticos: aspartame, fructuosa monto:bajo"
Panela,10231,alimentacion,False,DANE_ENIG,1,panela monto:bajo
Jaleas y mermeladas,1033,alimentacion,True,DANE_ENIG,1,jaleas y mermeladas monto:bajo
Compotas,2519,alimentacion,True,DANE_ENIG,1,compotas monto:bajo
Bocadillos,1763,alimentacion,True,DANE_ENIG,1,bocadillos monto:bajo
Arequipe,1681,alimentacion,True,DANE_ENIG,1,arequipe monto:bajo
"Herpos, tumes y otros dulces de arequipe y bocadillo",994,alimentacion,True,DANE_ENIG,1,"herpos, tumes y otros dulces de arequipe y bocadillo monto:bajo"
Gelatina de pata negra o blanca,449,alimentacion,True,DANE_ENIG,1,gelatina de pata negra o blanca monto:bajo
"Gelatinas, flanes y pudines en vaso listos para el consumo",1839,alimentacion,True,DANE_ENIG,1,"gelatinas, flanes y pudines en vaso listos para el consumo monto:bajo"
"Miel de abejas, melazas y almíbares",2686,alimentacion,True,DANE_ENIG,1,"miel de abejas, melazas y almíbares monto:bajo"
Pasta de chocolate para ponqué y cobertura de chocolate,808,alimentacion,True,DANE_ENIG,1,pasta de chocolate para ponqué y cobertura de chocolate monto:bajo
"Dulces, confites, caramelos, bombones, chocolatinas, chicles, masmelos",3363,alimentacion,True,DANE_ENIG,1,"dulces, confites, caramelos, bombones, chocolatinas, chicles, masmelos monto:bajo"
"Helados, conos, paletas, vasitos, refrescos congelados y tortas heladas",6363,alimentacion,True,DANE_ENIG,1,"helados, conos, paletas, vasitos, refrescos congelados y tortas heladas monto:bajo"
"Gelatinas, flanes y pudines en polvo para preparar",2317,alimentacion,True,DANE_ENIG,1,"gelatinas, flanes y pudines en polvo para preparar monto:bajo"
Polvo para preparar helados,886,alimentacion,True,DANE_ENIG,1,polvo para preparar helados monto:bajo
"Frutas en conserva: Melocotón, piña, brevas, etc.",4149,alimentacion,True,DANE_ENIG,1,"frutas en conserva: melocotón, piña, brevas, etc. monto:bajo"
Salsa de tomate,5061,alimentacion,True,DANE_ENIG,1,salsa de tomate monto:bajo
Mayonesa,3634,alimentacion,True,DANE_ENIG,1,mayonesa monto:bajo
"Mostaza, salsa rosada",1086,alimentacion,True,DANE_ENIG,1,"mostaza, salsa rosada monto:bajo"
Pasta de tomate,2418,alimentacion,True,DANE_ENIG,1,pasta de tomate monto:bajo
"Otras salsas: salsa de soya, salsa china, salsa tártara, salsa de ají, ají picante",2085,alimentacion,True,DANE_ENIG,1,"otras salsas: salsa de soya, salsa china, salsa tártara, salsa de ají, ají picante monto:bajo"
Vinagre,998,alimentacion,True,DANE_ENIG,1,vinagre monto:bajo
Sal,1665,alimentacion,True,DANE_ENIG,1,sal monto:bajo
Cominos,489,alimentacion,True,DANE_ENIG,1,cominos monto:bajo
Pimienta,183,alimentacion,True,DANE_ENIG,1,pimienta monto:bajo
Laurel,176,alimentacion,True,DANE_ENIG,1,laurel monto:bajo
Tomillo,94,alimentacion,True,DANE_ENIG,1,tomillo monto:bajo
Color,554,alimentacion,True,DANE_ENIG,1,color monto:bajo
"Ajo en polvo o en pasta, canela, clavos, nuez moscada",277,alimentacion,True,DANE_ENIG,1,"ajo en polvo o en pasta, canela, clavos, nuez moscada monto:bajo"
"Hierbas culinarias: perejil, cilantro, romero, orégano, etc",687,alimentacion,True,DANE_ENIG,1,"hierbas culinarias: perejil, cilantro, romero, orégano, etc monto:bajo"
"Sopas: de vegetales, de carne, de pollo, de pescado, cremas de sobre, sopas para bebe",1700,alimentacion,True,DANE_ENIG,1,"sopas: de vegetales, de carne, de pollo, de pescado, cremas de sobre, sopas para bebe monto:bajo"
Caldos y consomés concentrados (cubos y polvo),1454,alimentacion,True,DANE_ENIG,1,caldos y consomés concentrados (cubos y polvo) monto:bajo
Bases para preparar carnes y otros alimentos,294,alimentacion,True,DANE_ENIG,1,bases para preparar carnes y otros alimentos monto:bajo
"Frituras: papas fritas, chitos, maizitos, patacones, besitos, etc",10413,alimentacion,False,DANE_ENIG,1,"frituras: papas fritas, chitos, maizitos, patacones, besitos, etc monto:bajo"
Levaduras y esencias (polvo para hornear),294,alimentacion,True,DANE_ENIG,1,levaduras y esencias (polvo para hornear) monto:bajo
Alimentos precocidos: ajiaco y lechona enlatados y similares,6341,alimentacion,True,DANE_ENIG,1,alimentos precocidos: ajiaco y lechona enlatados y similares monto:bajo
Mercados sin especificar productos,329201,alimentacion,False,DANE_ENIG,1,mercados sin especificar productos monto:alto
Anchetas,6457,alimentacion,True,DANE_ENIG,1,anchetas monto:bajo
Café molido,6609,alimentacion,True,DANE_ENIG,1,café molido monto:bajo
Café instantáneo en polvo o granulado,3560,alimentacion,True,DANE_ENIG,1,café instantáneo en polvo o granulado monto:bajo
Café en grano,1213,alimentacion,True,DANE_ENIG,1,café en grano monto:bajo
"Otras bebidas preparadas con café instantáneo: capuchino, mocachino, café con leche",787,alimentacion,True,DANE_ENIG,1,"otras bebidas preparadas con café instantáneo: capuchino, mocachino, café con leche monto:bajo"
Extractos y esencias de café,204,alimentacion,True,DANE_ENIG,1,extractos y esencias de café monto:bajo
Chocolate en pastillas (con y sin azúcar),5532,alimentacion,True,DANE_ENIG,1,chocolate en pastillas (con y sin azúcar) monto:bajo
Chocolate instantáneo en polvo o granulado,1908,alimentacion,True,DANE_ENIG,1,chocolate instantáneo en polvo o granulado monto:bajo
Cocoa y chucula,496,alimentacion,True,DANE_ENIG,1,cocoa y chucula monto:bajo
Polvo para preparar bebidas achocolatadas,526,alimentacion,True,DANE_ENIG,1,polvo para preparar bebidas achocolatadas monto:bajo
Bebidas achocolatadas listas para consumir,581,alimentacion,True,DANE_ENIG,1,bebidas achocolatadas listas para consumir monto:bajo
Té,394,alimentacion,True,DANE_ENIG,1,té monto:bajo
"Hierbas aromáticas (secas y frescas), mate",394,alimentacion,True,DANE_ENIG,1,"hierbas aromáticas (secas y frescas), mate monto:bajo"
Agua mineral,6126,alimentacion,True,DANE_ENIG,1,agua mineral monto:bajo
Agua en lata o de carrotanque,6428,alimentacion,True,DANE_ENIG,1,agua en lata o de carrotanque monto:bajo
Hielo,1629,alimentacion,True,DANE_ENIG,1,hielo monto:bajo
Gaseosas,13425,alimentacion,False,DANE_ENIG,1,gaseosas monto:bajo
Maltas,2425,alimentacion,True,DANE_ENIG,1,maltas monto:bajo
Refrescos líquidos empacados (jugos y bebidas hidratantes),3194,alimentacion,True,DANE_ENIG,1,refrescos líquidos empacados (jugos y bebidas hidratantes) monto:bajo
Concentrados para preparar refrescos,3533,alimentacion,True,DANE_ENIG,1,concentrados para preparar refrescos monto:bajo
Aguardiente,33228,alimentacion,False,DANE_ENIG,1,aguardiente monto:medio
Ron,37510,alimentacion,False,DANE_ENIG,1,ron monto:medio
"Whisky, brandy, vodka, ginebra, cognac, tequila y similares",100127,alimentacion,False,DANE_ENIG,1,"whisky, brandy, vodka, ginebra, cognac, tequila y similares monto:medio"
"Cremas de licor (de amareto, de whisky, etc.), sabajón y ponche crema",32322,alimentacion,False,DANE_ENIG,1,"cremas de licor (de amareto, de whisky, etc.), sabajón y ponche crema monto:medio"
"Otras bebidas alcohólicas: aperitivos que no sean a base de vino, mezclas de coc",18736,alimentacion,False,DANE_ENIG,1,"otras bebidas alcohólicas: aperitivos que no sean a base de vino, mezclas de coc monto:bajo"
"Vino, champaña, jerez y aperitivos a base de vino",22341,alimentacion,False,DANE_ENIG,1,"vino, champaña, jerez y aperitivos a base de vino monto:bajo"
Cerveza nacional e importada,29323,alimentacion,False,DANE_ENIG,1,cerveza nacional e importada monto:bajo
Refajo preparado: Cola y Pola,10281,alimentacion,False,DANE_ENIG,1,refajo preparado: cola y pola monto:bajo
Cigarrillos con filtro,18813,alimentacion,False,DANE_ENIG,1,cigarrillos con filtro monto:bajo
Cigarrillos sin filtro,8354,alimentacion,True,DANE_ENIG,1,cigarrillos sin filtro monto:bajo
Tabacos y picadura para pipa o para armar cigarrillos,8805,alimentacion,True,DANE_ENIG,1,tabacos y picadura para pipa o para armar cigarrillos monto:bajo
"Estupefacientes: cocaína, éxtasis, heroína, marihuana, bazuco, crack, etc.",7790,alimentacion,True,DANE_ENIG,1,"estupefacientes: cocaína, éxtasis, heroína, marihuana, bazuco, crack, etc. monto:bajo"
"Telas para la confección de ropa de hombre, mujer, niño, niña y bebé",13802,alimentacion,False,DANE_ENIG,1,"telas para la confección de ropa de hombre, mujer, niño, niña y bebé monto:bajo"
Camisas para hombre,19883,alimentacion,False,DANE_ENIG,1,camisas para hombre monto:bajo
"Camisetas, franelas, esqueletos, polos para hombre",14064,alimentacion,False,DANE_ENIG,1,"camisetas, franelas, esqueletos, polos para hombre monto:bajo"
"Calzoncillos, pantaloncillos, boxers para hombre",8338,alimentacion,True,DANE_ENIG,1,"calzoncillos, pantaloncillos, boxers para hombre monto:bajo"
Medias y calcetines para hombre,4930,alimentacion,True,DANE_ENIG,1,medias y calcetines para hombre monto:bajo
Pantalones para hombre,21922,alimentacion,False,DANE_ENIG,1,pantalones para hombre monto:bajo
jeans para hombre,27143,alimentacion,False,DANE_ENIG,1,jeans para hombre monto:bajo
"Bermudas, pantalonetas y pantalón corto para hombre",9944,alimentacion,True,DANE_ENIG,1,"bermudas, pantalonetas y pantalón corto para hombre monto:bajo"
"Vestido completo (sólo pantalón, chaqueta y/o chaleco) para hombre",108824,alimentacion,False,DANE_ENIG,1,"vestido completo (sólo pantalón, chaqueta y/o chaleco) para hombre monto:medio"
"Blazers, chaquetas, chaquetones, chompas y sacos de sport en paño, cuero, gamuza",32096,alimentacion,False,DANE_ENIG,1,"blazers, chaquetas, chaquetones, chompas y sacos de sport en paño, cuero, gamuza monto:medio"
"Buzos, chalecos, sacos de lana y similares para hombre",18318,alimentacion,False,DANE_ENIG,1,"buzos, chalecos, sacos de lana y similares para hombre monto:bajo"
"Gabardinas, gabanes, abrigos y sobretodos para hombre",38830,alimentacion,False,DANE_ENIG,1,"gabardinas, gabanes, abrigos y sobretodos para hombre monto:medio"
Capas e impermeables para hombre,13095,alimentacion,False,DANE_ENIG,1,capas e impermeables para hombre monto:bajo
"Sudaderas, trusas y bicicleteros para hombre",19512,alimentacion,False,DANE_ENIG,1,"sudaderas, trusas y bicicleteros para hombre monto:bajo"
Pantalonetas de baño para hombre,8830,alimentacion,True,DANE_ENIG,1,pantalonetas de baño para hombre monto:bajo
Pijamas y batas para hombre,12453,alimentacion,False,DANE_ENIG,1,pijamas y batas para hombre monto:bajo
Otros artículos de vestir para hombre (depotivos y formales),13190,alimentacion,False,DANE_ENIG,1,otros artículos de vestir para hombre (depotivos y formales) monto:bajo
Blusas para mujer,16185,alimentacion,False,DANE_ENIG,1,blusas para mujer monto:bajo
"Camisetas, franelas y bodies para mujer",14529,alimentacion,False,DANE_ENIG,1,"camisetas, franelas y bodies para mujer monto:bajo"
"Pantalones, slacks y chicles para mujer",20838,alimentacion,False,DANE_ENIG,1,"pantalones, slacks y chicles para mujer monto:bajo"
"Shorts, bermudas y pantalonetas para mujer",13625,alimentacion,False,DANE_ENIG,1,"shorts, bermudas y pantalonetas para mujer monto:bajo"
Jeans para mujer,25556,alimentacion,False,DANE_ENIG,1,jeans para mujer monto:bajo
Faldas para mujer,13332,alimentacion,False,DANE_ENIG,1,faldas para mujer monto:bajo
"Brassieres, tops y sostenes para mujer",11226,alimentacion,False,DANE_ENIG,1,"brassieres, tops y sostenes para mujer monto:bajo"
Pantys (interiores) para mujer,7901,alimentacion,True,DANE_ENIG,1,pantys (interiores) para mujer monto:bajo
Media de lana y otros materiales diferente a velada para mujer,4597,alimentacion,True,DANE_ENIG,1,media de lana y otros materiales diferente a velada para mujer monto:bajo
Medias veladas para mujer,10020,alimentacion,False,DANE_ENIG,1,medias veladas para mujer monto:bajo
"Enaguas, fondos y combinaciones para mujer",6337,alimentacion,True,DANE_ENIG,1,"enaguas, fondos y combinaciones para mujer monto:bajo"
Vestidos confeccionados para mujer,34273,alimentacion,False,DANE_ENIG,1,vestidos confeccionados para mujer monto:medio
"Buzos, chalecos, sacos de lana y similares para mujer",17781,alimentacion,False,DANE_ENIG,1,"buzos, chalecos, sacos de lana y similares para mujer monto:bajo"
"Blazers, chaquetas, chaquetones y sacos de sport en paño, cuero, gamuza y otros materiales para muje",26679,alimentacion,False,DANE_ENIG,1,"blazers, chaquetas, chaquetones y sacos de sport en paño, cuero, gamuza y otros materiales para muje monto:bajo"
"Gabardinas, gabanes, abrigos y sobretodos para mujer",35112,alimentacion,False,DANE_ENIG,1,"gabardinas, gabanes, abrigos y sobretodos para mujer monto:medio"
Capas e impermeables para mujer,17439,alimentacion,False,DANE_ENIG,1,capas e impermeables para mujer monto:bajo
"Sudaderas, trusas y bicicleteros para mujer",13227,alimentacion,False,DANE_ENIG,1,"sudaderas, trusas y bicicleteros para mujer monto:bajo"
Traje de baño para mujer,16340,alimentacion,False,DANE_ENIG,1,traje de baño para mujer monto:bajo
Pijamas y batas para mujer,12098,alimentacion,False,DANE_ENIG,1,pijamas y batas para mujer monto:bajo
Otros artículos de vestir para mujer (deportivos y formales),24053,alimentacion,False,DANE_ENIG,1,otros artículos de vestir para mujer (deportivos y formales) monto:bajo
Camisas para niño,10636,alimentacion,False,DANE_ENIG,1,camisas para niño monto:bajo
"Camisetas, franelas, esqueletos, polos para niño",9809,alimentacion,True,DANE_ENIG,1,"camisetas, franelas, esqueletos, polos para niño monto:bajo"
"Calzoncillos, pantaloncillos, boxers para niño",5048,alimentacion,True,DANE_ENIG,1,"calzoncillos, pantaloncillos, boxers para niño monto:bajo"
Medias y calcetines para niño,3761,alimentacion,True,DANE_ENIG,1,medias y calcetines para niño monto:bajo
Pantalones para niño,12333,alimentacion,False,DANE_ENIG,1,pantalones para niño monto:bajo
Jeans para niño,16558,alimentacion,False,DANE_ENIG,1,jeans para niño monto:bajo
"Bermudas, pantalonetas y pantalón corto para niño",8840,alimentacion,True,DANE_ENIG,1,"bermudas, pantalonetas y pantalón corto para niño monto:bajo"
"Vestido completo (sólo pantalón, chaqueta y/o chaleco) para niño",21694,alimentacion,False,DANE_ENIG,1,"vestido completo (sólo pantalón, chaqueta y/o chaleco) para niño monto:bajo"
"Blazers, chaquetas, chompas y sacos de sport en paño, cuero, gamuza y otros mate",17475,alimentacion,False,DANE_ENIG,1,"blazers, chaquetas, chompas y sacos de sport en paño, cuero, gamuza y otros mate monto:bajo"
"Buzos, chalecos, sacos de lana y similares para niño",11988,alimentacion,False,DANE_ENIG,1,"buzos, chalecos, sacos de lana y similares para niño monto:bajo"
"Gabardinas, gabanes, abrigos y sobretodo para niño",32969,alimentacion,False,DANE_ENIG,1,"gabardinas, gabanes, abrigos y sobretodo para niño monto:medio"
Capas e impermeables para niño,4797,alimentacion,True,DANE_ENIG,1,capas e impermeables para niño monto:bajo
"Sudaderas, trusas y bicicleteros para niño",12919,alimentacion,False,DANE_ENIG,1,"sudaderas, trusas y bicicleteros para niño monto:bajo"
Pantalonetas de baño para niño,5784,alimentacion,True,DANE_ENIG,1,pantalonetas de baño para niño monto:bajo
Pijamas y batas para niño,9294,alimentacion,True,DANE_ENIG,1,pijamas y batas para niño monto:bajo
Otros artículos de vestir para niño (deportivos y formales),17110,alimentacion,False,DANE_ENIG,1,otros artículos de vestir para niño (deportivos y formales) monto:bajo
Blusas para niña,10176,alimentacion,False,DANE_ENIG,1,blusas para niña monto:bajo
"Camisetas, franelas y bodies para niña",7716,alimentacion,True,DANE_ENIG,1,"camisetas, franelas y bodies para niña monto:bajo"
"Pantalones, slacks y chicles para niña",11643,alimentacion,False,DANE_ENIG,1,"pantalones, slacks y chicles para niña monto:bajo"
"Shorts, bermudas y pantalonetas para niña",8552,alimentacion,True,DANE_ENIG,1,"shorts, bermudas y pantalonetas para niña monto:bajo"
jeans para niña,16679,alimentacion,False,DANE_ENIG,1,jeans para niña monto:bajo
Faldas para niña,9549,alimentacion,True,DANE_ENIG,1,faldas para niña monto:bajo
Vestidos confeccionados para niña,16380,alimentacion,False,DANE_ENIG,1,vestidos confeccionados para niña monto:bajo
"Enaguas, fondos, combinaciones para niña",5072,alimentacion,True,DANE_ENIG,1,"enaguas, fondos, combinaciones para niña monto:bajo"
Pantys (interiores) para niña,4576,alimentacion,True,DANE_ENIG,1,pantys (interiores) para niña monto:bajo
"Brassieres, sostenes, tops y acostumbradores para niña",6871,alimentacion,True,DANE_ENIG,1,"brassieres, sostenes, tops y acostumbradores para niña monto:bajo"
"Media tobillera, media pantalón, media media (velada, de lana y otros materiales",3113,alimentacion,True,DANE_ENIG,1,"media tobillera, media pantalón, media media (velada, de lana y otros materiales monto:bajo"
"Buzos, chalecos, sacos de lana y similares para niña",10451,alimentacion,False,DANE_ENIG,1,"buzos, chalecos, sacos de lana y similares para niña monto:bajo"
"Blazers, chaquetas, chaquetones y sacos de sport en paño, cuero, gamuza y otros",14834,alimentacion,False,DANE_ENIG,1,"blazers, chaquetas, chaquetones y sacos de sport en paño, cuero, gamuza y otros monto:bajo"
"Gabardinas, gabanes, abrigos y sobretodos para niña",4509,alimentacion,True,DANE_ENIG,1,"gabardinas, gabanes, abrigos y sobretodos para niña monto:bajo"
Capas e impermeables para niña,1685,alimentacion,True,DANE_ENIG,1,capas e impermeables para niña monto:bajo
"Sudaderas, trusas y bicicleteros para niña",15295,alimentacion,False,DANE_ENIG,1,"sudaderas, trusas y bicicleteros para niña monto:bajo"
Traje de baño para niña,14128,alimentacion,False,DANE_ENIG,1,traje de baño para niña monto:bajo
Pijamas y batas para niña,9031,alimentacion,True,DANE_ENIG,1,pijamas y batas para niña monto:bajo
Otros artículos de vestir para niña (deportivos y formales),18330,alimentacion,False,DANE_ENIG,1,otros artículos de vestir para niña (deportivos y formales) monto:bajo
"Camisitas, franelas para bebé",6875,alimentacion,True,DANE_ENIG,1,"camisitas, franelas para bebé monto:bajo"
"Vestiditos confeccionados para bebé, mamelucos, etc.",12186,alimentacion,False,DANE_ENIG,1,"vestiditos confeccionados para bebé, mamelucos, etc. monto:bajo"
"Escarpines, patines, mitones, zapatos de tela, medias, gorritos y bufandas para bebe",4435,alimentacion,True,DANE_ENIG,1,"escarpines, patines, mitones, zapatos de tela, medias, gorritos y bufandas para bebe monto:bajo"
Pijamitas y talegos para dormir para bebé,8803,alimentacion,True,DANE_ENIG,1,pijamitas y talegos para dormir para bebé monto:bajo
"Buzos, ruanas, sacos de lana y similares para bebé",8375,alimentacion,True,DANE_ENIG,1,"buzos, ruanas, sacos de lana y similares para bebé monto:bajo"
Pañales de tela para bebé,5641,alimentacion,True,DANE_ENIG,1,pañales de tela para bebé monto:bajo
"Pantaloncitos de tela, plástico, caucho y similares para bebé",7760,alimentacion,True,DANE_ENIG,1,"pantaloncitos de tela, plástico, caucho y similares para bebé monto:bajo"
Fajeros y cambiadores,3532,alimentacion,True,DANE_ENIG,1,fajeros y cambiadores monto:bajo
Otros artículos de vestir para bebé,12979,alimentacion,False,DANE_ENIG,1,otros artículos de vestir para bebé monto:bajo
Corbatas y corbatines,15259,alimentacion,False,DANE_ENIG,1,corbatas y corbatines monto:bajo
"Correas, tirantas y calzonarias para hombre",7047,alimentacion,True,DANE_ENIG,1,"correas, tirantas y calzonarias para hombre monto:bajo"
Pañuelos para hombre,3067,alimentacion,True,DANE_ENIG,1,pañuelos para hombre monto:bajo
Ruanas y ponchos para hombre,14098,alimentacion,False,DANE_ENIG,1,ruanas y ponchos para hombre monto:bajo
Bufandas y guantes para hombre,6043,alimentacion,True,DANE_ENIG,1,bufandas y guantes para hombre monto:bajo
"Sombreros, gorros, cachuchas, boinas, viseras para hombre",9450,alimentacion,True,DANE_ENIG,1,"sombreros, gorros, cachuchas, boinas, viseras para hombre monto:bajo"
Pañuelos y pañoletas para mujer,5167,alimentacion,True,DANE_ENIG,1,pañuelos y pañoletas para mujer monto:bajo
Cinturones y tirantas para mujer,5756,alimentacion,True,DANE_ENIG,1,cinturones y tirantas para mujer monto:bajo
"Ruanas, chales, pañolones y ponchos para mujer",16434,alimentacion,False,DANE_ENIG,1,"ruanas, chales, pañolones y ponchos para mujer monto:bajo"
Bufandas y guantes para mujer,6010,alimentacion,True,DANE_ENIG,1,bufandas y guantes para mujer monto:bajo
"Sombreros, gorros, cachuchas, boinas, viseras para mujer",8082,alimentacion,True,DANE_ENIG,1,"sombreros, gorros, cachuchas, boinas, viseras para mujer monto:bajo"
Guantes (de jardinería o de trabajo) en material diferente a caucho,1855,alimentacion,True,DANE_ENIG,1,guantes (de jardinería o de trabajo) en material diferente a caucho monto:bajo
Cascos protectores para ciclista y motociclista,15506,alimentacion,False,DANE_ENIG,1,cascos protectores para ciclista y motociclista monto:bajo
"Hilos, cremalleras, botones, metro de costura, hombreras, encajes, broches, ganchos para ropa, hebil",2348,alimentacion,True,DANE_ENIG,1,"hilos, cremalleras, botones, metro de costura, hombreras, encajes, broches, ganchos para ropa, hebil monto:bajo"
"Baberos, broches y ganchos para bebé",3964,alimentacion,True,DANE_ENIG,1,"baberos, broches y ganchos para bebé monto:bajo"
"Madejas de lana y otros materiales para coser, tejer y bordar",8834,alimentacion,True,DANE_ENIG,1,"madejas de lana y otros materiales para coser, tejer y bordar monto:bajo"
"Confección y reparación de prendas de vestir en general (hombre, mujer, niños, niñas)",8758,alimentacion,True,DANE_ENIG,1,"confección y reparación de prendas de vestir en general (hombre, mujer, niños, niñas) monto:bajo"
Teñido de prendas de vestir,3789,alimentacion,True,DANE_ENIG,1,teñido de prendas de vestir monto:bajo
Lavado y planchado de ropa fuera del hogar (en lavandería u otro hogar),20476,alimentacion,False,DANE_ENIG,1,lavado y planchado de ropa fuera del hogar (en lavandería u otro hogar) monto:bajo
"Alquiler de prendas de vestir en general (hombre mujer, niños, niñas y bebés)",17087,alimentacion,False,DANE_ENIG,1,"alquiler de prendas de vestir en general (hombre mujer, niños, niñas y bebés) monto:bajo"
"Zapatos en cuero, caucho, goma y similares para hombre",29034,alimentacion,False,DANE_ENIG,1,"zapatos en cuero, caucho, goma y similares para hombre monto:bajo"
"Botas en cuero, caucho, goma y similares para hombre",17866,alimentacion,False,DANE_ENIG,1,"botas en cuero, caucho, goma y similares para hombre monto:bajo"
"Tenis, zapatillas y otros zapatos deportivos para hombre (excluyendo zapatos para deportes específic",37641,alimentacion,False,DANE_ENIG,1,"tenis, zapatillas y otros zapatos deportivos para hombre (excluyendo zapatos para deportes específic monto:medio"
"Pantuflas, sandalias, abuelitas, chanclas, cotizas y alpargatas para hombre",7202,alimentacion,True,DANE_ENIG,1,"pantuflas, sandalias, abuelitas, chanclas, cotizas y alpargatas para hombre monto:bajo"
"Calzado plano en cuero, caucho, goma y similares para mujer",17638,alimentacion,False,DANE_ENIG,1,"calzado plano en cuero, caucho, goma y similares para mujer monto:bajo"
"Calzado de tacón en cuero, caucho, goma y similares para mujer",22124,alimentacion,False,DANE_ENIG,1,"calzado de tacón en cuero, caucho, goma y similares para mujer monto:bajo"
"Botas en cuero, caucho, goma y similares para mujer",34217,alimentacion,False,DANE_ENIG,1,"botas en cuero, caucho, goma y similares para mujer monto:medio"
"Tenis, zapatillas y otros zapatos deportivos para mujer (excluyendo zapatos para deportes específico",24386,alimentacion,False,DANE_ENIG,1,"tenis, zapatillas y otros zapatos deportivos para mujer (excluyendo zapatos para deportes específico monto:bajo"
"Pantuflas, sandalias, abuelitas, chanclas, cotizas y alpargatas para mujer",9059,alimentacion,True,DANE_ENIG,1,"pantuflas, sandalias, abuelitas, chanclas, cotizas y alpargatas para mujer monto:bajo"
"Zapatos en cuero, caucho, goma y similares para niño",16667,alimentacion,False,DANE_ENIG,1,"zapatos en cuero, caucho, goma y similares para niño monto:bajo"
"Botas en cuero, caucho, goma y similares para niño",12677,alimentacion,False,DANE_ENIG,1,"botas en cuero, caucho, goma y similares para niño monto:bajo"
"Tenis, zapatillas y otros zapatos deportivos para niño (excluyendo zapatos para deportes específicos",18844,alimentacion,False,DANE_ENIG,1,"tenis, zapatillas y otros zapatos deportivos para niño (excluyendo zapatos para deportes específicos monto:bajo"
"Pantuflas, sandalias, abuelitas, chanclas, cotizas y alpargatas para niño",5835,alimentacion,True,DANE_ENIG,1,"pantuflas, sandalias, abuelitas, chanclas, cotizas y alpargatas para niño monto:bajo"
"Calzado plano en cuero, caucho, goma y similares para niña",13620,alimentacion,False,DANE_ENIG,1,"calzado plano en cuero, caucho, goma y similares para niña monto:bajo"
"Calzado de tacón en cuero, caucho, goma y similares para niña",11230,alimentacion,False,DANE_ENIG,1,"calzado de tacón en cuero, caucho, goma y similares para niña monto:bajo"
"Botas en cuero, caucho, goma y similares para niña",15844,alimentacion,False,DANE_ENIG,1,"botas en cuero, caucho, goma y similares para niña monto:bajo"
"Tenis, zapatillas y otros zapatos deportivos para niña (excluyendo zapatos para deportes específicos",16512,alimentacion,False,DANE_ENIG,1,"tenis, zapatillas y otros zapatos deportivos para niña (excluyendo zapatos para deportes específicos monto:bajo"
"Pantuflas, sandalias, abuelitas, chanclas, cotizas y alpargatas para niña",7194,alimentacion,True,DANE_ENIG,1,"pantuflas, sandalias, abuelitas, chanclas, cotizas y alpargatas para niña monto:bajo"
"Calzado para bebé: zapatos, botas y tenis",7450,alimentacion,True,DANE_ENIG,1,"calzado para bebé: zapatos, botas y tenis monto:bajo"
"Accesorios para calzado: Plantillas, hormas, adaptadores para calzado y calzador",5356,alimentacion,True,DANE_ENIG,1,"accesorios para calzado: plantillas, hormas, adaptadores para calzado y calzador monto:bajo"
Lustrado y limpieza de zapatos,10161,alimentacion,False,DANE_ENIG,1,lustrado y limpieza de zapatos monto:bajo
"Reparación de calzado: remonta, tapas, costuras, etc",3747,alimentacion,True,DANE_ENIG,1,"reparación de calzado: remonta, tapas, costuras, etc monto:bajo"
Alquiler de calzado,10169,alimentacion,False,DANE_ENIG,1,alquiler de calzado monto:bajo
Arriendo efectivo mensual por la vivienda que habita el hogar,214213,servicios,False,DANE_ENIG,1,arriendo efectivo mensual por la vivienda que habita el hogar monto:alto
Arriendo por viviendas para uso del hogar diferentes a la que habita,204686,servicios,False,DANE_ENIG,1,arriendo por viviendas para uso del hogar diferentes a la que habita monto:alto
Arriendo imputado por la vivienda propia que habita el hogar,233741,servicios,False,DANE_ENIG,1,arriendo imputado por la vivienda propia que habita el hogar monto:alto
"Arriendo imputado por la vivienda en usufructo, posesión u ocupación que habita",142501,servicios,False,DANE_ENIG,1,"arriendo imputado por la vivienda en usufructo, posesión u ocupación que habita monto:medio"
Pinturas y barnices para vivienda,13362,servicios,False,DANE_ENIG,1,pinturas y barnices para vivienda monto:bajo
Papel de colgadura y recubrimientos textiles para paredes,8160,servicios,False,DANE_ENIG,1,papel de colgadura y recubrimientos textiles para paredes monto:bajo
"Baldosas, celosías, mármoles, cerámicas, cenefas de enchape (para interiores y y para baño y cocina)",83207,servicios,False,DANE_ENIG,1,"baldosas, celosías, mármoles, cerámicas, cenefas de enchape (para interiores y y para baño y cocina) monto:medio"
Vidriería para puertas y ventanas,11433,servicios,False,DANE_ENIG,1,vidriería para puertas y ventanas monto:bajo
"Yeso, cemento, masilla, pegantes",16884,servicios,False,DANE_ENIG,1,"yeso, cemento, masilla, pegantes monto:bajo"
"Tubos para el agua, grifos, codos, sifones, etc.",6721,servicios,False,DANE_ENIG,1,"tubos para el agua, grifos, codos, sifones, etc. monto:bajo"
Tablones para pisos,37506,servicios,False,DANE_ENIG,1,tablones para pisos monto:medio
Puertas y ventanas,29448,servicios,False,DANE_ENIG,1,puertas y ventanas monto:bajo
"Otros materiales para la conservación y la reparación de la vivienda: tejas, cielo raso, tanque de a",55570,servicios,False,DANE_ENIG,1,"otros materiales para la conservación y la reparación de la vivienda: tejas, cielo raso, tanque de a monto:medio"
Mantenimiento y reparación de aire acondicionado y calefacción,8457,servicios,False,DANE_ENIG,1,mantenimiento y reparación de aire acondicionado y calefacción monto:bajo
Mantenimiento y reparación de cañerias de agua y ductos e instalaciones de gas,14613,servicios,False,DANE_ENIG,1,mantenimiento y reparación de cañerias de agua y ductos e instalaciones de gas monto:bajo
Mantenimiento y reparación de ductos de ascensor,15983,servicios,False,DANE_ENIG,1,mantenimiento y reparación de ductos de ascensor monto:bajo
Mantenimiento y reparación de redes eléctricas y telefónicas,13184,servicios,False,DANE_ENIG,1,mantenimiento y reparación de redes eléctricas y telefónicas monto:bajo
Mantenimiento y reparación de techos y pisos,43551,servicios,False,DANE_ENIG,1,mantenimiento y reparación de techos y pisos monto:medio
Limpieza de exteriores de edificaciones,5633,servicios,False,DANE_ENIG,1,limpieza de exteriores de edificaciones monto:bajo
Pavimentación y revestimiento de suelos,36875,servicios,False,DANE_ENIG,1,pavimentación y revestimiento de suelos monto:medio
Ampliación o subdivisión de la vivienda,353969,servicios,False,DANE_ENIG,1,ampliación o subdivisión de la vivienda monto:alto
"Otros servicios para el mantenimiento y reparación de la vivienda: cerrajería, pintura, enchape, car",44338,servicios,False,DANE_ENIG,1,"otros servicios para el mantenimiento y reparación de la vivienda: cerrajería, pintura, enchape, car monto:medio"
"Instalación, conexión, contador de agua",5732,servicios,False,DANE_ENIG,1,"instalación, conexión, contador de agua monto:bajo"
Acueducto,21232,servicios,False,DANE_ENIG,1,acueducto monto:bajo
Reconexión del servicio de acueducto,6305,servicios,False,DANE_ENIG,1,reconexión del servicio de acueducto monto:bajo
Recolección de basuras y aseo,7143,servicios,False,DANE_ENIG,1,recolección de basuras y aseo monto:bajo
Pagos a recogedor de basuras y desechos,18193,servicios,False,DANE_ENIG,1,pagos a recogedor de basuras y desechos monto:bajo
Instalación o conexión al servicio de alcantarillado,14488,servicios,False,DANE_ENIG,1,instalación o conexión al servicio de alcantarillado monto:bajo
Alcantarillado,10407,servicios,False,DANE_ENIG,1,alcantarillado monto:bajo
Cuotas mensuales de administración de la vivienda para uso del hogar,121400,servicios,False,DANE_ENIG,1,cuotas mensuales de administración de la vivienda para uso del hogar monto:medio
Cuotas extraordinarias de administración,14406,servicios,False,DANE_ENIG,1,cuotas extraordinarias de administración monto:bajo
Celaduría comunal,21005,servicios,False,DANE_ENIG,1,celaduría comunal monto:bajo
Gastos de conservación en jardinería,15124,servicios,False,DANE_ENIG,1,gastos de conservación en jardinería monto:bajo
"Instalación, conexión, contador del servicio de energía eléctrica",7980,servicios,False,DANE_ENIG,1,"instalación, conexión, contador del servicio de energía eléctrica monto:bajo"
Energía eléctrica,34260,servicios,False,DANE_ENIG,1,energía eléctrica monto:medio
Reconexión del servicio de energía eléctrica,2065,servicios,False,DANE_ENIG,1,reconexión del servicio de energía eléctrica monto:bajo
Alumbrado público,3905,servicios,False,DANE_ENIG,1,alumbrado público monto:bajo
Compra de gas propano en pipeta o cilindro o por ducto,29141,servicios,False,DANE_ENIG,1,compra de gas propano en pipeta o cilindro o por ducto monto:bajo
"Instalación, conexión, contador del servicio de gas natural",8411,servicios,False,DANE_ENIG,1,"instalación, conexión, contador del servicio de gas natural monto:bajo"
Gas natural por tubería,15436,servicios,False,DANE_ENIG,1,gas natural por tubería monto:bajo
Reconexión del servicio de gas natural,1491,servicios,False,DANE_ENIG,1,reconexión del servicio de gas natural monto:bajo
"Combustibles líquidos para cocinar: gasolina, kerosene, petróleo, alcohol, etc.",11802,servicios,False,DANE_ENIG,1,"combustibles líquidos para cocinar: gasolina, kerosene, petróleo, alcohol, etc. monto:bajo"
"Combustibles sólidos para cocinar: leña, carbón vegetal, carbón, mineral, etc.",13506,servicios,False,DANE_ENIG,1,"combustibles sólidos para cocinar: leña, carbón vegetal, carbón, mineral, etc. monto:bajo"
Cama sencilla,18348,alimentacion,False,DANE_ENIG,1,cama sencilla monto:bajo
"Cama semidoble, doble, king size",31491,alimentacion,False,DANE_ENIG,1,"cama semidoble, doble, king size monto:medio"
Cunas y corral para bebé,20332,alimentacion,False,DANE_ENIG,1,cunas y corral para bebé monto:bajo
Juego completo de muebles de alcoba,78999,alimentacion,False,DANE_ENIG,1,juego completo de muebles de alcoba monto:medio
Juego completo de muebles de sala,81638,alimentacion,False,DANE_ENIG,1,juego completo de muebles de sala monto:medio
Juego completo de muebles de comedor,61757,alimentacion,False,DANE_ENIG,1,juego completo de muebles de comedor monto:medio
Gabinetes de baño,14646,alimentacion,False,DANE_ENIG,1,gabinetes de baño monto:bajo
Cocina integral,103467,alimentacion,False,DANE_ENIG,1,cocina integral monto:medio
Muebles y gabinetes para cocina,23625,alimentacion,False,DANE_ENIG,1,muebles y gabinetes para cocina monto:bajo
Escritorios y mesas de dibujo,26223,alimentacion,False,DANE_ENIG,1,escritorios y mesas de dibujo monto:bajo
Muebles para computador o centros de entretenimiento,11547,alimentacion,False,DANE_ENIG,1,muebles para computador o centros de entretenimiento monto:bajo
"Colchones, somiers y colchonetas",18015,alimentacion,False,DANE_ENIG,1,"colchones, somiers y colchonetas monto:bajo"
"Bases para colchón, catres",6941,alimentacion,True,DANE_ENIG,1,"bases para colchón, catres monto:bajo"
"Sillas, sillones, sofás, sofacamas",15045,alimentacion,False,DANE_ENIG,1,"sillas, sillones, sofás, sofacamas monto:bajo"
"Asientos, mecedoras, butacos, bancas",7255,alimentacion,True,DANE_ENIG,1,"asientos, mecedoras, butacos, bancas monto:bajo"
"Armarios, clósets, cómodas, chifoniers, escaparates, roperos, baules",18777,alimentacion,False,DANE_ENIG,1,"armarios, clósets, cómodas, chifoniers, escaparates, roperos, baules monto:bajo"
Bibliotecas y muebles modulares,17143,alimentacion,False,DANE_ENIG,1,bibliotecas y muebles modulares monto:bajo
"Otros muebles y accesorios para el hogar:biffé, tocadores, vitrinas, archivadore",13778,alimentacion,False,DANE_ENIG,1,"otros muebles y accesorios para el hogar:biffé, tocadores, vitrinas, archivadore monto:bajo"
Lámparas de techo o de pie,9247,alimentacion,True,DANE_ENIG,1,lámparas de techo o de pie monto:bajo
Pantallas de mesa,5658,alimentacion,True,DANE_ENIG,1,pantallas de mesa monto:bajo
"Velas, veladoras, velones",2717,alimentacion,True,DANE_ENIG,1,"velas, veladoras, velones monto:bajo"
Candeleros y candelabros,11033,alimentacion,False,DANE_ENIG,1,candeleros y candelabros monto:bajo
Cuadros y pinturas de arte,19879,alimentacion,False,DANE_ENIG,1,cuadros y pinturas de arte monto:bajo
Reproducciones de cuadros y pinturas,11130,alimentacion,False,DANE_ENIG,1,reproducciones de cuadros y pinturas monto:bajo
"Dibujos, grabados, tapices",342,alimentacion,True,DANE_ENIG,1,"dibujos, grabados, tapices monto:bajo"
"Estatuillas, esculturas, porcelanas y objetos de decoración en plata o metal",11984,alimentacion,False,DANE_ENIG,1,"estatuillas, esculturas, porcelanas y objetos de decoración en plata o metal monto:bajo"
Otros objetos artísticos,3259,alimentacion,True,DANE_ENIG,1,otros objetos artísticos monto:bajo
"Espejos, portaretratos y percheros",6280,alimentacion,True,DANE_ENIG,1,"espejos, portaretratos y percheros monto:bajo"
Persianas de materiales diferentes a tela,36985,alimentacion,False,DANE_ENIG,1,persianas de materiales diferentes a tela monto:medio
Alfombras y tapetes fijos y sueltos,9344,alimentacion,True,DANE_ENIG,1,alfombras y tapetes fijos y sueltos monto:bajo
Mano de obra para colocación de alfombras y tapetes,538,alimentacion,True,DANE_ENIG,1,mano de obra para colocación de alfombras y tapetes monto:bajo
"Reparación de muebles, accesorios y materiales para pisos",31512,alimentacion,False,DANE_ENIG,1,"reparación de muebles, accesorios y materiales para pisos monto:medio"
Restauración de obras de arte y de muebles antiguos,16916,alimentacion,False,DANE_ENIG,1,restauración de obras de arte y de muebles antiguos monto:bajo
"Telas para confeccionar ropa de cama, manteles, cortinas y forros de muebles",7691,alimentacion,True,DANE_ENIG,1,"telas para confeccionar ropa de cama, manteles, cortinas y forros de muebles monto:bajo"
"Juego completo de sábanas, sobresábanas y fundas",5424,alimentacion,True,DANE_ENIG,1,"juego completo de sábanas, sobresábanas y fundas monto:bajo"
"Sábanas, sobresabanas y fundas sueltas",4002,alimentacion,True,DANE_ENIG,1,"sábanas, sobresabanas y fundas sueltas monto:bajo"
"Cubrelechos, cubrecamas, colchas para cama",8470,alimentacion,True,DANE_ENIG,1,"cubrelechos, cubrecamas, colchas para cama monto:bajo"
Cobijas y mantas para adultos,5294,alimentacion,True,DANE_ENIG,1,cobijas y mantas para adultos monto:bajo
"Cobijas, mantas y cobertores para bebés",3798,alimentacion,True,DANE_ENIG,1,"cobijas, mantas y cobertores para bebés monto:bajo"
"Almohadas, cojines, almohadones",2072,alimentacion,True,DANE_ENIG,1,"almohadas, cojines, almohadones monto:bajo"
"Hamacas, chinchorros, toldillos, mosquiteros",3672,alimentacion,True,DANE_ENIG,1,"hamacas, chinchorros, toldillos, mosquiteros monto:bajo"
"Ropa de mesa: Manteles, caminos de mesa, individuales y servilletas de tela para comedor",3278,alimentacion,True,DANE_ENIG,1,"ropa de mesa: manteles, caminos de mesa, individuales y servilletas de tela para comedor monto:bajo"
Toallas de tela para baño,2177,alimentacion,True,DANE_ENIG,1,toallas de tela para baño monto:bajo
Juego de lencería para baño,4210,alimentacion,True,DANE_ENIG,1,juego de lencería para baño monto:bajo
Cortinas para baño,1357,alimentacion,True,DANE_ENIG,1,cortinas para baño monto:bajo
Cortinas confeccionadas,13549,alimentacion,False,DANE_ENIG,1,cortinas confeccionadas monto:bajo
Lanas y telas para tejidos y decoración del hogar,1935,alimentacion,True,DANE_ENIG,1,lanas y telas para tejidos y decoración del hogar monto:bajo
Sacos o lonas para ropa,2641,alimentacion,True,DANE_ENIG,1,sacos o lonas para ropa monto:bajo
Banderas y escudos en general,1046,alimentacion,True,DANE_ENIG,1,banderas y escudos en general monto:bajo
"Piedecamas, esteras y esterillas",2408,alimentacion,True,DANE_ENIG,1,"piedecamas, esteras y esterillas monto:bajo"
Forros para muebles y electrodomésticos,6878,alimentacion,True,DANE_ENIG,1,forros para muebles y electrodomésticos monto:bajo
Gastos por confección y reparación de productos textiles para el hogar,5399,alimentacion,True,DANE_ENIG,1,gastos por confección y reparación de productos textiles para el hogar monto:bajo
"Neveras, refrigeradores y congeladores",49509,alimentacion,False,DANE_ENIG,1,"neveras, refrigeradores y congeladores monto:medio"
Lavadora y secadora de ropa,45193,alimentacion,False,DANE_ENIG,1,lavadora y secadora de ropa monto:medio
Lavadora de platos,57083,alimentacion,False,DANE_ENIG,1,lavadora de platos monto:medio
Estufa a gas,17192,alimentacion,False,DANE_ENIG,1,estufa a gas monto:bajo
Estufa eléctrica,6221,alimentacion,True,DANE_ENIG,1,estufa eléctrica monto:bajo
Estufa mixta (electrica y a gas),41791,alimentacion,False,DANE_ENIG,1,estufa mixta (electrica y a gas) monto:medio
Campana extractora para la estufa,15551,alimentacion,False,DANE_ENIG,1,campana extractora para la estufa monto:bajo
Estufa de carbón o leña a gasolina o petróleo,1648,alimentacion,True,DANE_ENIG,1,estufa de carbón o leña a gasolina o petróleo monto:bajo
Hornos eléctricos y hornos de gas,13340,alimentacion,False,DANE_ENIG,1,hornos eléctricos y hornos de gas monto:bajo
Hornos microondas,14864,alimentacion,False,DANE_ENIG,1,hornos microondas monto:bajo
Pipetas o cilindros de gas (envase sin incluir el gas),3496,alimentacion,True,DANE_ENIG,1,pipetas o cilindros de gas (envase sin incluir el gas) monto:bajo
Calentadores eléctricos,6035,alimentacion,True,DANE_ENIG,1,calentadores eléctricos monto:bajo
Calentador de gas,22210,alimentacion,False,DANE_ENIG,1,calentador de gas monto:bajo
Sistema de calefacción para el hogar,74978,alimentacion,False,DANE_ENIG,1,sistema de calefacción para el hogar monto:medio
Aire acondicionado,31113,alimentacion,False,DANE_ENIG,1,aire acondicionado monto:medio
Ventiladores o abanicos fijos,5550,alimentacion,True,DANE_ENIG,1,ventiladores o abanicos fijos monto:bajo
"Aspiradora, brilladora y lavatapetes",15570,alimentacion,False,DANE_ENIG,1,"aspiradora, brilladora y lavatapetes monto:bajo"
"Máquinas de coser, tejer, fileteadoras y telares",21235,alimentacion,False,DANE_ENIG,1,"máquinas de coser, tejer, fileteadoras y telares monto:bajo"
"Otros aparatos grandes del hogar: Trituradoras de desperdicios, cajas fuertes, Purificadores de agua",39280,alimentacion,False,DANE_ENIG,1,"otros aparatos grandes del hogar: trituradoras de desperdicios, cajas fuertes, purificadores de agua monto:medio"
Plancha eléctrica,3711,alimentacion,True,DANE_ENIG,1,plancha eléctrica monto:bajo
"Licuadora, picadora y ayudante de cocina eléctrico",6007,alimentacion,True,DANE_ENIG,1,"licuadora, picadora y ayudante de cocina eléctrico monto:bajo"
Batidora y mezcladora eléctrica,4414,alimentacion,True,DANE_ENIG,1,batidora y mezcladora eléctrica monto:bajo
"Sanducheras, wafleras y tostadoras eléctricas",3485,alimentacion,True,DANE_ENIG,1,"sanducheras, wafleras y tostadoras eléctricas monto:bajo"
Extractor de zumos y exprimidor eléctricos,4805,alimentacion,True,DANE_ENIG,1,extractor de zumos y exprimidor eléctricos monto:bajo
Cafeteras eléctricas,4040,alimentacion,True,DANE_ENIG,1,cafeteras eléctricas monto:bajo
Ollas arroceras y freidoras eléctricas,6978,alimentacion,True,DANE_ENIG,1,ollas arroceras y freidoras eléctricas monto:bajo
"Cuchillos, afila cuchillos y abrelatas eléctricos",928,alimentacion,True,DANE_ENIG,1,"cuchillos, afila cuchillos y abrelatas eléctricos monto:bajo"
Encendedores eléctricos y no eléctricos para estufa,1483,alimentacion,True,DANE_ENIG,1,encendedores eléctricos y no eléctricos para estufa monto:bajo
Ventiladores o abanicos movibles,5213,alimentacion,True,DANE_ENIG,1,ventiladores o abanicos movibles monto:bajo
Duchas eléctricas,2305,alimentacion,True,DANE_ENIG,1,duchas eléctricas monto:bajo
Asadores eléctricos para carne,7217,alimentacion,True,DANE_ENIG,1,asadores eléctricos para carne monto:bajo
Mantas eléctricas para el hogar,5250,alimentacion,True,DANE_ENIG,1,mantas eléctricas para el hogar monto:bajo
Extractor eléctrico de olores,10373,alimentacion,False,DANE_ENIG,1,extractor eléctrico de olores monto:bajo
"Otros aparatos eléctricos para el hogar: teteras eléctricas, máquina para helados, hornos tostadores",5802,alimentacion,True,DANE_ENIG,1,"otros aparatos eléctricos para el hogar: teteras eléctricas, máquina para helados, hornos tostadores monto:bajo"
Repuestos para aparatos domésticos,3872,alimentacion,True,DANE_ENIG,1,repuestos para aparatos domésticos monto:bajo
Reparación de aparatos y utensilios domésticos,5276,alimentacion,True,DANE_ENIG,1,reparación de aparatos y utensilios domésticos monto:bajo
"Alquiler de artefactos o aparatos domésticos (lavadoras, computadores, etc)",5041,alimentacion,True,DANE_ENIG,1,"alquiler de artefactos o aparatos domésticos (lavadoras, computadores, etc) monto:bajo"
"Vajilla completa, juego de té o café y otros juegos completos (vaso, jarra, copas)",4751,alimentacion,True,DANE_ENIG,1,"vajilla completa, juego de té o café y otros juegos completos (vaso, jarra, copas) monto:bajo"
"Platos, pocillos, tazas, Mugs",5122,alimentacion,True,DANE_ENIG,1,"platos, pocillos, tazas, mugs monto:bajo"
"Vasos, copas, jarras",3805,alimentacion,True,DANE_ENIG,1,"vasos, copas, jarras monto:bajo"
"Bandejas, ensaladeras, soperas, dulceras",4767,alimentacion,True,DANE_ENIG,1,"bandejas, ensaladeras, soperas, dulceras monto:bajo"
Refractarias,7957,alimentacion,True,DANE_ENIG,1,refractarias monto:bajo
Otros artículos de cristalería y vajilla,13911,alimentacion,False,DANE_ENIG,1,otros artículos de cristalería y vajilla monto:bajo
Juego completo de cubiertos de mesa y cocina,9630,alimentacion,True,DANE_ENIG,1,juego completo de cubiertos de mesa y cocina monto:bajo
"Cucharas, cucharitas, tenedores, cuchillos, cucharones, tijeras de cocina",3443,alimentacion,True,DANE_ENIG,1,"cucharas, cucharitas, tenedores, cuchillos, cucharones, tijeras de cocina monto:bajo"
"Ollas, cacerolas, cazuelas y sartenes de aluminio, esmaltadas y de teflón",16348,alimentacion,False,DANE_ENIG,1,"ollas, cacerolas, cazuelas y sartenes de aluminio, esmaltadas y de teflón monto:bajo"
Ollas a presión,27300,alimentacion,False,DANE_ENIG,1,ollas a presión monto:bajo
Planchas para asar y parrillas,9060,alimentacion,True,DANE_ENIG,1,planchas para asar y parrillas monto:bajo
"Molinillos, coladeras, coladores, pinzas para hielo, abrelatas y sacacorchos manuales, piedras de af",1810,alimentacion,True,DANE_ENIG,1,"molinillos, coladeras, coladores, pinzas para hielo, abrelatas y sacacorchos manuales, piedras de af monto:bajo"
Cafeteras no eléctricas,13753,alimentacion,False,DANE_ENIG,1,cafeteras no eléctricas monto:bajo
"Molinos, ralladores, picadoras manuales y exprimidores de jugo",6301,alimentacion,True,DANE_ENIG,1,"molinos, ralladores, picadoras manuales y exprimidores de jugo monto:bajo"
"Corta huevos, pela papas, rebanador de quesos, cortador de pizza",2603,alimentacion,True,DANE_ENIG,1,"corta huevos, pela papas, rebanador de quesos, cortador de pizza monto:bajo"
"Tablas para picar, morteros y mazos, escurridorres de aceite",2728,alimentacion,True,DANE_ENIG,1,"tablas para picar, morteros y mazos, escurridorres de aceite monto:bajo"
Servilleteros,2768,alimentacion,True,DANE_ENIG,1,servilleteros monto:bajo
Termos,5798,alimentacion,True,DANE_ENIG,1,termos monto:bajo
"Reverberos, cocinas de alcohol y cocinetas",19613,alimentacion,False,DANE_ENIG,1,"reverberos, cocinas de alcohol y cocinetas monto:bajo"
Esterilizadores o calentadores de teteros,13330,alimentacion,False,DANE_ENIG,1,esterilizadores o calentadores de teteros monto:bajo
Biberones o teteros,3489,alimentacion,True,DANE_ENIG,1,biberones o teteros monto:bajo
Mesa de planchar,10997,alimentacion,False,DANE_ENIG,1,mesa de planchar monto:bajo
Planchas no eléctricas,12448,alimentacion,False,DANE_ENIG,1,planchas no eléctricas monto:bajo
"Ceniceros, floreros",6046,alimentacion,True,DANE_ENIG,1,"ceniceros, floreros monto:bajo"
"Platones, baldes y poncheras",3834,alimentacion,True,DANE_ENIG,1,"platones, baldes y poncheras monto:bajo"
Canecas y papeleras para la basura,5768,alimentacion,True,DANE_ENIG,1,canecas y papeleras para la basura monto:bajo
Cestas y recipientes para la ropa,8467,alimentacion,True,DANE_ENIG,1,cestas y recipientes para la ropa monto:bajo
"Vacinillas, micas o patos médicos",2072,alimentacion,True,DANE_ENIG,1,"vacinillas, micas o patos médicos monto:bajo"
"Reparación de cristalería, vajilla y utensilios del hogar",8609,alimentacion,True,DANE_ENIG,1,"reparación de cristalería, vajilla y utensilios del hogar monto:bajo"
"Taladros, soldadoras, sierras, pulidoras y cizallas eléctricas",15488,alimentacion,False,DANE_ENIG,1,"taladros, soldadoras, sierras, pulidoras y cizallas eléctricas monto:bajo"
"Podadoras, cortadoras de césped y guadañadoras eléctricas o motorizadas y tractores eléctricos para ",51323,alimentacion,False,DANE_ENIG,1,"podadoras, cortadoras de césped y guadañadoras eléctricas o motorizadas y tractores eléctricos para monto:medio"
Compra e instalación de bombas eléctricas de agua,14446,alimentacion,False,DANE_ENIG,1,compra e instalación de bombas eléctricas de agua monto:bajo
Otras herramientas y equipos eléctricos grandes,17243,alimentacion,False,DANE_ENIG,1,otras herramientas y equipos eléctricos grandes monto:bajo
Reparación de herramientas y equipos grandes,11955,alimentacion,False,DANE_ENIG,1,reparación de herramientas y equipos grandes monto:bajo
Alquiler de maquinaria y equipo grande,18647,alimentacion,False,DANE_ENIG,1,alquiler de maquinaria y equipo grande monto:bajo
"Hombresolos, alicates, tenazas, martillos, destornilladores, punzones, serruchos, limas para herrami",10830,alimentacion,False,DANE_ENIG,1,"hombresolos, alicates, tenazas, martillos, destornilladores, punzones, serruchos, limas para herrami monto:bajo"
"Llaves de tuercas, llaves inglesas, llaves bristol.",1890,alimentacion,True,DANE_ENIG,1,"llaves de tuercas, llaves inglesas, llaves bristol. monto:bajo"
"Cintas métricas: Metro, Decámetro, niveles, etc.",633,alimentacion,True,DANE_ENIG,1,"cintas métricas: metro, decámetro, niveles, etc. monto:bajo"
"Otras herramientas del hogar: Tijeras para ropa, escaleras, etc.",1757,alimentacion,True,DANE_ENIG,1,"otras herramientas del hogar: tijeras para ropa, escaleras, etc. monto:bajo"
"Herramientas de jardín: Carretillas, mangueras, palas, azadones, estacas, etc.",2588,alimentacion,True,DANE_ENIG,1,"herramientas de jardín: carretillas, mangueras, palas, azadones, estacas, etc. monto:bajo"
"Bombillos incandescentes, tubos fluorescentes, larga vida, halógenos y de neón",5060,alimentacion,True,DANE_ENIG,1,"bombillos incandescentes, tubos fluorescentes, larga vida, halógenos y de neón monto:bajo"
"Enchufes, interruptores, dimmers, cables eléctricos, rosetas, cinta aislante, timbres, alarmas",25884,alimentacion,False,DANE_ENIG,1,"enchufes, interruptores, dimmers, cables eléctricos, rosetas, cinta aislante, timbres, alarmas monto:bajo"
Pilas no recargables para uso general,3796,alimentacion,True,DANE_ENIG,1,pilas no recargables para uso general monto:bajo
"Linternas, lámparas de mano, estabilizadores y timers, baterías o pilas recargables",5711,alimentacion,True,DANE_ENIG,1,"linternas, lámparas de mano, estabilizadores y timers, baterías o pilas recargables monto:bajo"
Otros accesorios eléctricos pequeños,9742,alimentacion,True,DANE_ENIG,1,otros accesorios eléctricos pequeños monto:bajo
"Accesorios para puertas: Bisagras, manijas, cerraduras, candados, etc.",5515,alimentacion,True,DANE_ENIG,1,"accesorios para puertas: bisagras, manijas, cerraduras, candados, etc. monto:bajo"
"Otros artículos de metal para el hogar: Rieles, varillas, ganchos para cortina, etc.",1642,alimentacion,True,DANE_ENIG,1,"otros artículos de metal para el hogar: rieles, varillas, ganchos para cortina, etc. monto:bajo"
Reparación de herramientas pequeñas y accesorios diversos del hogar y del jardín,1868,alimentacion,True,DANE_ENIG,1,reparación de herramientas pequeñas y accesorios diversos del hogar y del jardín monto:bajo
Jabón en barra para lavar ropa,3552,alimentacion,True,DANE_ENIG,1,jabón en barra para lavar ropa monto:bajo
Jabón de cocina,2699,alimentacion,True,DANE_ENIG,1,jabón de cocina monto:bajo
Jabón para lavadora,8929,alimentacion,True,DANE_ENIG,1,jabón para lavadora monto:bajo
Detergente en polvo,4384,alimentacion,True,DANE_ENIG,1,detergente en polvo monto:bajo
Detergente líquido,4138,alimentacion,True,DANE_ENIG,1,detergente líquido monto:bajo
Blanqueadores,2322,alimentacion,True,DANE_ENIG,1,blanqueadores monto:bajo
Suavizantes,4433,alimentacion,True,DANE_ENIG,1,suavizantes monto:bajo
"Quitamanchas, polvo limpiador y shampoo para alfombras",5253,alimentacion,True,DANE_ENIG,1,"quitamanchas, polvo limpiador y shampoo para alfombras monto:bajo"
"Líquidos y desinfectantes para limpiar muebles, vidrios, hornos, estufas, paredes, baños, pisos",4092,alimentacion,True,DANE_ENIG,1,"líquidos y desinfectantes para limpiar muebles, vidrios, hornos, estufas, paredes, baños, pisos monto:bajo"
Desodorantes ambientales y ambientadores,4963,alimentacion,True,DANE_ENIG,1,desodorantes ambientales y ambientadores monto:bajo
Cera para pisos,4087,alimentacion,True,DANE_ENIG,1,cera para pisos monto:bajo
Insecticidas y fungicidas,6246,alimentacion,True,DANE_ENIG,1,insecticidas y fungicidas monto:bajo
"Otros productos de limpieza y mantenimiento: almidones para camisas, alcanfor, naftalina, disolvente",4227,alimentacion,True,DANE_ENIG,1,"otros productos de limpieza y mantenimiento: almidones para camisas, alcanfor, naftalina, disolvente monto:bajo"
"Escobas, recogedores de basura, escobillas, plumeros limpiapolvos, trapeadores y cepillos para: pare",5250,alimentacion,True,DANE_ENIG,1,"escobas, recogedores de basura, escobillas, plumeros limpiapolvos, trapeadores y cepillos para: pare monto:bajo"
Guantes de caucho,3174,alimentacion,True,DANE_ENIG,1,guantes de caucho monto:bajo
"Esponjas, esponjillas y estropajos",1554,alimentacion,True,DANE_ENIG,1,"esponjas, esponjillas y estropajos monto:bajo"
"Limpiones, cogeollas, trapos para limpiar, paños de cocina, bayetillas y dulceabrigos",3801,alimentacion,True,DANE_ENIG,1,"limpiones, cogeollas, trapos para limpiar, paños de cocina, bayetillas y dulceabrigos monto:bajo"
Otros elementos de aseo,15243,alimentacion,False,DANE_ENIG,1,otros elementos de aseo monto:bajo
"Cuerdas, cordeles, tendederos y pinzas para ropa, cintas adhesivas y pegamentos",3592,alimentacion,True,DANE_ENIG,1,"cuerdas, cordeles, tendederos y pinzas para ropa, cintas adhesivas y pegamentos monto:bajo"
"Agujas (para coser, tejer), alfileres",988,alimentacion,True,DANE_ENIG,1,"agujas (para coser, tejer), alfileres monto:bajo"
"Tijeras para costura, abreojales, desbaratadores, dedales",2004,alimentacion,True,DANE_ENIG,1,"tijeras para costura, abreojales, desbaratadores, dedales monto:bajo"
Mechas para lámparas,565,alimentacion,True,DANE_ENIG,1,mechas para lámparas monto:bajo
Fósforos y encendedores desechables,1081,alimentacion,True,DANE_ENIG,1,fósforos y encendedores desechables monto:bajo
"Betún, pomadas y tintes para calzado",2648,alimentacion,True,DANE_ENIG,1,"betún, pomadas y tintes para calzado monto:bajo"
"Barnices, lacas y tintes para accesorios del hogar.",9962,alimentacion,True,DANE_ENIG,1,"barnices, lacas y tintes para accesorios del hogar. monto:bajo"
Anilinas y tintes para prendas de vestir,1587,alimentacion,True,DANE_ENIG,1,anilinas y tintes para prendas de vestir monto:bajo
"Artículos de ferretería: Puntillas, clavos, tornillos, tuercas, brocas, brochas, pinceles, lijas y o",5534,alimentacion,True,DANE_ENIG,1,"artículos de ferretería: puntillas, clavos, tornillos, tuercas, brocas, brochas, pinceles, lijas y o monto:bajo"
"Papel de aluminio, papel parafinado, moldes de aluminio, vinilpel, filtros de papel para cafetera",3904,alimentacion,True,DANE_ENIG,1,"papel de aluminio, papel parafinado, moldes de aluminio, vinilpel, filtros de papel para cafetera monto:bajo"
Rollos de papel para cocina,4879,alimentacion,True,DANE_ENIG,1,rollos de papel para cocina monto:bajo
"Productos desechables: servilletas, manteles, platos, vasos, cubiertos, palillos",2381,alimentacion,True,DANE_ENIG,1,"productos desechables: servilletas, manteles, platos, vasos, cubiertos, palillos monto:bajo"
"Otros productos desechables: pitillos, palos de pincho, etc.",2488,alimentacion,True,DANE_ENIG,1,"otros productos desechables: pitillos, palos de pincho, etc. monto:bajo"
Bolsas plásticas para basura y para aspiradora,1817,alimentacion,True,DANE_ENIG,1,bolsas plásticas para basura y para aspiradora monto:bajo
Empleada interna,221386,alimentacion,False,DANE_ENIG,1,empleada interna monto:alto
Empleada de por días (permanente o temporal),120277,alimentacion,False,DANE_ENIG,1,empleada de por días (permanente o temporal) monto:medio
"Amas de llaves, institutrices, tutores, mayordomos, choferes, jardineros, celadores, niñeras dentro ",185072,alimentacion,False,DANE_ENIG,1,"amas de llaves, institutrices, tutores, mayordomos, choferes, jardineros, celadores, niñeras dentro monto:alto"
Limpieza de ventanas,2685,alimentacion,True,DANE_ENIG,1,limpieza de ventanas monto:bajo
Desinfección y fumigación del hogar,2288,alimentacion,True,DANE_ENIG,1,desinfección y fumigación del hogar monto:bajo
"Lavado y limpieza de ropa del hogar: cubrelechos, cobijas, cortinas, tejidos del hogar, etc.",3568,alimentacion,True,DANE_ENIG,1,"lavado y limpieza de ropa del hogar: cubrelechos, cobijas, cortinas, tejidos del hogar, etc. monto:bajo"
Lavado de alfombras,5670,alimentacion,True,DANE_ENIG,1,lavado de alfombras monto:bajo
Servicio de tintorería y teñido de ropa del hogar,1053,alimentacion,True,DANE_ENIG,1,servicio de tintorería y teñido de ropa del hogar monto:bajo
"Analgésicos: mejoral, aspirina, focus, dólex, asawín, advil, etc",5037,servicios,False,DANE_ENIG,1,"analgésicos: mejoral, aspirina, focus, dólex, asawín, advil, etc monto:bajo"
"Antiácidos: alkaseltser, sal de frutas, mylanta, pepsamar, etc.",4281,servicios,False,DANE_ENIG,1,"antiácidos: alkaseltser, sal de frutas, mylanta, pepsamar, etc. monto:bajo"
Antibióticos,17613,servicios,False,DANE_ENIG,1,antibióticos monto:bajo
Medicamentos antialérgicos (antihistamínicos): loratadina,12014,servicios,False,DANE_ENIG,1,medicamentos antialérgicos (antihistamínicos): loratadina monto:bajo
"Antigripales: desenfriol, dristán, etc.",5053,servicios,False,DANE_ENIG,1,"antigripales: desenfriol, dristán, etc. monto:bajo"
"Antiparasitario, antiamibiásicos, purgantes, laxantes",10420,servicios,False,DANE_ENIG,1,"antiparasitario, antiamibiásicos, purgantes, laxantes monto:bajo"
Antiartríticos y antirreumáticos,26661,servicios,False,DANE_ENIG,1,antiartríticos y antirreumáticos monto:bajo
Antidiabéticos,34853,servicios,False,DANE_ENIG,1,antidiabéticos monto:medio
"Antiespasmódicos, antidiarréicos",8996,servicios,False,DANE_ENIG,1,"antiespasmódicos, antidiarréicos monto:bajo"
Antiinflamatorios,13072,servicios,False,DANE_ENIG,1,antiinflamatorios monto:bajo
"Cardiovasculares, medicamentos para la tensión arterial: Artensol, Aldomet, Captopril, etc.",29217,servicios,False,DANE_ENIG,1,"cardiovasculares, medicamentos para la tensión arterial: artensol, aldomet, captopril, etc. monto:bajo"
"Desinfectantes: alcohol, menticol, yodo, merthiolate, mercurio cromo, agua oxigenada, árnica, isodin",4082,servicios,False,DANE_ENIG,1,"desinfectantes: alcohol, menticol, yodo, merthiolate, mercurio cromo, agua oxigenada, árnica, isodin monto:bajo"
"Suero oral, fisiológico, etc.",7611,servicios,False,DANE_ENIG,1,"suero oral, fisiológico, etc. monto:bajo"
Vacunas,6530,servicios,False,DANE_ENIG,1,vacunas monto:bajo
"Vitaminas, reconstituyentes, calcio y otros minerales",29857,servicios,False,DANE_ENIG,1,"vitaminas, reconstituyentes, calcio y otros minerales monto:bajo"
Aceite de hígado de bacalao,15155,servicios,False,DANE_ENIG,1,aceite de hígado de bacalao monto:bajo
"Productos formulados para uso dermatológico: Lociones, cremas, pomadas, unguento",51332,servicios,False,DANE_ENIG,1,"productos formulados para uso dermatológico: lociones, cremas, pomadas, unguento monto:medio"
"Gotas para oidos, ojos y naríz",17692,servicios,False,DANE_ENIG,1,"gotas para oidos, ojos y naríz monto:bajo"
"Anticonceptivos orales (píldoras), óvulos, inyecciones, cremas anticonceptivas y parches",15371,servicios,False,DANE_ENIG,1,"anticonceptivos orales (píldoras), óvulos, inyecciones, cremas anticonceptivas y parches monto:bajo"
Medicamentos homeopáticos y bioenergéticos,55278,servicios,False,DANE_ENIG,1,medicamentos homeopáticos y bioenergéticos monto:medio
"Otras drogas sueltas: anestésicos, enzimas y sales biliares, diuréticos orales e inyectables y otros",29545,servicios,False,DANE_ENIG,1,"otras drogas sueltas: anestésicos, enzimas y sales biliares, diuréticos orales e inyectables y otros monto:bajo"
Fórmula médica completa,79346,servicios,False,DANE_ENIG,1,fórmula médica completa monto:medio
Termómetros clínicos,4729,servicios,False,DANE_ENIG,1,termómetros clínicos monto:bajo
"Jeringas, agujas hipodérmicas",2434,servicios,False,DANE_ENIG,1,"jeringas, agujas hipodérmicas monto:bajo"
"Esparadrapo, vendas, gasas, curitas.",5358,servicios,False,DANE_ENIG,1,"esparadrapo, vendas, gasas, curitas. monto:bajo"
Botiquines de primeros auxilios,3911,servicios,False,DANE_ENIG,1,botiquines de primeros auxilios monto:bajo
Dispositivo de pruebas de embarazo,7966,servicios,False,DANE_ENIG,1,dispositivo de pruebas de embarazo monto:bajo
"Otros implementos médicos: bolsas de agua caliente, bolsas de hielo, etc",6935,servicios,False,DANE_ENIG,1,"otros implementos médicos: bolsas de agua caliente, bolsas de hielo, etc monto:bajo"
Dispositivos intrauterinos y otros anticonceptivos,11276,servicios,False,DANE_ENIG,1,dispositivos intrauterinos y otros anticonceptivos monto:bajo
Preservativos (condones),10394,servicios,False,DANE_ENIG,1,preservativos (condones) monto:bajo
"Anteojos, gafas o lentes de contacto formulados",10872,servicios,False,DANE_ENIG,1,"anteojos, gafas o lentes de contacto formulados monto:bajo"
"Sillas de ruedas, camas y colchones especiales (de hospital para uso en el hogar",21116,servicios,False,DANE_ENIG,1,"sillas de ruedas, camas y colchones especiales (de hospital para uso en el hogar monto:bajo"
Muletas y bastones ortopédicos,4080,servicios,False,DANE_ENIG,1,muletas y bastones ortopédicos monto:bajo
Zapatos ortopédicos,11021,servicios,False,DANE_ENIG,1,zapatos ortopédicos monto:bajo
"Soportes de cuello, bragueros, fajas quirúrgicas, medias elásticas para traumatología; soportes para",4387,servicios,False,DANE_ENIG,1,"soportes de cuello, bragueros, fajas quirúrgicas, medias elásticas para traumatología; soportes para monto:bajo"
Equipo para masajes médicos,7558,servicios,False,DANE_ENIG,1,equipo para masajes médicos monto:bajo
"Prótesis (miembros artificiales), dentaduras postizas",53347,servicios,False,DANE_ENIG,1,"prótesis (miembros artificiales), dentaduras postizas monto:medio"
"Otros aparatos ortopédicos: ojos de cristal, audífonos ortopédicos",9486,servicios,False,DANE_ENIG,1,"otros aparatos ortopédicos: ojos de cristal, audífonos ortopédicos monto:bajo"
"Tensiómetros (eléctricos, manuales y de otro tipo), estetoscopios, glucómetros",8342,servicios,False,DANE_ENIG,1,"tensiómetros (eléctricos, manuales y de otro tipo), estetoscopios, glucómetros monto:bajo"
Reparación de artefactos y equipos terapéuticos,1348,servicios,False,DANE_ENIG,1,reparación de artefactos y equipos terapéuticos monto:bajo
Consulta médica general con médico particular,10382,servicios,False,DANE_ENIG,1,consulta médica general con médico particular monto:bajo
"Consulta médica con especialista particular: pediatría, oftalmología, ginecología, siquiatría, traum",27886,servicios,False,DANE_ENIG,1,"consulta médica con especialista particular: pediatría, oftalmología, ginecología, siquiatría, traum monto:bajo"
Servicios de especialistas en ortodoncia,55544,servicios,False,DANE_ENIG,1,servicios de especialistas en ortodoncia monto:medio
"Consulta particular con médicos homeópatas, bioenérgeticos y otros no tradicional",21678,servicios,False,DANE_ENIG,1,"consulta particular con médicos homeópatas, bioenérgeticos y otros no tradicional monto:bajo"
"Servicios odontológicos con odontólogos particulares: consultas, profilaxis, exodoncias (extracción)",54399,servicios,False,DANE_ENIG,1,"servicios odontológicos con odontólogos particulares: consultas, profilaxis, exodoncias (extracción) monto:medio"
"Servicios para particulares en centros de rayos X: radiografías (incluyendo las dentales), urografía",18057,servicios,False,DANE_ENIG,1,"servicios para particulares en centros de rayos x: radiografías (incluyendo las dentales), urografía monto:bajo"
"Exámenes de laboratorio para particulares: de sangre, bacteriológicos, serología, etc.",16362,servicios,False,DANE_ENIG,1,"exámenes de laboratorio para particulares: de sangre, bacteriológicos, serología, etc. monto:bajo"
"Servicios independientes de: acupunturistas, fonoaudiólogos, fisioterapeutas",29811,servicios,False,DANE_ENIG,1,"servicios independientes de: acupunturistas, fonoaudiólogos, fisioterapeutas monto:bajo"
Terapia de gimnasia correctiva recetada por médicos,23648,servicios,False,DANE_ENIG,1,terapia de gimnasia correctiva recetada por médicos monto:bajo
Baños termales o tratamientos con agua de mar,4047,servicios,False,DANE_ENIG,1,baños termales o tratamientos con agua de mar monto:bajo
"Servicios de enfermería y maternidad en el hogar (partera, comadrona, enfermera privada)",62077,servicios,False,DANE_ENIG,1,"servicios de enfermería y maternidad en el hogar (partera, comadrona, enfermera privada) monto:medio"
"Consulta con teguas, empíricos, curanderos, yerbateros, comadronas, etc",7269,servicios,False,DANE_ENIG,1,"consulta con teguas, empíricos, curanderos, yerbateros, comadronas, etc monto:bajo"
Otros servicios extrahospitalarios: Alquiler de equipo terapéutico,6647,servicios,False,DANE_ENIG,1,otros servicios extrahospitalarios: alquiler de equipo terapéutico monto:bajo
"Cuotas moderadoras EPS, ARS (medicina, odontología, especialistas, medicamentos, examenes, etc.",10980,servicios,False,DANE_ENIG,1,"cuotas moderadoras eps, ars (medicina, odontología, especialistas, medicamentos, examenes, etc. monto:bajo"
"Bonos de medicina prepagada o pago en efectivo por consultas, odontología, medicamentos, examenes, e",47899,servicios,False,DANE_ENIG,1,"bonos de medicina prepagada o pago en efectivo por consultas, odontología, medicamentos, examenes, e monto:medio"
"Servicios básicos hospitalarios para pacientes particulares internos: alojamiento, alimentación, tra",27808,servicios,False,DANE_ENIG,1,"servicios básicos hospitalarios para pacientes particulares internos: alojamiento, alimentación, tra monto:bajo"
"Servicios médicos hospitalarios para particulares: atención de médicos (generales y especialistas), ",32073,servicios,False,DANE_ENIG,1,"servicios médicos hospitalarios para particulares: atención de médicos (generales y especialistas), monto:medio"
"Servicios médicos menores (pequeña cirugía, cirugía ambulatoria, urgencias, etc.",17836,servicios,False,DANE_ENIG,1,"servicios médicos menores (pequeña cirugía, cirugía ambulatoria, urgencias, etc. monto:bajo"
Copagos (Pago adicional por hospitalizaciones o cirugias de beneficiarios de EPS),9839,servicios,False,DANE_ENIG,1,copagos (pago adicional por hospitalizaciones o cirugias de beneficiarios de eps) monto:bajo
Compra de vehículos nuevos para uso particular (incluye pagos por nacionalización y otros pagos),1439254,alimentacion,False,DANE_ENIG,1,compra de vehículos nuevos para uso particular (incluye pagos por nacionalización y otros pagos) monto:alto
Compra de vehículos usados para uso particular (incluye pagos por nacionalización y otros pagos),818905,alimentacion,False,DANE_ENIG,1,compra de vehículos usados para uso particular (incluye pagos por nacionalización y otros pagos) monto:alto
Gastos de matrículas para vehículo nuevo y de traspaso para vehículos usados,36110,alimentacion,False,DANE_ENIG,1,gastos de matrículas para vehículo nuevo y de traspaso para vehículos usados monto:medio
Compra de motocicletas y bicicletas con motor nuevas o usadas,215431,alimentacion,False,DANE_ENIG,1,compra de motocicletas y bicicletas con motor nuevas o usadas monto:alto
Gastos de matrículas o traspaso de motocicletas o bicicletas con motor,9251,alimentacion,True,DANE_ENIG,1,gastos de matrículas o traspaso de motocicletas o bicicletas con motor monto:bajo
Compra de bicicletas nuevas o usadas,16906,alimentacion,False,DANE_ENIG,1,compra de bicicletas nuevas o usadas monto:bajo
Animales y vehículos de tracción animal para transporte de personas del hogar,2060,alimentacion,True,DANE_ENIG,1,animales y vehículos de tracción animal para transporte de personas del hogar monto:bajo
"Llantas y neumáticos, rines para vehículo",24090,alimentacion,False,DANE_ENIG,1,"llantas y neumáticos, rines para vehículo monto:bajo"
Motores para vehículo,68321,alimentacion,False,DANE_ENIG,1,motores para vehículo monto:medio
"Bujías, inyectores, filtros, amortiguadores, baterías, carburadores, distribuidores de corriente, vi",32436,alimentacion,False,DANE_ENIG,1,"bujías, inyectores, filtros, amortiguadores, baterías, carburadores, distribuidores de corriente, vi monto:medio"
"Productos para la limpieza y conservación del vehículo: pintura, limpiadores, shampoo, ceras, ambien",19153,alimentacion,False,DANE_ENIG,1,"productos para la limpieza y conservación del vehículo: pintura, limpiadores, shampoo, ceras, ambien monto:bajo"
"Productos y accesorios para carrocería: Pijamas, tapetes, barras de seguridad, ceniceos, etc.",12175,alimentacion,False,DANE_ENIG,1,"productos y accesorios para carrocería: pijamas, tapetes, barras de seguridad, ceniceos, etc. monto:bajo"
Herramientas para vehículos de transporte personal,4361,alimentacion,True,DANE_ENIG,1,herramientas para vehículos de transporte personal monto:bajo
"Piezas para bicicleta: Llantas, neumáticos, rines, manzanas, cadenas, cambios, piñones, guallas, sil",27696,alimentacion,False,DANE_ENIG,1,"piezas para bicicleta: llantas, neumáticos, rines, manzanas, cadenas, cambios, piñones, guallas, sil monto:bajo"
Gasolina corriente y extra,183669,alimentacion,False,DANE_ENIG,1,gasolina corriente y extra monto:alto
Gas vehicular,242774,alimentacion,False,DANE_ENIG,1,gas vehicular monto:alto
Combustible diesel,198377,alimentacion,False,DANE_ENIG,1,combustible diesel monto:alto
"Aditivos, valvulinas, líquido para frenos, refrigerantes, etc.",10609,alimentacion,False,DANE_ENIG,1,"aditivos, valvulinas, líquido para frenos, refrigerantes, etc. monto:bajo"
"Mantenimiento y reparaciones efectuadas en el taller: engrase, sincronización, r",89233,alimentacion,False,DANE_ENIG,1,"mantenimiento y reparaciones efectuadas en el taller: engrase, sincronización, r monto:medio"
Compra y cambio de aceite,15045,alimentacion,False,DANE_ENIG,1,compra y cambio de aceite monto:bajo
Servicios de latonería y pintura,37209,alimentacion,False,DANE_ENIG,1,servicios de latonería y pintura monto:medio
Cuotas a clubes o compañías de servicos especiales para el vehículo,19929,alimentacion,False,DANE_ENIG,1,cuotas a clubes o compañías de servicos especiales para el vehículo monto:bajo
Pago mensual de parqueadero,42945,alimentacion,False,DANE_ENIG,1,pago mensual de parqueadero monto:medio
Pago de parqueadero o parquímetro por horas o días,42847,alimentacion,False,DANE_ENIG,1,pago de parqueadero o parquímetro por horas o días monto:medio
Peajes,50360,alimentacion,False,DANE_ENIG,1,peajes monto:medio
Gastos en licencias y clases de conducción,15562,alimentacion,False,DANE_ENIG,1,gastos en licencias y clases de conducción monto:bajo
Comparendos y multas por infracciones,88566,alimentacion,False,DANE_ENIG,1,comparendos y multas por infracciones monto:medio
Certificado de gases y otras revisiones ordenadas por ley,3868,alimentacion,True,DANE_ENIG,1,certificado de gases y otras revisiones ordenadas por ley monto:bajo
Alquiler de vehículos sin conductor,27631,alimentacion,False,DANE_ENIG,1,alquiler de vehículos sin conductor monto:bajo
Pasaje en tren,36546,alimentacion,False,DANE_ENIG,1,pasaje en tren monto:medio
Pasaje en metro,63235,alimentacion,False,DANE_ENIG,1,pasaje en metro monto:medio
"Pasaje en bus, buseta y colectivo",79019,alimentacion,False,DANE_ENIG,1,"pasaje en bus, buseta y colectivo monto:medio"
"Pasaje en Transmilenio, MIO, etc",64872,alimentacion,False,DANE_ENIG,1,"pasaje en transmilenio, mio, etc monto:medio"
Taxi urbano,84324,alimentacion,False,DANE_ENIG,1,taxi urbano monto:medio
"Otros transporte urbano: servicio pirata, bicitaxi, mototaxi, funicular, telesfésrico, etc.",37801,alimentacion,False,DANE_ENIG,1,"otros transporte urbano: servicio pirata, bicitaxi, mototaxi, funicular, telesfésrico, etc. monto:medio"
"Pasaje intermunicipal en bus, buseta, colectivo, taxi, aero vans, chiva, campero, etc.",46503,alimentacion,False,DANE_ENIG,1,"pasaje intermunicipal en bus, buseta, colectivo, taxi, aero vans, chiva, campero, etc. monto:medio"
Pasaje en transporte internacional terrestre,41911,alimentacion,False,DANE_ENIG,1,pasaje en transporte internacional terrestre monto:medio
Transporte de equipajes por vía terrestre,73436,alimentacion,False,DANE_ENIG,1,transporte de equipajes por vía terrestre monto:medio
Alquiler de vehículo con conductor,604987,alimentacion,False,DANE_ENIG,1,alquiler de vehículo con conductor monto:alto
Otro tipo de transporte intermunicipal,40770,alimentacion,False,DANE_ENIG,1,otro tipo de transporte intermunicipal monto:medio
Pasaje en transporte interveredal y a ciudades dormitorio,78378,alimentacion,False,DANE_ENIG,1,pasaje en transporte interveredal y a ciudades dormitorio monto:medio
Transporte escolar prestado por el colegio (con buses propios o con empresa contratada),84000,alimentacion,False,DANE_ENIG,1,transporte escolar prestado por el colegio (con buses propios o con empresa contratada) monto:medio
Transporte escolar particular contratado por los padres,72039,alimentacion,False,DANE_ENIG,1,transporte escolar particular contratado por los padres monto:medio
Transporte de pasajeros y equipaje en avión (incluye pagos por exceso de equipaje),1161331,alimentacion,False,DANE_ENIG,1,transporte de pasajeros y equipaje en avión (incluye pagos por exceso de equipaje) monto:alto
Transporte de pasajeros y equipajes en helicóptero,4453,alimentacion,True,DANE_ENIG,1,transporte de pasajeros y equipajes en helicóptero monto:bajo
"Transporte de pasajeros y equipajes por mar, rios, caños, lagos, etc. En buque, navío, aerodeslizado",37421,alimentacion,False,DANE_ENIG,1,"transporte de pasajeros y equipajes por mar, rios, caños, lagos, etc. en buque, navío, aerodeslizado monto:medio"
"Transporte de pasajeros y equipajes por mar, rios, caños, lagos, etc. En ferry, planchon, canoa y la",43158,alimentacion,False,DANE_ENIG,1,"transporte de pasajeros y equipajes por mar, rios, caños, lagos, etc. en ferry, planchon, canoa y la monto:medio"
Gastos por dos o más medios de transporte cuando el gasto no se puede discriminar,59010,alimentacion,False,DANE_ENIG,1,gastos por dos o más medios de transporte cuando el gasto no se puede discriminar monto:medio
Servicios de remoción de escombros,10635,alimentacion,False,DANE_ENIG,1,servicios de remoción de escombros monto:bajo
Servicios de almacenamiento y depósito de equipaje,795,alimentacion,True,DANE_ENIG,1,servicios de almacenamiento y depósito de equipaje monto:bajo
Servicio de trasteos y mudanzas,8032,alimentacion,True,DANE_ENIG,1,servicio de trasteos y mudanzas monto:bajo
"Envío de cartas, correspondencia, paquetes o encomiendas por correo (incluye compra de postales con ",20687,tecnologia,False,DANE_ENIG,1,"envío de cartas, correspondencia, paquetes o encomiendas por correo (incluye compra de postales con monto:bajo"
Pago por servicio de envío de giros postales,30365,tecnologia,False,DANE_ENIG,1,pago por servicio de envío de giros postales monto:medio
Apartado Aéreo,1577,tecnologia,False,DANE_ENIG,1,apartado aéreo monto:bajo
Compra de teléfonos fijos y accesorios,5755,tecnologia,False,DANE_ENIG,1,compra de teléfonos fijos y accesorios monto:bajo
Compra de fax,9484,tecnologia,False,DANE_ENIG,1,compra de fax monto:bajo
"Reparación de teléfonos fijos, de fax y de accesorios",1925,tecnologia,False,DANE_ENIG,1,"reparación de teléfonos fijos, de fax y de accesorios monto:bajo"
Compra de celular y accesorios,16904,tecnologia,False,DANE_ENIG,1,compra de celular y accesorios monto:bajo
"Compra de radioteléfono, bepper, Avantel y accesorios",6958,tecnologia,False,DANE_ENIG,1,"compra de radioteléfono, bepper, avantel y accesorios monto:bajo"
"Servicios telegráficos: Telegramas, telex y fax",3997,tecnologia,False,DANE_ENIG,1,"servicios telegráficos: telegramas, telex y fax monto:bajo"
"Llamadas locales desde teléfonos públicos, cabinas telefónicas y monederos",14400,tecnologia,False,DANE_ENIG,1,"llamadas locales desde teléfonos públicos, cabinas telefónicas y monederos monto:bajo"
"Llamadas de larga distancia nacional o internacional desde teléfonos públicos, c",13328,tecnologia,False,DANE_ENIG,1,"llamadas de larga distancia nacional o internacional desde teléfonos públicos, c monto:bajo"
Pago de llamadas por minuto desde celular en la calle a cualquier destino,15896,tecnologia,False,DANE_ENIG,1,pago de llamadas por minuto desde celular en la calle a cualquier destino monto:bajo
Teléfono residencial (local y larga distancia),38559,tecnologia,False,DANE_ENIG,1,teléfono residencial (local y larga distancia) monto:medio
Instalación y reconexión de línea telefónica residencial,8124,tecnologia,False,DANE_ENIG,1,instalación y reconexión de línea telefónica residencial monto:bajo
Pago de servicio de telefono celular postpago,94846,tecnologia,False,DANE_ENIG,1,pago de servicio de telefono celular postpago monto:medio
Activación y reactivación de teléfono celular,3908,tecnologia,False,DANE_ENIG,1,activación y reactivación de teléfono celular monto:bajo
Pago por servicio de beeper o Avantel,12811,tecnologia,False,DANE_ENIG,1,pago por servicio de beeper o avantel monto:bajo
"Pago por suscripción a internet (banda ancha, acceso telefónico, acceso inalámbrico, etc.)",4552,tecnologia,False,DANE_ENIG,1,"pago por suscripción a internet (banda ancha, acceso telefónico, acceso inalámbrico, etc.) monto:bajo"
Pago de internet según demanda o por tiempo de uso,22167,tecnologia,False,DANE_ENIG,1,pago de internet según demanda o por tiempo de uso monto:bajo
Pago por servicio de Internet según plan,61421,tecnologia,False,DANE_ENIG,1,pago por servicio de internet según plan monto:medio
Servicios de café internet,16257,tecnologia,False,DANE_ENIG,1,servicios de café internet monto:bajo
Pago por descargas de internet y suscripción a páginas web,28898,tecnologia,False,DANE_ENIG,1,pago por descargas de internet y suscripción a páginas web monto:bajo
Tarjetas prepago para celular,21695,tecnologia,False,DANE_ENIG,1,tarjetas prepago para celular monto:bajo
"Otras tarjetas prepago: local, larga distancia, internet, etc.",16700,tecnologia,False,DANE_ENIG,1,"otras tarjetas prepago: local, larga distancia, internet, etc. monto:bajo"
"Equipos de sonido, radiolas y tocadiscos",38631,alimentacion,False,DANE_ENIG,1,"equipos de sonido, radiolas y tocadiscos monto:medio"
Reproductores de CD,12515,alimentacion,False,DANE_ENIG,1,reproductores de cd monto:bajo
"Radio, radioreloj, grabadoras, radiograbadora",7613,alimentacion,True,DANE_ENIG,1,"radio, radioreloj, grabadoras, radiograbadora monto:bajo"
"Walkman, diskman",17986,alimentacion,False,DANE_ENIG,1,"walkman, diskman monto:bajo"
"Radio o equipo de sonido para vehículos (casetera, CD y MP3)",32186,alimentacion,False,DANE_ENIG,1,"radio o equipo de sonido para vehículos (casetera, cd y mp3) monto:medio"
"Amplificadores de sonido, altavoces, equalizadores, bafles, micrófonos, audífonos, sintonizadores, a",43061,alimentacion,False,DANE_ENIG,1,"amplificadores de sonido, altavoces, equalizadores, bafles, micrófonos, audífonos, sintonizadores, a monto:medio"
"Otros equipos para la recepción, grabación y reproducción de sonido",31264,alimentacion,False,DANE_ENIG,1,"otros equipos para la recepción, grabación y reproducción de sonido monto:medio"
Televisor blanco y negro,13823,alimentacion,False,DANE_ENIG,1,televisor blanco y negro monto:bajo
Televisor a color convencional,33547,alimentacion,False,DANE_ENIG,1,televisor a color convencional monto:medio
Televisor de plasma o pantalla crsital liquido (LCD),97850,alimentacion,False,DANE_ENIG,1,televisor de plasma o pantalla crsital liquido (lcd) monto:medio
Antenas de televisión,2943,alimentacion,True,DANE_ENIG,1,antenas de televisión monto:bajo
VHS,10689,alimentacion,False,DANE_ENIG,1,vhs monto:bajo
DVD,11488,alimentacion,False,DANE_ENIG,1,dvd monto:bajo
Teatro en casa,16984,alimentacion,False,DANE_ENIG,1,teatro en casa monto:bajo
Cámaras fotográficas,31336,alimentacion,False,DANE_ENIG,1,cámaras fotográficas monto:medio
Proyectores de diapositivas,266667,alimentacion,False,DANE_ENIG,1,proyectores de diapositivas monto:alto
"Accesorios de fotografía: Flash, lentes, medidores de luz, filtros, trípodes, equipo para revelado, ",7251,alimentacion,True,DANE_ENIG,1,"accesorios de fotografía: flash, lentes, medidores de luz, filtros, trípodes, equipo para revelado, monto:bajo"
Cámaras de video,60967,alimentacion,False,DANE_ENIG,1,cámaras de video monto:medio
"Proyectores de películas, video beams, proyectores de opacos, acetatos, etc",92313,alimentacion,False,DANE_ENIG,1,"proyectores de películas, video beams, proyectores de opacos, acetatos, etc monto:medio"
"Instrumentos ópticos: Microscopios, telescopios, lupas, binóculos, brújulas, etc",1948,alimentacion,True,DANE_ENIG,1,"instrumentos ópticos: microscopios, telescopios, lupas, binóculos, brújulas, etc monto:bajo"
"Computadores personales, portátiles y de bolsillo",123648,alimentacion,False,DANE_ENIG,1,"computadores personales, portátiles y de bolsillo monto:medio"
Monitores,26948,alimentacion,False,DANE_ENIG,1,monitores monto:bajo
Impresoras,18674,alimentacion,False,DANE_ENIG,1,impresoras monto:bajo
Escáner,20433,alimentacion,False,DANE_ENIG,1,escáner monto:bajo
"Agendas electrónicas, diccionarios electrónicos y procesadores de texto",70204,alimentacion,False,DANE_ENIG,1,"agendas electrónicas, diccionarios electrónicos y procesadores de texto monto:medio"
"Reproductores digitales de música, video e imagen (MP3, MP4, Ipod, etc.)",15329,alimentacion,False,DANE_ENIG,1,"reproductores digitales de música, video e imagen (mp3, mp4, ipod, etc.) monto:bajo"
Máquinas de escribir manuales y eléctricas,2291,alimentacion,True,DANE_ENIG,1,máquinas de escribir manuales y eléctricas monto:bajo
Calculadoras,2827,alimentacion,True,DANE_ENIG,1,calculadoras monto:bajo
"Otros aparatos de tratamiento de información: servidores, etc.",7824,alimentacion,True,DANE_ENIG,1,"otros aparatos de tratamiento de información: servidores, etc. monto:bajo"
"Software tipo Office: procesadores de palabra, hojas de cálculo, software para hacer presentaciones ",10141,alimentacion,False,DANE_ENIG,1,"software tipo office: procesadores de palabra, hojas de cálculo, software para hacer presentaciones monto:bajo"
"Software especializado: de medicina, financiero, de diseño y dibujo, paquetes estadísticos y similar",36073,alimentacion,False,DANE_ENIG,1,"software especializado: de medicina, financiero, de diseño y dibujo, paquetes estadísticos y similar monto:medio"
Software de entretenimiento para computadores,12596,alimentacion,False,DANE_ENIG,1,software de entretenimiento para computadores monto:bajo
Antivirus,3277,alimentacion,True,DANE_ENIG,1,antivirus monto:bajo
"Webcam, Dispositivos de joystick y similares, Mouse, Teclados, Parlantes para computador, Cables par",4383,alimentacion,True,DANE_ENIG,1,"webcam, dispositivos de joystick y similares, mouse, teclados, parlantes para computador, cables par monto:bajo"
"Módem, Tarjetas de video, Tarjetas de sonido, unidades de diskette, unidades de DVD",7885,alimentacion,True,DANE_ENIG,1,"módem, tarjetas de video, tarjetas de sonido, unidades de diskette, unidades de dvd monto:bajo"
"Memoria RAM, Procesador, Board, switch de red, disco duro",12289,alimentacion,False,DANE_ENIG,1,"memoria ram, procesador, board, switch de red, disco duro monto:bajo"
"Memoria de USB, memory sticks, tarjetas SD, lectores de SD",10465,alimentacion,False,DANE_ENIG,1,"memoria de usb, memory sticks, tarjetas sd, lectores de sd monto:bajo"
"Otros accesorios para computador: Forros, Pad mouse, etc.",6316,alimentacion,True,DANE_ENIG,1,"otros accesorios para computador: forros, pad mouse, etc. monto:bajo"
Casetes pregrabados de audio,14334,alimentacion,False,DANE_ENIG,1,casetes pregrabados de audio monto:bajo
Casetes pregrabados de video,10477,alimentacion,False,DANE_ENIG,1,casetes pregrabados de video monto:bajo
Disquetes pregrabados (excluir software y videojuegos),9077,alimentacion,True,DANE_ENIG,1,disquetes pregrabados (excluir software y videojuegos) monto:bajo
CD´s y DVD´s pregrabados (excluir software y videojuegos),18350,alimentacion,False,DANE_ENIG,1,cd´s y dvd´s pregrabados (excluir software y videojuegos) monto:bajo
Discos de acetato pregrabados,26191,alimentacion,False,DANE_ENIG,1,discos de acetato pregrabados monto:bajo
"Cintas, casetes, CD´s, DVD´s y disquetes vírgenes",10962,alimentacion,False,DANE_ENIG,1,"cintas, casetes, cd´s, dvd´s y disquetes vírgenes monto:bajo"
"Material para uso fotográfico: Rollos, cartuchos, discos vírgenes para uso otográfico y cinematográf",13796,alimentacion,False,DANE_ENIG,1,"material para uso fotográfico: rollos, cartuchos, discos vírgenes para uso otográfico y cinematográf monto:bajo"
Reparación de equipos y accesorios audiovisuales,6629,alimentacion,True,DANE_ENIG,1,reparación de equipos y accesorios audiovisuales monto:bajo
Reparación de equipos y accesorios fotográficos,17982,alimentacion,False,DANE_ENIG,1,reparación de equipos y accesorios fotográficos monto:bajo
"Equipo y accesorios para deportes: pesas, balones, mallas, bicicletas estáticas, mesas de ping pong,",6434,alimentacion,True,DANE_ENIG,1,"equipo y accesorios para deportes: pesas, balones, mallas, bicicletas estáticas, mesas de ping pong, monto:bajo"
"Instrumentos musicales: Armónicas, flautas, maracas, tambores, baterías, guitarras, órganos, pianos,",21223,alimentacion,False,DANE_ENIG,1,"instrumentos musicales: armónicas, flautas, maracas, tambores, baterías, guitarras, órganos, pianos, monto:bajo"
Accesorios para instrumentos musicales,37084,alimentacion,False,DANE_ENIG,1,accesorios para instrumentos musicales monto:medio
Mantenimiento y reparación de instrumentos musicales y de equipos relacionados con deportes y ocio t,9451,alimentacion,True,DANE_ENIG,1,mantenimiento y reparación de instrumentos musicales y de equipos relacionados con deportes y ocio t monto:bajo
"Juegos de mesa: cartas, naipes, dominó, ajedrez, parqués, damas chinas, rumi-q, etc.",1866,alimentacion,True,DANE_ENIG,1,"juegos de mesa: cartas, naipes, dominó, ajedrez, parqués, damas chinas, rumi-q, etc. monto:bajo"
"Juguetes: carros, trenes, muñecas, loterias, peluches, rompecabezas, sonajeros,  armatodos, bromas, ",23433,alimentacion,False,DANE_ENIG,1,"juguetes: carros, trenes, muñecas, loterias, peluches, rompecabezas, sonajeros,  armatodos, bromas, monto:bajo"
"Bicicletas para niño(a), triciclos, columpios",8890,alimentacion,True,DANE_ENIG,1,"bicicletas para niño(a), triciclos, columpios monto:bajo"
"Consolas para juegos electrónicos: Play Station, nintendos, X-box, gameboy, etc.",37506,alimentacion,False,DANE_ENIG,1,"consolas para juegos electrónicos: play station, nintendos, x-box, gameboy, etc. monto:medio"
Casetes y CD ROM de video juegos,12439,alimentacion,False,DANE_ENIG,1,casetes y cd rom de video juegos monto:bajo
"Disfraces (vestidos, máscaras, accesorios)",3505,alimentacion,True,DANE_ENIG,1,"disfraces (vestidos, máscaras, accesorios) monto:bajo"
"Adornos navideños (árboles de navidad, guirnaldas, etc), pólvora y fuegos artificiales",5296,alimentacion,True,DANE_ENIG,1,"adornos navideños (árboles de navidad, guirnaldas, etc), pólvora y fuegos artificiales monto:bajo"
"Artículos para fiestas: piñatas, serpentinas, confetis, bombas plásticas, recordatorios, etc.",38698,alimentacion,False,DANE_ENIG,1,"artículos para fiestas: piñatas, serpentinas, confetis, bombas plásticas, recordatorios, etc. monto:medio"
"Artículos de colección: monedas, estampillas, álbumes para estampillas, billetes, etc.",6003,alimentacion,True,DANE_ENIG,1,"artículos de colección: monedas, estampillas, álbumes para estampillas, billetes, etc. monto:bajo"
"Equipo y accesorios para camping: carpas, colchonetas aislantes o térmicas, linternas, asadores o es",5550,alimentacion,True,DANE_ENIG,1,"equipo y accesorios para camping: carpas, colchonetas aislantes o térmicas, linternas, asadores o es monto:bajo"
"Calzado para deportes: patines, guayos, zapatos para golf, zapatillas para atletismo, clavos para al",29806,alimentacion,False,DANE_ENIG,1,"calzado para deportes: patines, guayos, zapatos para golf, zapatillas para atletismo, clavos para al monto:bajo"
"Equipos para pesca y caza: cañas y otros equipos para pescar, armas de fuego y municiones",6305,alimentacion,True,DANE_ENIG,1,"equipos para pesca y caza: cañas y otros equipos para pescar, armas de fuego y municiones monto:bajo"
Flores sueltas o por docena,53026,alimentacion,False,DANE_ENIG,1,flores sueltas o por docena monto:medio
"Plantas naturales: Ramos de flores, matas, arbustos",13773,alimentacion,False,DANE_ENIG,1,"plantas naturales: ramos de flores, matas, arbustos monto:bajo"
"Coronas, flores para funerales, hojas verdes",3816,alimentacion,True,DANE_ENIG,1,"coronas, flores para funerales, hojas verdes monto:bajo"
Plantas artificiales: Flores (sueltas o en ramo) y matas,25241,alimentacion,False,DANE_ENIG,1,plantas artificiales: flores (sueltas o en ramo) y matas monto:bajo
"Semillas, bulbos de plantas, césped, fertilizantes, fungicidas, abonos, materas, macetas y tiestos p",23836,alimentacion,False,DANE_ENIG,1,"semillas, bulbos de plantas, césped, fertilizantes, fungicidas, abonos, materas, macetas y tiestos p monto:bajo"
"Animales domésticos y mascotas: perros, gatos, pájaros, conejos, peces, etc.",3258,alimentacion,True,DANE_ENIG,1,"animales domésticos y mascotas: perros, gatos, pájaros, conejos, peces, etc. monto:bajo"
Alimentos para animales domésticos y mascotas,32505,alimentacion,False,DANE_ENIG,1,alimentos para animales domésticos y mascotas monto:medio
"Productos para animales domésticos y mascotas, productos de veterinaria, para el cuidado e higiene (",22736,alimentacion,False,DANE_ENIG,1,"productos para animales domésticos y mascotas, productos de veterinaria, para el cuidado e higiene ( monto:bajo"
"Servicios de veterinaria y de otro tipo para animales domésticos: cuidado, salón",39667,alimentacion,False,DANE_ENIG,1,"servicios de veterinaria y de otro tipo para animales domésticos: cuidado, salón monto:medio"
"Entrada a Ferias (del libro, artesanal, etc)",24605,alimentacion,False,DANE_ENIG,1,"entrada a ferias (del libro, artesanal, etc) monto:bajo"
"Gastos en parques, parques de diversiones, juegos mecánicos (no incluir pago de paquetes de paseos d",44252,alimentacion,False,DANE_ENIG,1,"gastos en parques, parques de diversiones, juegos mecánicos (no incluir pago de paquetes de paseos d monto:medio"
Gastos en bazares y fiestas populares,37475,alimentacion,False,DANE_ENIG,1,gastos en bazares y fiestas populares monto:medio
"Servicio de profesores o instructores particulares en clases recreativas y deportivas (bridge, ajedr",72179,alimentacion,False,DANE_ENIG,1,"servicio de profesores o instructores particulares en clases recreativas y deportivas (bridge, ajedr monto:medio"
"Servicio de profesores o instructores particulares en clases de formación artístartística (música, b",37349,alimentacion,False,DANE_ENIG,1,"servicio de profesores o instructores particulares en clases de formación artístartística (música, b monto:medio"
"Gastos en fiestas del hogar (matrimonios, cumpleaños, bautizos, navidad)",41252,alimentacion,False,DANE_ENIG,1,"gastos en fiestas del hogar (matrimonios, cumpleaños, bautizos, navidad) monto:medio"
Gastos en juegos electrónicos y maquinitas (daytona y otras) en estableciemiento públicos,34565,alimentacion,False,DANE_ENIG,1,gastos en juegos electrónicos y maquinitas (daytona y otras) en estableciemiento públicos monto:medio
Entrada a espectáculos deportivos,32452,alimentacion,False,DANE_ENIG,1,entrada a espectáculos deportivos monto:medio
"Alquiler de instalaciones o canchas deportivas para la práctica de deportes (bolos, tenis, golfito, ",97358,alimentacion,False,DANE_ENIG,1,"alquiler de instalaciones o canchas deportivas para la práctica de deportes (bolos, tenis, golfito, monto:medio"
Pago por servicios de gimnasio,12900,alimentacion,False,DANE_ENIG,1,pago por servicios de gimnasio monto:bajo
Cuotas a clubes sociales y deportivos,129612,alimentacion,False,DANE_ENIG,1,cuotas a clubes sociales y deportivos monto:medio
"Servicio de billar, tejo, rana y ping pong",53507,alimentacion,False,DANE_ENIG,1,"servicio de billar, tejo, rana y ping pong monto:medio"
"Alquiler de equipo, accesorios y calzado para deporte y recreación",10564,alimentacion,False,DANE_ENIG,1,"alquiler de equipo, accesorios y calzado para deporte y recreación monto:bajo"
Entradas a cine,32080,alimentacion,False,DANE_ENIG,1,entradas a cine monto:medio
Entradas a teatro,49903,alimentacion,False,DANE_ENIG,1,entradas a teatro monto:medio
"Entradas a espectáculos musicales: conciertos, óperas, ballets, zarzuela, etc.",16131,alimentacion,False,DANE_ENIG,1,"entradas a espectáculos musicales: conciertos, óperas, ballets, zarzuela, etc. monto:bajo"
Entradas a circos y otros espectáculos afines,6117,alimentacion,True,DANE_ENIG,1,entradas a circos y otros espectáculos afines monto:bajo
Entradas a plazas de toros,27446,alimentacion,False,DANE_ENIG,1,entradas a plazas de toros monto:bajo
"Entradas a museos, galerías de arte y exhibiciones",20830,alimentacion,False,DANE_ENIG,1,"entradas a museos, galerías de arte y exhibiciones monto:bajo"
"Entradas a bibliotecas, hemerotecas y archivos",60552,alimentacion,False,DANE_ENIG,1,"entradas a bibliotecas, hemerotecas y archivos monto:medio"
Entradas a parques nacionales y Reservas naturales,4960,alimentacion,True,DANE_ENIG,1,entradas a parques nacionales y reservas naturales monto:bajo
"Entradas a jardines botánicos, zoológicos y acuarios",19475,alimentacion,False,DANE_ENIG,1,"entradas a jardines botánicos, zoológicos y acuarios monto:bajo"
"Entradas a monumentos nacionales (sitios históricos, etc) y zonas arqueológicas",5369,alimentacion,True,DANE_ENIG,1,"entradas a monumentos nacionales (sitios históricos, etc) y zonas arqueológicas monto:bajo"
"Suscripción, instalación, conexión o reconexión a televisión por cable, satelital, digitalizada o an",2497,alimentacion,True,DANE_ENIG,1,"suscripción, instalación, conexión o reconexión a televisión por cable, satelital, digitalizada o an monto:bajo"
"Pago por servicio de televisión por cable, satelital, digitalizada o antena para",22392,alimentacion,False,DANE_ENIG,1,"pago por servicio de televisión por cable, satelital, digitalizada o antena para monto:bajo"
"Alquiler de TV y equipos de video: televisores, reproductoras de video, radios, etc.",17051,alimentacion,False,DANE_ENIG,1,"alquiler de tv y equipos de video: televisores, reproductoras de video, radios, etc. monto:bajo"
"Alquiler de películas, videos musicales y videojuegos",9368,alimentacion,True,DANE_ENIG,1,"alquiler de películas, videos musicales y videojuegos monto:bajo"
"Servicios fotográficos: fotografías, revelado, ampliaciones, impresión de fotografías digitales, ser",24349,alimentacion,False,DANE_ENIG,1,"servicios fotográficos: fotografías, revelado, ampliaciones, impresión de fotografías digitales, ser monto:bajo"
"Otros servicios culturales: músicos, payasos, recreacionistas y otros",4301,alimentacion,True,DANE_ENIG,1,"otros servicios culturales: músicos, payasos, recreacionistas y otros monto:bajo"
"Loterías, chance, baloto y similares",25315,alimentacion,False,DANE_ENIG,1,"loterías, chance, baloto y similares monto:bajo"
Rifas y sorteos (diferentes a loterías),16443,alimentacion,False,DANE_ENIG,1,rifas y sorteos (diferentes a loterías) monto:bajo
"Casinos, máquinas tragamonedas y bingos",57784,alimentacion,False,DANE_ENIG,1,"casinos, máquinas tragamonedas y bingos monto:medio"
Libros sueltos de lectura,50749,alimentacion,False,DANE_ENIG,1,libros sueltos de lectura monto:medio
Atlas y diccionarios,6243,alimentacion,True,DANE_ENIG,1,atlas y diccionarios monto:bajo
"Enciclopedias, obras completas y colecciones",10557,alimentacion,False,DANE_ENIG,1,"enciclopedias, obras completas y colecciones monto:bajo"
"Fascículos y tomos de enciclopedias, obras completas o colecciones",138054,alimentacion,False,DANE_ENIG,1,"fascículos y tomos de enciclopedias, obras completas o colecciones monto:medio"
Encuadernación de libros,12351,alimentacion,False,DANE_ENIG,1,encuadernación de libros monto:bajo
Libros técnicos y libros especializados,90300,alimentacion,False,DANE_ENIG,1,libros técnicos y libros especializados monto:medio
Lista de útiles escolares completa,10283,alimentacion,False,DANE_ENIG,1,lista de útiles escolares completa monto:bajo
"Libros de texto: textos guías para clase (incluye libros de literatura, poesía, etc, requeridos en c",8140,alimentacion,True,DANE_ENIG,1,"libros de texto: textos guías para clase (incluye libros de literatura, poesía, etc, requeridos en c monto:bajo"
Compra diaria de periódicos,15005,alimentacion,False,DANE_ENIG,1,compra diaria de periódicos monto:bajo
Suscripción a periódicos,10203,alimentacion,False,DANE_ENIG,1,suscripción a periódicos monto:bajo
"Compra de revistas sueltas, fotonovelas, cuentos y cuadernillos para colorear",8102,alimentacion,True,DANE_ENIG,1,"compra de revistas sueltas, fotonovelas, cuentos y cuadernillos para colorear monto:bajo"
Suscripción a revistas y otras publicaciones periódicas,7953,alimentacion,True,DANE_ENIG,1,suscripción a revistas y otras publicaciones periódicas monto:bajo
"Catálogos, material publicitario, tarjetas de invitación o felicitación, arteles, postales, calendar",23603,alimentacion,False,DANE_ENIG,1,"catálogos, material publicitario, tarjetas de invitación o felicitación, arteles, postales, calendar monto:bajo"
Mapas y globos terráqueos,955,alimentacion,True,DANE_ENIG,1,mapas y globos terráqueos monto:bajo
"Cuadernos (cosidos, grapados, argollados, plastificados, etc.) y blocks",17122,alimentacion,False,DANE_ENIG,1,"cuadernos (cosidos, grapados, argollados, plastificados, etc.) y blocks monto:bajo"
"Libretas, agendas, diarios personales y libros de contabilidad",4612,alimentacion,True,DANE_ENIG,1,"libretas, agendas, diarios personales y libros de contabilidad monto:bajo"
"Hojas sueltas de papel (oficio, carta, cuadriculado, mantequilla, carbón), cartulina y otro tipo de ",4990,alimentacion,True,DANE_ENIG,1,"hojas sueltas de papel (oficio, carta, cuadriculado, mantequilla, carbón), cartulina y otro tipo de monto:bajo"
Resmas de papel (carta u oficio),9138,alimentacion,True,DANE_ENIG,1,resmas de papel (carta u oficio) monto:bajo
"Otros artículos de papeleria: fólderes, sobres (carta o manila), forros, rótulos",6864,alimentacion,True,DANE_ENIG,1,"otros artículos de papeleria: fólderes, sobres (carta o manila), forros, rótulos monto:bajo"
"Lápices, portaminas, minas, talápices y borradores",3905,alimentacion,True,DANE_ENIG,1,"lápices, portaminas, minas, talápices y borradores monto:bajo"
"Bolígrafos, plumasters, estilógrafos, plumas, marcadores y resaltadores",3729,alimentacion,True,DANE_ENIG,1,"bolígrafos, plumasters, estilógrafos, plumas, marcadores y resaltadores monto:bajo"
"Tintas (para estilógrafo, china y otras), plantillas de dibujo, almohadillas, líquidos correctores, ",14878,alimentacion,False,DANE_ENIG,1,"tintas (para estilógrafo, china y otras), plantillas de dibujo, almohadillas, líquidos correctores, monto:bajo"
"Lienzos, telas para dibujo y pintura",69598,alimentacion,False,DANE_ENIG,1,"lienzos, telas para dibujo y pintura monto:medio"
Pinceles para dibujo,3013,alimentacion,True,DANE_ENIG,1,pinceles para dibujo monto:bajo
"Vinilos, témperas, acuarelas, óleos, carboncillos, cajas de colores, crayolas, plastilina, otras pin",6486,alimentacion,True,DANE_ENIG,1,"vinilos, témperas, acuarelas, óleos, carboncillos, cajas de colores, crayolas, plastilina, otras pin monto:bajo"
"Otros artículos para manualidades (repujadores, troqueladores, enrolladores, etc",16405,alimentacion,False,DANE_ENIG,1,"otros artículos para manualidades (repujadores, troqueladores, enrolladores, etc monto:bajo"
"Perforadoras, cortadoras, tijeras, grapadoras",673,alimentacion,True,DANE_ENIG,1,"perforadoras, cortadoras, tijeras, grapadoras monto:bajo"
"Pegamentos, cintas, colbones, gomas, adhesivos, bisturís, grapas, clips, broches",3516,alimentacion,True,DANE_ENIG,1,"pegamentos, cintas, colbones, gomas, adhesivos, bisturís, grapas, clips, broches monto:bajo"
"Reglas, escuadras, compaces, transportadores y otros instrumentos de geometría.",6160,alimentacion,True,DANE_ENIG,1,"reglas, escuadras, compaces, transportadores y otros instrumentos de geometría. monto:bajo"
"Estuches para lápices, pizarras, tiza, yeso para actividades educativas, madera balso etc.",6082,alimentacion,True,DANE_ENIG,1,"estuches para lápices, pizarras, tiza, yeso para actividades educativas, madera balso etc. monto:bajo"
"Paquetes turísticos completos: Gira turística completa (incluye pasajes, alojamiento, alimentación, ",159891,alimentacion,False,DANE_ENIG,1,"paquetes turísticos completos: gira turística completa (incluye pasajes, alojamiento, alimentación, monto:alto"
"Pago de paquete por viajes de excursión, peregrinaje o convivencia de menos de un día (sin pernoctar",24437,alimentacion,False,DANE_ENIG,1,"pago de paquete por viajes de excursión, peregrinaje o convivencia de menos de un día (sin pernoctar monto:bajo"
Matrícula e inscripción en preescolar,7661,servicios,False,DANE_ENIG,1,matrícula e inscripción en preescolar monto:bajo
Pensiones en preescolar,75851,servicios,False,DANE_ENIG,1,pensiones en preescolar monto:medio
Bonos escolares en preescolar,2349,servicios,False,DANE_ENIG,1,bonos escolares en preescolar monto:bajo
Asociación de padres de familia en preescolar,1951,servicios,False,DANE_ENIG,1,asociación de padres de familia en preescolar monto:bajo
"Uniformes (diario, gala, deportes) en preescolar",6877,servicios,False,DANE_ENIG,1,"uniformes (diario, gala, deportes) en preescolar monto:bajo"
"Otros gastos en preescolar no especificados anteriormente (aportes para rifas, e",17809,servicios,False,DANE_ENIG,1,"otros gastos en preescolar no especificados anteriormente (aportes para rifas, e monto:bajo"
Matrícula e inscripción en primaria,6667,servicios,False,DANE_ENIG,1,matrícula e inscripción en primaria monto:bajo
Pensiones en primaria,98339,servicios,False,DANE_ENIG,1,pensiones en primaria monto:medio
Bonos escolares en primaria,7637,servicios,False,DANE_ENIG,1,bonos escolares en primaria monto:bajo
Asociación de padres de familia en primaria,2059,servicios,False,DANE_ENIG,1,asociación de padres de familia en primaria monto:bajo
"Uniformes (diario, gala, deportes) en primaria",8008,servicios,False,DANE_ENIG,1,"uniformes (diario, gala, deportes) en primaria monto:bajo"
"Otros gastos en primaria no especificados anteriormente (aportes para rifas, eventos especiales y co",12072,servicios,False,DANE_ENIG,1,"otros gastos en primaria no especificados anteriormente (aportes para rifas, eventos especiales y co monto:bajo"
Matrícula e inscripción en educación para niños con necesidades educativas especiales,8461,servicios,False,DANE_ENIG,1,matrícula e inscripción en educación para niños con necesidades educativas especiales monto:bajo
Pensiones en educación de niños con necesidades educativas especiales,82906,servicios,False,DANE_ENIG,1,pensiones en educación de niños con necesidades educativas especiales monto:medio
"Otros gastos en enseñanza de niños con necesidades educativas especiales (aportes para rifas, evento",14064,servicios,False,DANE_ENIG,1,"otros gastos en enseñanza de niños con necesidades educativas especiales (aportes para rifas, evento monto:bajo"
Matriculas e inscripción en secundaria,10106,servicios,False,DANE_ENIG,1,matriculas e inscripción en secundaria monto:bajo
Pensiones en secundaria,126704,servicios,False,DANE_ENIG,1,pensiones en secundaria monto:medio
Bonos escolares en secundaria,4513,servicios,False,DANE_ENIG,1,bonos escolares en secundaria monto:bajo
Asociación de padres de familia en secundaria,2310,servicios,False,DANE_ENIG,1,asociación de padres de familia en secundaria monto:bajo
"Uniformes (diario, gala, deportes) en secundaria",9721,servicios,False,DANE_ENIG,1,"uniformes (diario, gala, deportes) en secundaria monto:bajo"
"Otros gastos en secundaria no especificados anteriormente (aportes para rifas, e",23116,servicios,False,DANE_ENIG,1,"otros gastos en secundaria no especificados anteriormente (aportes para rifas, e monto:bajo"
Inscripciones y matrículas en carreras universitarias (no incluye postgrado),194955,servicios,False,DANE_ENIG,1,inscripciones y matrículas en carreras universitarias (no incluye postgrado) monto:alto
Inscripciones y matrículas en carreras técnicas y tecnológicas,62920,servicios,False,DANE_ENIG,1,inscripciones y matrículas en carreras técnicas y tecnológicas monto:medio
"Inscripciones y matrículas en postgrados (especialización, maestría, doctorado)",260213,servicios,False,DANE_ENIG,1,"inscripciones y matrículas en postgrados (especialización, maestría, doctorado) monto:alto"
Otros gastos en educación superior (pregrados y postgrados),60556,servicios,False,DANE_ENIG,1,otros gastos en educación superior (pregrados y postgrados) monto:medio
"Cursos de educación no formal en academias o instituciones de idiomas, informática, moda y confecció",134361,servicios,False,DANE_ENIG,1,"cursos de educación no formal en academias o instituciones de idiomas, informática, moda y confecció monto:medio"
Cursos de educación no formal en academias o instituciones de deportes,98681,servicios,False,DANE_ENIG,1,cursos de educación no formal en academias o instituciones de deportes monto:medio
Cursos de educación no formal en academias o instituciones de formación artística,132741,servicios,False,DANE_ENIG,1,cursos de educación no formal en academias o instituciones de formación artística monto:medio
"Diplomados, educación continuada, preicfes, pre-universitarios",34904,servicios,False,DANE_ENIG,1,"diplomados, educación continuada, preicfes, pre-universitarios monto:medio"
Educación para adultos y validaciones,9009,servicios,False,DANE_ENIG,1,educación para adultos y validaciones monto:bajo
Pago a instituciones por asesoría de tareas,69323,servicios,False,DANE_ENIG,1,pago a instituciones por asesoría de tareas monto:medio
Clases académicas dictadas por particulares,38907,servicios,False,DANE_ENIG,1,clases académicas dictadas por particulares monto:medio
Desayunos completos,44147,alimentacion,False,DANE_ENIG,1,desayunos completos monto:medio
Almuerzos completos,113969,alimentacion,False,DANE_ENIG,1,almuerzos completos monto:medio
Comidas completas,61522,alimentacion,False,DANE_ENIG,1,comidas completas monto:medio
"Tiquetera para alimentos preparados, excepto en establecimientos educativos",84794,alimentacion,False,DANE_ENIG,1,"tiquetera para alimentos preparados, excepto en establecimientos educativos monto:medio"
"Platos diversos: Pollo asado, carne asada, arroz chino, lechona y similares",41452,alimentacion,False,DANE_ENIG,1,"platos diversos: pollo asado, carne asada, arroz chino, lechona y similares monto:medio"
"Bebidas calientes en cafeterías y similares: Tinto, café con leche, chocolate, té, bebida achocolata",11002,alimentacion,False,DANE_ENIG,1,"bebidas calientes en cafeterías y similares: tinto, café con leche, chocolate, té, bebida achocolata monto:bajo"
Gaseosa y otros refrescos,17612,alimentacion,False,DANE_ENIG,1,gaseosa y otros refrescos monto:bajo
Jugos naturales,9993,alimentacion,True,DANE_ENIG,1,jugos naturales monto:bajo
Leche tomada fuera del hogar,7521,alimentacion,True,DANE_ENIG,1,leche tomada fuera del hogar monto:bajo
"Yogurt, kumis",8251,alimentacion,True,DANE_ENIG,1,"yogurt, kumis monto:bajo"
"Masato, mazamorra, chicha, avena helada, malteada, agua de panela fria y similar",5801,alimentacion,True,DANE_ENIG,1,"masato, mazamorra, chicha, avena helada, malteada, agua de panela fria y similar monto:bajo"
Agua mineral (familiar),8177,alimentacion,True,DANE_ENIG,1,agua mineral (familiar) monto:bajo
"Helados, paletas, conos y similares",12094,alimentacion,False,DANE_ENIG,1,"helados, paletas, conos y similares monto:bajo"
"Ensaladas de frutas, frutas sueltas, fresas con crema",13756,alimentacion,False,DANE_ENIG,1,"ensaladas de frutas, frutas sueltas, fresas con crema monto:bajo"
Galletas de sal y de dulce,5516,alimentacion,True,DANE_ENIG,1,galletas de sal y de dulce monto:bajo
"Pan, almojábanas, buñuelos, pandeyucas, arepas y similares",14640,alimentacion,False,DANE_ENIG,1,"pan, almojábanas, buñuelos, pandeyucas, arepas y similares monto:bajo"
"Emparedados, empanadas, bollos, envueltos, tamales, pastel de pollo, perros calientes, hamburguesas,",21711,alimentacion,False,DANE_ENIG,1,"emparedados, empanadas, bollos, envueltos, tamales, pastel de pollo, perros calientes, hamburguesas, monto:bajo"
"Brownies, obleas, ponques, bizcochos, milhojas y similares",9879,alimentacion,True,DANE_ENIG,1,"brownies, obleas, ponques, bizcochos, milhojas y similares monto:bajo"
"Productos de salsamentaria y fritanga: chorizos, jamones, rellenas y similares",8863,alimentacion,True,DANE_ENIG,1,"productos de salsamentaria y fritanga: chorizos, jamones, rellenas y similares monto:bajo"
"Quesos, cuajadas y quesillos",12882,alimentacion,False,DANE_ENIG,1,"quesos, cuajadas y quesillos monto:bajo"
Huevos preparados,4084,alimentacion,True,DANE_ENIG,1,huevos preparados monto:bajo
"Arequipes, bocadillos, gelatinas y similares",5176,alimentacion,True,DANE_ENIG,1,"arequipes, bocadillos, gelatinas y similares monto:bajo"
"Frituras: papas fritas, chitos, patacones y similares",7520,alimentacion,True,DANE_ENIG,1,"frituras: papas fritas, chitos, patacones y similares monto:bajo"
"Dulces, confites, chocolatinas, bombones",6861,alimentacion,True,DANE_ENIG,1,"dulces, confites, chocolatinas, bombones monto:bajo"
"Cócteles de camarones, ostras y similares",15078,alimentacion,False,DANE_ENIG,1,"cócteles de camarones, ostras y similares monto:bajo"
"Onces, medias nueves, media mañana, algo, entredía, recreo",30985,alimentacion,False,DANE_ENIG,1,"onces, medias nueves, media mañana, algo, entredía, recreo monto:medio"
"Gastos en discotecas, bares, griles, tabernas y similares (comida, bebidas, cover)",72932,alimentacion,False,DANE_ENIG,1,"gastos en discotecas, bares, griles, tabernas y similares (comida, bebidas, cover) monto:medio"
"Gastos en bebidas alcohólicas (cerveza, aguardiente, ron, etc) en tiendas, fondas rurales y al aire ",56166,alimentacion,False,DANE_ENIG,1,"gastos en bebidas alcohólicas (cerveza, aguardiente, ron, etc) en tiendas, fondas rurales y al aire monto:medio"
"Pago mensual por alimentación de estudiantes en establecimiento educativo (restaurantes escolares, u",36181,alimentacion,False,DANE_ENIG,1,"pago mensual por alimentación de estudiantes en establecimiento educativo (restaurantes escolares, u monto:medio"
Pago en comedores comunitarios,12861,alimentacion,False,DANE_ENIG,1,pago en comedores comunitarios monto:bajo
"Pago de alimentos recibidos por niños menores de 3 años en jardín, preescolar, guardería",13736,alimentacion,False,DANE_ENIG,1,"pago de alimentos recibidos por niños menores de 3 años en jardín, preescolar, guardería monto:bajo"
Valor imputado de alimentos que pagaria a precios de mercado para menores de 3 años,67015,alimentacion,False,DANE_ENIG,1,valor imputado de alimentos que pagaria a precios de mercado para menores de 3 años monto:medio
Pago de alimentos recibidos por personas de 3 años y más en el plantel,9031,alimentacion,True,DANE_ENIG,1,pago de alimentos recibidos por personas de 3 años y más en el plantel monto:bajo
Valor imputado de alimentos que pagaria a precios de mercado para personas de 3 años y más,61704,alimentacion,False,DANE_ENIG,1,valor imputado de alimentos que pagaria a precios de mercado para personas de 3 años y más monto:medio
"Servicios de alojamiento en hoteles, pensiones, posadas y hostales",187633,alimentacion,False,DANE_ENIG,1,"servicios de alojamiento en hoteles, pensiones, posadas y hostales monto:alto"
Servicios de alojamiento en moteles y residencias,68389,alimentacion,False,DANE_ENIG,1,servicios de alojamiento en moteles y residencias monto:medio
"Servicios de alojamiento en Centros de vacaciones, cabañas, apartamentos, servicios de alquiler en t",29416,alimentacion,False,DANE_ENIG,1,"servicios de alojamiento en centros de vacaciones, cabañas, apartamentos, servicios de alquiler en t monto:bajo"
Servicios de alojamiento por motivo de enseñanza: internados de colegios; residencias estudiantiles;,239182,alimentacion,False,DANE_ENIG,1,servicios de alojamiento por motivo de enseñanza: internados de colegios; residencias estudiantiles; monto:alto
Corte de pelo para hombres y niños,5919,servicios,False,DANE_ENIG,1,corte de pelo para hombres y niños monto:bajo
Afeitado en barberías,5331,servicios,False,DANE_ENIG,1,afeitado en barberías monto:bajo
"Corte de pelo, peinado y alizado para mujeres y niñas",12102,servicios,False,DANE_ENIG,1,"corte de pelo, peinado y alizado para mujeres y niñas monto:bajo"
Tratamientos capilares y faciales,22458,servicios,False,DANE_ENIG,1,tratamientos capilares y faciales monto:bajo
Manicure y pedicure,11411,servicios,False,DANE_ENIG,1,manicure y pedicure monto:bajo
"Teñido de cabello, permanentes y desrizados en salon de belleza",34683,servicios,False,DANE_ENIG,1,"teñido de cabello, permanentes y desrizados en salon de belleza monto:medio"
"Saunas, turcos y masajes no terapéuticos",31582,servicios,False,DANE_ENIG,1,"saunas, turcos y masajes no terapéuticos monto:medio"
Depilaciones,15873,servicios,False,DANE_ENIG,1,depilaciones monto:bajo
"Otros tratamientos de belleza: bronceado en cámara, etc",61254,servicios,False,DANE_ENIG,1,"otros tratamientos de belleza: bronceado en cámara, etc monto:medio"
"Máquinas eléctricas de afeitar, para cortar el pelo y depiladoras",5023,servicios,False,DANE_ENIG,1,"máquinas eléctricas de afeitar, para cortar el pelo y depiladoras monto:bajo"
Pinzas y secadores eléctricos,6895,servicios,False,DANE_ENIG,1,pinzas y secadores eléctricos monto:bajo
"Otros aparatos eléctricos para el cuidado personal: cepillos de dientes, vaporizdores, artículos elé",4289,servicios,False,DANE_ENIG,1,"otros aparatos eléctricos para el cuidado personal: cepillos de dientes, vaporizdores, artículos elé monto:bajo"
Reparación de aparatos eléctricos para el cuidado personal,1892,servicios,False,DANE_ENIG,1,reparación de aparatos eléctricos para el cuidado personal monto:bajo
"Máquina de afeitar no desechables, cuchillas y repuestos para máquinas de afeitar desechables, depil",3804,servicios,False,DANE_ENIG,1,"máquina de afeitar no desechables, cuchillas y repuestos para máquinas de afeitar desechables, depil monto:bajo"
Balanzas personales o pesas,3322,servicios,False,DANE_ENIG,1,balanzas personales o pesas monto:bajo
Jabones de tocador líquidos y en barra,3757,servicios,False,DANE_ENIG,1,jabones de tocador líquidos y en barra monto:bajo
"Champús, acondicionadores, bálsamos, enjuagues, cremas y tratamientos para el ca",11247,servicios,False,DANE_ENIG,1,"champús, acondicionadores, bálsamos, enjuagues, cremas y tratamientos para el ca monto:bajo"
"Cremas de afeitar (tubo, aerosol, gel) y lociones para después de la afeitada",8860,servicios,False,DANE_ENIG,1,"cremas de afeitar (tubo, aerosol, gel) y lociones para después de la afeitada monto:bajo"
"Desodorantes (crema, barra, roll-on, aerosol)",7718,servicios,False,DANE_ENIG,1,"desodorantes (crema, barra, roll-on, aerosol) monto:bajo"
"Perfumes, colonias y lociones",51472,servicios,False,DANE_ENIG,1,"perfumes, colonias y lociones monto:medio"
"Artículos para la higiene corporal del bebé: Aceites, cremas, champús, bálsamos, , jabones, colonias",17534,servicios,False,DANE_ENIG,1,"artículos para la higiene corporal del bebé: aceites, cremas, champús, bálsamos, , jabones, colonias monto:bajo"
Otros artículos para higiene corporal,9220,servicios,False,DANE_ENIG,1,otros artículos para higiene corporal monto:bajo
"Cepillos de dientes, hilo y seda dental",5459,servicios,False,DANE_ENIG,1,"cepillos de dientes, hilo y seda dental monto:bajo"
Crema dental y enjuague bucal,4763,servicios,False,DANE_ENIG,1,crema dental y enjuague bucal monto:bajo
"Otros artículos para la higiene oral (blanqueadores, ceras, etc)",7075,servicios,False,DANE_ENIG,1,"otros artículos para la higiene oral (blanqueadores, ceras, etc) monto:bajo"
"Bases para la cara, polvos faciales, pestañinas, labiales, lápices de ceja, delineadores, sombras y ",17429,servicios,False,DANE_ENIG,1,"bases para la cara, polvos faciales, pestañinas, labiales, lápices de ceja, delineadores, sombras y monto:bajo"
"Esmaltes, quitaesmaltes y diluyentes",4551,servicios,False,DANE_ENIG,1,"esmaltes, quitaesmaltes y diluyentes monto:bajo"
"Cremas (nutritivas, limpiadoras, hidratantes, etc.), talcos y polvos para el cueerpo y los pies, bro",16533,servicios,False,DANE_ENIG,1,"cremas (nutritivas, limpiadoras, hidratantes, etc.), talcos y polvos para el cueerpo y los pies, bro monto:bajo"
Tinturas para el cabello,14034,servicios,False,DANE_ENIG,1,tinturas para el cabello monto:bajo
Otros productos de belleza,21891,servicios,False,DANE_ENIG,1,otros productos de belleza monto:bajo
Papel higiénico,6506,servicios,False,DANE_ENIG,1,papel higiénico monto:bajo
"Algodón, esponjas para el cuerpo y copitos",2372,servicios,False,DANE_ENIG,1,"algodón, esponjas para el cuerpo y copitos monto:bajo"
"Toallas desechables: de mano, de cocina, pañuelos desechables, pañitos húmedos",5992,servicios,False,DANE_ENIG,1,"toallas desechables: de mano, de cocina, pañuelos desechables, pañitos húmedos monto:bajo"
"Toallas sanitarias, protectores y tampones",5334,servicios,False,DANE_ENIG,1,"toallas sanitarias, protectores y tampones monto:bajo"
"Protectores para brassier, mamadores, succionadores y pezoneras",7891,servicios,False,DANE_ENIG,1,"protectores para brassier, mamadores, succionadores y pezoneras monto:bajo"
Pañales desechables,18955,servicios,False,DANE_ENIG,1,pañales desechables monto:bajo
Pañales para incontinencia,25080,servicios,False,DANE_ENIG,1,pañales para incontinencia monto:bajo
Otros productos para el aseo personal,7316,servicios,False,DANE_ENIG,1,otros productos para el aseo personal monto:bajo
Servicios prestados por personas para entretenimiento privado de adultos (strippers),25399,servicios,False,DANE_ENIG,1,servicios prestados por personas para entretenimiento privado de adultos (strippers) monto:bajo
"Anillos, argollas, sortijas, aretes, pendientes, prendedores y alfileres para corbata, mancornas en ",27819,servicios,False,DANE_ENIG,1,"anillos, argollas, sortijas, aretes, pendientes, prendedores y alfileres para corbata, mancornas en monto:bajo"
"Collares, cadenas, gargantillas, pulseras y manillas en oro y plata.",29309,servicios,False,DANE_ENIG,1,"collares, cadenas, gargantillas, pulseras y manillas en oro y plata. monto:bajo"
Piedras preciosas,49675,servicios,False,DANE_ENIG,1,piedras preciosas monto:medio
"Reparación de artículos de oro, plata y piedras preciosas.",17351,servicios,False,DANE_ENIG,1,"reparación de artículos de oro, plata y piedras preciosas. monto:bajo"
"Relojes de mesa o pared y despertadores, termómetros y barómetros de pared",3882,servicios,False,DANE_ENIG,1,"relojes de mesa o pared y despertadores, termómetros y barómetros de pared monto:bajo"
"Relojes de pulso, de bolsillo y cronómetros",6840,servicios,False,DANE_ENIG,1,"relojes de pulso, de bolsillo y cronómetros monto:bajo"
"Reparación de relojes, cronómetros, termómetros y barómetros de pared",1665,servicios,False,DANE_ENIG,1,"reparación de relojes, cronómetros, termómetros y barómetros de pared monto:bajo"
"Anillos, argollas, sortijas, aretes, pendientes, prendedores de fantasía.",5830,servicios,False,DANE_ENIG,1,"anillos, argollas, sortijas, aretes, pendientes, prendedores de fantasía. monto:bajo"
"Collares, cadenas, gargantillas, pulseras y manillas de fantasía",6779,servicios,False,DANE_ENIG,1,"collares, cadenas, gargantillas, pulseras y manillas de fantasía monto:bajo"
Reparación de artículos de fantasía,2080,servicios,False,DANE_ENIG,1,reparación de artículos de fantasía monto:bajo
"Maletines, portafolios y bolsos de viaje",19511,servicios,False,DANE_ENIG,1,"maletines, portafolios y bolsos de viaje monto:bajo"
Carteras y bolsos de mano,16381,servicios,False,DANE_ENIG,1,carteras y bolsos de mano monto:bajo
"Billeteras, monederos, tarjeteros de bolsillo y portabilletes",9552,servicios,False,DANE_ENIG,1,"billeteras, monederos, tarjeteros de bolsillo y portabilletes monto:bajo"
Bolsos y mochilas para estudiantes,13347,servicios,False,DANE_ENIG,1,bolsos y mochilas para estudiantes monto:bajo
Reparación de artículos de viaje y para el transporte de efectos personales,3433,servicios,False,DANE_ENIG,1,reparación de artículos de viaje y para el transporte de efectos personales monto:bajo
"Coches, caminadores, sillas, sillas para vehículo, cestos y hamacas para bebé",39164,servicios,False,DANE_ENIG,1,"coches, caminadores, sillas, sillas para vehículo, cestos y hamacas para bebé monto:medio"
Portabebés delanteros y de espalda,9296,servicios,False,DANE_ENIG,1,portabebés delanteros y de espalda monto:bajo
Monitores e intercomunicadores para bebé,13043,servicios,False,DANE_ENIG,1,monitores e intercomunicadores para bebé monto:bajo
"Chupos, mamilas, entretenedores",2471,servicios,False,DANE_ENIG,1,"chupos, mamilas, entretenedores monto:bajo"
Pañaleras,8836,servicios,False,DANE_ENIG,1,pañaleras monto:bajo
"Otros artículos para bebé (bañeras, correas para bebé, etc)",9384,servicios,False,DANE_ENIG,1,"otros artículos para bebé (bañeras, correas para bebé, etc) monto:bajo"
Reparación de artículos para bebé,27479,servicios,False,DANE_ENIG,1,reparación de artículos para bebé monto:bajo
"Artículos para fumador: Pipas, encendedores no desechables, pitilleras y cortapuros",1186,servicios,False,DANE_ENIG,1,"artículos para fumador: pipas, encendedores no desechables, pitilleras y cortapuros monto:bajo"
"Artículos personales varios: gafas de sol, lentes de contacto cosmeticos, bastones, paraguas y sombr",20043,servicios,False,DANE_ENIG,1,"artículos personales varios: gafas de sol, lentes de contacto cosmeticos, bastones, paraguas y sombr monto:bajo"
"Artículos de funeraria: Ataúdes, lápidas y urnas",51047,servicios,False,DANE_ENIG,1,"artículos de funeraria: ataúdes, lápidas y urnas monto:medio"
"Residencias para ancianos, hogares geriátricos, hogares para personas con limita",215205,servicios,False,DANE_ENIG,1,"residencias para ancianos, hogares geriátricos, hogares para personas con limita monto:alto"
Asistencia en el hogar para el cuidado y mantenimiento de personas con limitacio,105286,servicios,False,DANE_ENIG,1,asistencia en el hogar para el cuidado y mantenimiento de personas con limitacio monto:medio
"Pagos mensuales en guardería o salacunas: pensión, alimentación, etc",38777,servicios,False,DANE_ENIG,1,"pagos mensuales en guardería o salacunas: pensión, alimentación, etc monto:medio"
"Pagos anuales en guarderías o salacunas: matrícula, materiales, etc",7775,servicios,False,DANE_ENIG,1,"pagos anuales en guarderías o salacunas: matrícula, materiales, etc monto:bajo"
Cuidado de niños fuera del hogar (niñeras fuera del hogar),48739,servicios,False,DANE_ENIG,1,cuidado de niños fuera del hogar (niñeras fuera del hogar) monto:medio
Pago mensual por seguridad social en salud en regímenes contributivo o especial,68816,servicios,False,DANE_ENIG,1,pago mensual por seguridad social en salud en regímenes contributivo o especial monto:medio
"Pagos adicionales de EPS, diferentes al nucleo familiar (UPC)",42868,servicios,False,DANE_ENIG,1,"pagos adicionales de eps, diferentes al nucleo familiar (upc) monto:medio"
Pago mensual por afiliación al fondo de pensiones,45039,servicios,False,DANE_ENIG,1,pago mensual por afiliación al fondo de pensiones monto:medio
Aportes voluntarios a fondos de pensiones y cesantías,133970,servicios,False,DANE_ENIG,1,aportes voluntarios a fondos de pensiones y cesantías monto:medio
Seguro de vida y de educación (ahorro programado),18952,servicios,False,DANE_ENIG,1,seguro de vida y de educación (ahorro programado) monto:bajo
"Seguro relacionado con la vivienda (robo, incendio, terremoto, terrorismo, etc)",11628,servicios,False,DANE_ENIG,1,"seguro relacionado con la vivienda (robo, incendio, terremoto, terrorismo, etc) monto:bajo"
Pago anual por medicina prepagada,133501,servicios,False,DANE_ENIG,1,pago anual por medicina prepagada monto:medio
Seguro estudiantil,1376,servicios,False,DANE_ENIG,1,seguro estudiantil monto:bajo
"Seguros relacionados con la salud: Médico, Maternidad, Neonatal, ambulancia, de accidentes, etc.",13241,servicios,False,DANE_ENIG,1,"seguros relacionados con la salud: médico, maternidad, neonatal, ambulancia, de accidentes, etc. monto:bajo"
Pago de Seguro Obligatorio SOAT,18141,servicios,False,DANE_ENIG,1,pago de seguro obligatorio soat monto:bajo
Pago de Seguro de vehículos contra todo riesgo,62942,servicios,False,DANE_ENIG,1,pago de seguro de vehículos contra todo riesgo monto:medio
"Otros Seguros relacionados con el transporte: Seguro de Vuelo, Seguro de viaje y equipaje",156245,servicios,False,DANE_ENIG,1,"otros seguros relacionados con el transporte: seguro de vuelo, seguro de viaje y equipaje monto:alto"
Otros seguros: Seguros de responsabilidad civil por lesiones o daños a terceros,7134,servicios,False,DANE_ENIG,1,otros seguros: seguros de responsabilidad civil por lesiones o daños a terceros monto:bajo
Pago de póliza de cumplimiento por contrato a término fijo,90363,servicios,False,DANE_ENIG,1,pago de póliza de cumplimiento por contrato a término fijo monto:medio
Comisiones bancarias por transferencias y giros,12642,servicios,False,DANE_ENIG,1,comisiones bancarias por transferencias y giros monto:bajo
"Compra, custodia y corretaje de valores, títulos financieros, CDT´s y acciones",782774,servicios,False,DANE_ENIG,1,"compra, custodia y corretaje de valores, títulos financieros, cdt´s y acciones monto:alto"
Cuota de manejo de tarjeta débito o crédito,18722,servicios,False,DANE_ENIG,1,cuota de manejo de tarjeta débito o crédito monto:bajo
Cuotas por crédito para adquisición de vehículos,462073,servicios,False,DANE_ENIG,1,cuotas por crédito para adquisición de vehículos monto:alto
"Cuotas o pagos por préstamos de consumo realizados a Bancos, Cooperativas y Fondos (excluir cuotas d",360602,servicios,False,DANE_ENIG,1,"cuotas o pagos por préstamos de consumo realizados a bancos, cooperativas y fondos (excluir cuotas d monto:alto"
"Pago del ultimo recibo por tarjetas de crédito (Diners, Credibanco, Visa, etc.),",301214,servicios,False,DANE_ENIG,1,"pago del ultimo recibo por tarjetas de crédito (diners, credibanco, visa, etc.), monto:alto"
Cuotas de amortización de vivienda para uso del hogar diferentes a la que habita,533864,servicios,False,DANE_ENIG,1,cuotas de amortización de vivienda para uso del hogar diferentes a la que habita monto:alto
Cuotas mensuales por adquisición de bienes raíces diferentes a vivienda,379504,servicios,False,DANE_ENIG,1,cuotas mensuales por adquisición de bienes raíces diferentes a vivienda monto:alto
Cuotas o pagos por préstamos adquiridos con particulares y organizaciones del sector no financiero,189294,servicios,False,DANE_ENIG,1,cuotas o pagos por préstamos adquiridos con particulares y organizaciones del sector no financiero monto:alto
Compra de vivienda,5206996,servicios,False,DANE_ENIG,1,compra de vivienda monto:alto
"Compra de terrenos, lotes, locales, fincas, parcelas y similares",765907,servicios,False,DANE_ENIG,1,"compra de terrenos, lotes, locales, fincas, parcelas y similares monto:alto"
Dineros ahorrados el último mes,669219,servicios,False,DANE_ENIG,1,dineros ahorrados el último mes monto:alto
Dineros dados en préstamo a otras personas,535021,servicios,False,DANE_ENIG,1,dineros dados en préstamo a otras personas monto:alto
Otros Servicios de Intermediación Financiera,454164,servicios,False,DANE_ENIG,1,otros servicios de intermediación financiera monto:alto
"Cuota de amortización de la vivienda propia, pagándose que habita el hogar",382026,servicios,False,DANE_ENIG,1,"cuota de amortización de la vivienda propia, pagándose que habita el hogar monto:alto"
"Pagos a bancos e instituciones financieras, casas de cambios, etc, por chequeras",100638,servicios,False,DANE_ENIG,1,"pagos a bancos e instituciones financieras, casas de cambios, etc, por chequeras monto:medio"
Cuotas o pagos directos a almacenes y distribuidores por compras a crédito (cluye tarjetas de crédit,108440,servicios,False,DANE_ENIG,1,cuotas o pagos directos a almacenes y distribuidores por compras a crédito (cluye tarjetas de crédit monto:medio
"Honorarios y cargos por servicios de agentes, asesores de inversión, consultores",51097,servicios,False,DANE_ENIG,1,"honorarios y cargos por servicios de agentes, asesores de inversión, consultores monto:medio"
"Pagos de honorarios por: asesoría jurídicas, contratación de personal para el hogar, agencias matrim",49918,servicios,False,DANE_ENIG,1,"pagos de honorarios por: asesoría jurídicas, contratación de personal para el hogar, agencias matrim monto:medio"
Pago por publicación en el diario oficial por contrato a término fijo,150238,servicios,False,DANE_ENIG,1,pago por publicación en el diario oficial por contrato a término fijo monto:alto
"Certificados y documentos administrativos: Cédula de ciudadanía, pasaporte, visas, tarjetas profesio",10296,servicios,False,DANE_ENIG,1,"certificados y documentos administrativos: cédula de ciudadanía, pasaporte, visas, tarjetas profesio monto:bajo"
"Cuotas a asociaciones profesionales, partidos políticos, juntas de acción comunal, aportes y donacio",49969,servicios,False,DANE_ENIG,1,"cuotas a asociaciones profesionales, partidos políticos, juntas de acción comunal, aportes y donacio monto:medio"
Cuotas a instituciones religiosas y diezmo,37709,servicios,False,DANE_ENIG,1,cuotas a instituciones religiosas y diezmo monto:medio
"Derechos religiosos y civiles por entierros,matrimonios, gastos en pompas fúnebres y en otros servic",17867,servicios,False,DANE_ENIG,1,"derechos religiosos y civiles por entierros,matrimonios, gastos en pompas fúnebres y en otros servic monto:bajo"
Pago por noticias y anuncios en la prensa y en páginas web,4843,servicios,False,DANE_ENIG,1,pago por noticias y anuncios en la prensa y en páginas web monto:bajo
Pago por servicio de baños públicos,3738,servicios,False,DANE_ENIG,1,pago por servicio de baños públicos monto:bajo
"Servicio de fotocopias, reducciones, ampliaciones, laminaciones, argollados, impresión de hojas y do",10611,servicios,False,DANE_ENIG,1,"servicio de fotocopias, reducciones, ampliaciones, laminaciones, argollados, impresión de hojas y do monto:bajo"
Servicio de coteros o cargadores,5575,servicios,False,DANE_ENIG,1,servicio de coteros o cargadores monto:bajo
Impuesto predial y de valorización de la(s) vivienda(s) ocupada(s) por el hogar,18390,servicios,False,DANE_ENIG,1,impuesto predial y de valorización de la(s) vivienda(s) ocupada(s) por el hogar monto:bajo
Impuestos del vehiculo,22392,servicios,False,DANE_ENIG,1,impuestos del vehiculo monto:bajo
Impuesto de renta,29781,servicios,False,DANE_ENIG,1,impuesto de renta monto:bajo
Otros impuestos (impuesto de timbre),7846,servicios,False,DANE_ENIG,1,otros impuestos (impuesto de timbre) monto:bajo
"Impuesto de industria, comercio y avisos -ICA- o impuesto al valor agregado -IVA",58386,servicios,False,DANE_ENIG,1,"impuesto de industria, comercio y avisos -ica- o impuesto al valor agregado -iva monto:medio"
Pago o descuento por retención en la fuente,95140,servicios,False,DANE_ENIG,1,pago o descuento por retención en la fuente monto:medio
Pago o descuento por fondo de solidaridad pensional,26005,servicios,False,DANE_ENIG,1,pago o descuento por fondo de solidaridad pensional monto:bajo
Mesadas a estudiantes y personas no perceptoras de ingresos para gastos diarios,59568,servicios,False,DANE_ENIG,1,mesadas a estudiantes y personas no perceptoras de ingresos para gastos diarios monto:medio
Remesas de dinero a otros hogares para sostenimiento de personas a cargo del hogar,247262,servicios,False,DANE_ENIG,1,remesas de dinero a otros hogares para sostenimiento de personas a cargo del hogar monto:alto
"Planes de protección social a personas ajenas al hogar (Plan Canitas, Gotas de agua)",4507,servicios,False,DANE_ENIG,1,"planes de protección social a personas ajenas al hogar (plan canitas, gotas de agua) monto:bajo"
Arroz para seco,21134,alimentacion,False,DANE_ENIG,1,arroz para seco monto:bajo
Arroz para sopa,822,alimentacion,True,DANE_ENIG,1,arroz para sopa monto:bajo
Arroz integral,1849,alimentacion,True,DANE_ENIG,1,arroz integral monto:bajo
"Pastas o fideos para sopa: letras, conchitas, etc.",1763,alimentacion,True,DANE_ENIG,1,"pastas o fideos para sopa: letras, conchitas, etc. monto:bajo"
"Pastas para seco: espaguetis, raviolis, macarrones, tallarines, etc.",3267,alimentacion,True,DANE_ENIG,1,"pastas para seco: espaguetis, raviolis, macarrones, tallarines, etc. monto:bajo"
Avena molida,959,alimentacion,True,DANE_ENIG,1,avena molida monto:bajo
Avena en hojuelas,1116,alimentacion,True,DANE_ENIG,1,avena en hojuelas monto:bajo
Cebada perlada,365,alimentacion,True,DANE_ENIG,1,cebada perlada monto:bajo
Cuchuco de cebada,415,alimentacion,True,DANE_ENIG,1,cuchuco de cebada monto:bajo
Cuchuco de trigo,258,alimentacion,True,DANE_ENIG,1,cuchuco de trigo monto:bajo
Harina de trigo,1195,alimentacion,True,DANE_ENIG,1,harina de trigo monto:bajo
Salvado de trigo,465,alimentacion,True,DANE_ENIG,1,salvado de trigo monto:bajo
"Maíz blanco, amarillo, trillado, peto, porva, pira, millo",1761,alimentacion,True,DANE_ENIG,1,"maíz blanco, amarillo, trillado, peto, porva, pira, millo monto:bajo"
Cuchuco de maíz,474,alimentacion,True,DANE_ENIG,1,cuchuco de maíz monto:bajo
Harina de maíz,2108,alimentacion,True,DANE_ENIG,1,harina de maíz monto:bajo
Harina precocida de maíz,2159,alimentacion,True,DANE_ENIG,1,harina precocida de maíz monto:bajo
Fécula de maíz (Maizena),570,alimentacion,True,DANE_ENIG,1,fécula de maíz (maizena) monto:bajo
"Harina para preparar tortas, natilla, buñuelos, etc.",874,alimentacion,True,DANE_ENIG,1,"harina para preparar tortas, natilla, buñuelos, etc. monto:bajo"
Harina para coladas,631,alimentacion,True,DANE_ENIG,1,harina para coladas monto:bajo
Almidones de papa o yuca,560,alimentacion,True,DANE_ENIG,1,almidones de papa o yuca monto:bajo
"Cereales: cornflakes, rice krispis, Zucaritas, Zucosos, fruit loops, trix",3456,alimentacion,True,DANE_ENIG,1,"cereales: cornflakes, rice krispis, zucaritas, zucosos, fruit loops, trix monto:bajo"
Cereales para la alimentación infantil,1244,alimentacion,True,DANE_ENIG,1,cereales para la alimentación infantil monto:bajo
"Ajonjolí, soya",704,alimentacion,True,DANE_ENIG,1,"ajonjolí, soya monto:bajo"
"Masas para la preparación de productos de panadería o pastelería (trigo, maíz, soya)",2651,alimentacion,True,DANE_ENIG,1,"masas para la preparación de productos de panadería o pastelería (trigo, maíz, soya) monto:bajo"
Arepas crudas o precocidas,10280,alimentacion,False,DANE_ENIG,1,arepas crudas o precocidas monto:bajo
"Bollos y envueltos precocidos, quiches, tamales",7348,alimentacion,True,DANE_ENIG,1,"bollos y envueltos precocidos, quiches, tamales monto:bajo"
"Gérmen de trigo, lecitina, levadura de cerveza (alimentos naturistas)",662,alimentacion,True,DANE_ENIG,1,"gérmen de trigo, lecitina, levadura de cerveza (alimentos naturistas) monto:bajo"
"Comidas preparadas precocidas a base de cereales (lasagna, pizza, empanadas)",4117,alimentacion,True,DANE_ENIG,1,"comidas preparadas precocidas a base de cereales (lasagna, pizza, empanadas) monto:bajo"
Carve,435,alimentacion,True,DANE_ENIG,1,carve monto:bajo
"Pan corriente, con queso, aliñado, mogolla, relleno, pan de coco, calado, tajado, árabe",17315,alimentacion,False,DANE_ENIG,1,"pan corriente, con queso, aliñado, mogolla, relleno, pan de coco, calado, tajado, árabe monto:bajo"
Pan francés,6505,alimentacion,True,DANE_ENIG,1,pan francés monto:bajo
Pan integral,5021,alimentacion,True,DANE_ENIG,1,pan integral monto:bajo
Galletas de sal,5075,alimentacion,True,DANE_ENIG,1,galletas de sal monto:bajo
Galletas de dulce (de panadería y de paquete),3168,alimentacion,True,DANE_ENIG,1,galletas de dulce (de panadería y de paquete) monto:bajo
Galletas integrales (de panadería y de paquete),1326,alimentacion,True,DANE_ENIG,1,galletas integrales (de panadería y de paquete) monto:bajo
"Otros productos de panadería no mencionados previamente: brownies, obleas, ponques",9446,alimentacion,True,DANE_ENIG,1,"otros productos de panadería no mencionados previamente: brownies, obleas, ponques monto:bajo"
Carne de res sin hueso o pulpa,47599,alimentacion,False,DANE_ENIG,1,carne de res sin hueso o pulpa monto:medio
Carne de res con hueso,13642,alimentacion,False,DANE_ENIG,1,carne de res con hueso monto:bajo
Hueso de res,6092,alimentacion,True,DANE_ENIG,1,hueso de res monto:bajo
Carne molida de res,6405,alimentacion,True,DANE_ENIG,1,carne molida de res monto:bajo
Lengua de res,2917,alimentacion,True,DANE_ENIG,1,lengua de res monto:bajo
"Hígado, riñones, corazón, sesos, tripa y otras vísceras de res",6258,alimentacion,True,DANE_ENIG,1,"hígado, riñones, corazón, sesos, tripa y otras vísceras de res monto:bajo"
"Patas, manos, cola y cabeza de res",1389,alimentacion,True,DANE_ENIG,1,"patas, manos, cola y cabeza de res monto:bajo"
Carne de cerdo sin hueso o pulpa,22230,alimentacion,False,DANE_ENIG,1,carne de cerdo sin hueso o pulpa monto:bajo
Carne de cerdo con hueso,7239,alimentacion,True,DANE_ENIG,1,carne de cerdo con hueso monto:bajo
Carne molida de cerdo,2020,alimentacion,True,DANE_ENIG,1,carne molida de cerdo monto:bajo
Hueso de cerdo (espinazo y otros huesos),1928,alimentacion,True,DANE_ENIG,1,hueso de cerdo (espinazo y otros huesos) monto:bajo
Tocino y garra,4035,alimentacion,True,DANE_ENIG,1,tocino y garra monto:bajo
"Hígado, riñones, corazón, tripa y otras vísceras de cerdo",2465,alimentacion,True,DANE_ENIG,1,"hígado, riñones, corazón, tripa y otras vísceras de cerdo monto:bajo"
"Patas, manos, cola y cabeza de cerdo",1287,alimentacion,True,DANE_ENIG,1,"patas, manos, cola y cabeza de cerdo monto:bajo"
Gallina o pollo vivo,5755,alimentacion,True,DANE_ENIG,1,gallina o pollo vivo monto:bajo
Carne de gallina o de pollo (entero o en presas),29937,alimentacion,False,DANE_ENIG,1,carne de gallina o de pollo (entero o en presas) monto:bajo
"Carne de pavo, pichón, zuro, palomo, pato, ganso, codorniz",4036,alimentacion,True,DANE_ENIG,1,"carne de pavo, pichón, zuro, palomo, pato, ganso, codorniz monto:bajo"
Menudencias de gallina o pollo,2789,alimentacion,True,DANE_ENIG,1,menudencias de gallina o pollo monto:bajo
"Carne de conejo, liebre, curí o cuy",5103,alimentacion,True,DANE_ENIG,1,"carne de conejo, liebre, curí o cuy monto:bajo"
"Carne de cordero, chivo, cabro",4473,alimentacion,True,DANE_ENIG,1,"carne de cordero, chivo, cabro monto:bajo"
Carne de chigüiro,1458,alimentacion,True,DANE_ENIG,1,carne de chigüiro monto:bajo
Carne de caballo,5411,alimentacion,True,DANE_ENIG,1,carne de caballo monto:bajo
"Carne preparada de pavo, pollo,cerdo, lomo ahumado",5626,alimentacion,True,DANE_ENIG,1,"carne preparada de pavo, pollo,cerdo, lomo ahumado monto:bajo"
Mortadela,3292,alimentacion,True,DANE_ENIG,1,mortadela monto:bajo
Salchichas,8555,alimentacion,True,DANE_ENIG,1,salchichas monto:bajo
Jamón y jamoneta,5216,alimentacion,True,DANE_ENIG,1,jamón y jamoneta monto:bajo
Chorizo,4102,alimentacion,True,DANE_ENIG,1,chorizo monto:bajo
Tocineta,2314,alimentacion,True,DANE_ENIG,1,tocineta monto:bajo
Hamburguesa,3288,alimentacion,True,DANE_ENIG,1,hamburguesa monto:bajo
"Otros embutidos (longaniza, butifarra, génovas, salchichón, salami, cábanos, patés, etc.)",3243,alimentacion,True,DANE_ENIG,1,"otros embutidos (longaniza, butifarra, génovas, salchichón, salami, cábanos, patés, etc.) monto:bajo"
Carnes frías enlatadas,2970,alimentacion,True,DANE_ENIG,1,carnes frías enlatadas monto:bajo
"Otros alimentos no especificados: Hormigas culonas, etc.",7735,alimentacion,True,DANE_ENIG,1,"otros alimentos no especificados: hormigas culonas, etc. monto:bajo"
Pescado de río fresco o congelado,16468,alimentacion,False,DANE_ENIG,1,pescado de río fresco o congelado monto:bajo
Pescado de mar fresco o congelado,11804,alimentacion,False,DANE_ENIG,1,pescado de mar fresco o congelado monto:bajo
Camarones frescos o congelados,3275,alimentacion,True,DANE_ENIG,1,camarones frescos o congelados monto:bajo
"Pescado y crustáceos enlatados (sardinas, atún, salmón, mejillones)",7771,alimentacion,True,DANE_ENIG,1,"pescado y crustáceos enlatados (sardinas, atún, salmón, mejillones) monto:bajo"
"Otros mariscos, crustáceos y moluscos frescos o congelados",6964,alimentacion,True,DANE_ENIG,1,"otros mariscos, crustáceos y moluscos frescos o congelados monto:bajo"
Otros productos de pescado y derivados,1147,alimentacion,True,DANE_ENIG,1,otros productos de pescado y derivados monto:bajo
Leche natural,10458,alimentacion,False,DANE_ENIG,1,leche natural monto:bajo
"Leche pasteurizada (entera, descremada, semidescremada, deslactosada, maternizada)",19081,alimentacion,False,DANE_ENIG,1,"leche pasteurizada (entera, descremada, semidescremada, deslactosada, maternizada) monto:bajo"
"Leche larga vida (entera, descremada, semidescremada, deslactosada, maternizada)",21099,alimentacion,False,DANE_ENIG,1,"leche larga vida (entera, descremada, semidescremada, deslactosada, maternizada) monto:bajo"
Leche en polvo para lactantes,17491,alimentacion,False,DANE_ENIG,1,leche en polvo para lactantes monto:bajo
"Leche en polvo (entera, descremada, semidescremada, maternizada)",13013,alimentacion,False,DANE_ENIG,1,"leche en polvo (entera, descremada, semidescremada, maternizada) monto:bajo"
Queso campesino,12398,alimentacion,False,DANE_ENIG,1,queso campesino monto:bajo
Queso doble crema,7914,alimentacion,True,DANE_ENIG,1,queso doble crema monto:bajo
"Otros quesos: pera, mozarella, paipa, parmesano, etc.",1545,alimentacion,True,DANE_ENIG,1,"otros quesos: pera, mozarella, paipa, parmesano, etc. monto:bajo"
"Cuajada, Quesillo",3000,alimentacion,True,DANE_ENIG,1,"cuajada, quesillo monto:bajo"
"Leche condensada, leche condesada y evaporada",1290,alimentacion,True,DANE_ENIG,1,"leche condensada, leche condesada y evaporada monto:bajo"
Crema de leche,1759,alimentacion,True,DANE_ENIG,1,crema de leche monto:bajo
Yoghurt,11154,alimentacion,False,DANE_ENIG,1,yoghurt monto:bajo
Kumis,2589,alimentacion,True,DANE_ENIG,1,kumis monto:bajo
Suero costeño,4023,alimentacion,True,DANE_ENIG,1,suero costeño monto:bajo
Natas,1129,alimentacion,True,DANE_ENIG,1,natas monto:bajo
Postres lácteos,2690,alimentacion,True,DANE_ENIG,1,postres lácteos monto:bajo
Bebidas lácteas saborizadas no achocolatadas,2059,alimentacion,True,DANE_ENIG,1,bebidas lácteas saborizadas no achocolatadas monto:bajo
Productos lácteos que no contengan leche animal: leche de soya,799,alimentacion,True,DANE_ENIG,1,productos lácteos que no contengan leche animal: leche de soya monto:bajo
Huevos de gallina y otras aves,12876,alimentacion,False,DANE_ENIG,1,huevos de gallina y otras aves monto:bajo
Huevos de iguana y de tortuga,450,alimentacion,True,DANE_ENIG,1,huevos de iguana y de tortuga monto:bajo
"Aceite de girasol, maíz, soya y palma",14224,alimentacion,False,DANE_ENIG,1,"aceite de girasol, maíz, soya y palma monto:bajo"
Aceite de oliva,2926,alimentacion,True,DANE_ENIG,1,aceite de oliva monto:bajo
"Otros aceites comestibles: canola, cacahuete, coco, almendras, dietéticos, etc.",474,alimentacion,True,DANE_ENIG,1,"otros aceites comestibles: canola, cacahuete, coco, almendras, dietéticos, etc. monto:bajo"
Mantequilla de vaca,1951,alimentacion,True,DANE_ENIG,1,mantequilla de vaca monto:bajo
Margarinas,1563,alimentacion,True,DANE_ENIG,1,margarinas monto:bajo
Manteca vegetal,801,alimentacion,True,DANE_ENIG,1,manteca vegetal monto:bajo
Manteca de cerdo,437,alimentacion,True,DANE_ENIG,1,manteca de cerdo monto:bajo
"Otras grasas y aceites (aceite de pescado y otros animales marinos, mantequilla de maní)",325,alimentacion,True,DANE_ENIG,1,"otras grasas y aceites (aceite de pescado y otros animales marinos, mantequilla de maní) monto:bajo"
Naranjas,4713,alimentacion,True,DANE_ENIG,1,naranjas monto:bajo
Limones,1978,alimentacion,True,DANE_ENIG,1,limones monto:bajo
Mandarinas,2454,alimentacion,True,DANE_ENIG,1,mandarinas monto:bajo
Toronjas,386,alimentacion,True,DANE_ENIG,1,toronjas monto:bajo
Limas,231,alimentacion,True,DANE_ENIG,1,limas monto:bajo
Cidras,285,alimentacion,True,DANE_ENIG,1,cidras monto:bajo
Bananos,3403,alimentacion,True,DANE_ENIG,1,bananos monto:bajo
Manzanas,4252,alimentacion,True,DANE_ENIG,1,manzanas monto:bajo
Peras,2055,alimentacion,True,DANE_ENIG,1,peras monto:bajo
Melones,1976,alimentacion,True,DANE_ENIG,1,melones monto:bajo
Mango,3534,alimentacion,True,DANE_ENIG,1,mango monto:bajo
Guayabas,3163,alimentacion,True,DANE_ENIG,1,guayabas monto:bajo
Guanábanas,1729,alimentacion,True,DANE_ENIG,1,guanábanas monto:bajo
Zapotes,796,alimentacion,True,DANE_ENIG,1,zapotes monto:bajo
Tamarindo,855,alimentacion,True,DANE_ENIG,1,tamarindo monto:bajo
Tomate de árbol,3748,alimentacion,True,DANE_ENIG,1,tomate de árbol monto:bajo
Moras,4346,alimentacion,True,DANE_ENIG,1,moras monto:bajo
Curubas,1676,alimentacion,True,DANE_ENIG,1,curubas monto:bajo
Maracuyá,3494,alimentacion,True,DANE_ENIG,1,maracuyá monto:bajo
Lulos,4423,alimentacion,True,DANE_ENIG,1,lulos monto:bajo
Patilla o sandía,1280,alimentacion,True,DANE_ENIG,1,patilla o sandía monto:bajo
Granadillas,1296,alimentacion,True,DANE_ENIG,1,granadillas monto:bajo
Piña,2543,alimentacion,True,DANE_ENIG,1,piña monto:bajo
Papaya,4473,alimentacion,True,DANE_ENIG,1,papaya monto:bajo
Papayuela,565,alimentacion,True,DANE_ENIG,1,papayuela monto:bajo
Uvas (verdes y rojas),2191,alimentacion,True,DANE_ENIG,1,uvas (verdes y rojas) monto:bajo
Fresas,2554,alimentacion,True,DANE_ENIG,1,fresas monto:bajo
Cocos,1232,alimentacion,True,DANE_ENIG,1,cocos monto:bajo
Albaricoques,1263,alimentacion,True,DANE_ENIG,1,albaricoques monto:bajo
Brevas,944,alimentacion,True,DANE_ENIG,1,brevas monto:bajo
Duraznos,2446,alimentacion,True,DANE_ENIG,1,duraznos monto:bajo
Chontaduros,1965,alimentacion,True,DANE_ENIG,1,chontaduros monto:bajo
Ciruelas,1180,alimentacion,True,DANE_ENIG,1,ciruelas monto:bajo
Aguacate,4530,alimentacion,True,DANE_ENIG,1,aguacate monto:bajo
Mangostino,749,alimentacion,True,DANE_ENIG,1,mangostino monto:bajo
Kiwi,493,alimentacion,True,DANE_ENIG,1,kiwi monto:bajo
Feijoa,783,alimentacion,True,DANE_ENIG,1,feijoa monto:bajo
Higo,608,alimentacion,True,DANE_ENIG,1,higo monto:bajo
Chirimoya,501,alimentacion,True,DANE_ENIG,1,chirimoya monto:bajo
Otras frutas frescas,8676,alimentacion,True,DANE_ENIG,1,otras frutas frescas monto:bajo
Frutas congeladas o en pulpa,6306,alimentacion,True,DANE_ENIG,1,frutas congeladas o en pulpa monto:bajo
"Almendras y otras nueces (maní, cacahuete, pistacho, etc)",788,alimentacion,True,DANE_ENIG,1,"almendras y otras nueces (maní, cacahuete, pistacho, etc) monto:bajo"
"Frutas deshidratadas y cristalizadas: peras, uvas y ciruelas pasas, etc",2376,alimentacion,True,DANE_ENIG,1,"frutas deshidratadas y cristalizadas: peras, uvas y ciruelas pasas, etc monto:bajo"
Tomate,5687,alimentacion,True,DANE_ENIG,1,tomate monto:bajo
Cebolla cabezona,4312,alimentacion,True,DANE_ENIG,1,cebolla cabezona monto:bajo
"Cebolla larga o en rama (bermuda, junca)",3390,alimentacion,True,DANE_ENIG,1,"cebolla larga o en rama (bermuda, junca) monto:bajo"
Cebollin,1094,alimentacion,True,DANE_ENIG,1,cebollin monto:bajo
Zanahoria,3107,alimentacion,True,DANE_ENIG,1,zanahoria monto:bajo
Remolacha,655,alimentacion,True,DANE_ENIG,1,remolacha monto:bajo
Pepino Cohombro,1230,alimentacion,True,DANE_ENIG,1,pepino cohombro monto:bajo
Pimentón,1067,alimentacion,True,DANE_ENIG,1,pimentón monto:bajo
Pepino para guisar o rellenar,584,alimentacion,True,DANE_ENIG,1,pepino para guisar o rellenar monto:bajo
Nabos,797,alimentacion,True,DANE_ENIG,1,nabos monto:bajo
Rábanos,480,alimentacion,True,DANE_ENIG,1,rábanos monto:bajo
Ajos,1257,alimentacion,True,DANE_ENIG,1,ajos monto:bajo
Ají,993,alimentacion,True,DANE_ENIG,1,ají monto:bajo
Lechuga,1916,alimentacion,True,DANE_ENIG,1,lechuga monto:bajo
Espinaca,1167,alimentacion,True,DANE_ENIG,1,espinaca monto:bajo
Acelga,994,alimentacion,True,DANE_ENIG,1,acelga monto:bajo
"Repollo, repollitas",1306,alimentacion,True,DANE_ENIG,1,"repollo, repollitas monto:bajo"
Coliflor,1467,alimentacion,True,DANE_ENIG,1,coliflor monto:bajo
Brócoli,959,alimentacion,True,DANE_ENIG,1,brócoli monto:bajo
Coles (tallos),213,alimentacion,True,DANE_ENIG,1,coles (tallos) monto:bajo
Apio en rama,737,alimentacion,True,DANE_ENIG,1,apio en rama monto:bajo
Alcachofas,1015,alimentacion,True,DANE_ENIG,1,alcachofas monto:bajo
Espárragos,313,alimentacion,True,DANE_ENIG,1,espárragos monto:bajo
Ahuyama,1548,alimentacion,True,DANE_ENIG,1,ahuyama monto:bajo
Calabaza,782,alimentacion,True,DANE_ENIG,1,calabaza monto:bajo
Calabacín,1070,alimentacion,True,DANE_ENIG,1,calabacín monto:bajo
Fríjol verde en vaina,1708,alimentacion,True,DANE_ENIG,1,fríjol verde en vaina monto:bajo
Fríjol verde desgranado,1918,alimentacion,True,DANE_ENIG,1,fríjol verde desgranado monto:bajo
Arveja verde en vaina,3763,alimentacion,True,DANE_ENIG,1,arveja verde en vaina monto:bajo
Arveja verde desgranada,4367,alimentacion,True,DANE_ENIG,1,arveja verde desgranada monto:bajo
Habas verdes en vaina,892,alimentacion,True,DANE_ENIG,1,habas verdes en vaina monto:bajo
Habas verdes desgranadas,945,alimentacion,True,DANE_ENIG,1,habas verdes desgranadas monto:bajo
Habichuelas,3102,alimentacion,True,DANE_ENIG,1,habichuelas monto:bajo
Mazorcas y maíz dulce,2327,alimentacion,True,DANE_ENIG,1,mazorcas y maíz dulce monto:bajo
Berenjenas,965,alimentacion,True,DANE_ENIG,1,berenjenas monto:bajo
Champiñones y otros hongos comestibles,2034,alimentacion,True,DANE_ENIG,1,champiñones y otros hongos comestibles monto:bajo
"Otras verduras y leguminosas frescas: berros, chachafruto, algas comestibles, etc.",3938,alimentacion,True,DANE_ENIG,1,"otras verduras y leguminosas frescas: berros, chachafruto, algas comestibles, etc. monto:bajo"
verduras frescas amarradas (macitos de la Costa Atlántica),2347,alimentacion,True,DANE_ENIG,1,verduras frescas amarradas (macitos de la costa atlántica) monto:bajo
"Verduras picadas en bandeja o en bolsa (revuelto verde, macitos)",5544,alimentacion,True,DANE_ENIG,1,"verduras picadas en bandeja o en bolsa (revuelto verde, macitos) monto:bajo"
"Talego, bolsa, bandeja o tarro de ensalada",558,alimentacion,True,DANE_ENIG,1,"talego, bolsa, bandeja o tarro de ensalada monto:bajo"
"Fríjol seco: bolaroja, cargamanto, guarzo, guandul, zaragoza, blanquillo, etc.",9427,alimentacion,True,DANE_ENIG,1,"fríjol seco: bolaroja, cargamanto, guarzo, guandul, zaragoza, blanquillo, etc. monto:bajo"
Arveja seca,2239,alimentacion,True,DANE_ENIG,1,arveja seca monto:bajo
Habas secas,2227,alimentacion,True,DANE_ENIG,1,habas secas monto:bajo
Lentejas,4264,alimentacion,True,DANE_ENIG,1,lentejas monto:bajo
Garbanzos,1542,alimentacion,True,DANE_ENIG,1,garbanzos monto:bajo
"Verduras, hortalizas y legumbres enlatadas: arveja, fríjoles, maíz, espárrago, zanahoria, habichuela",11027,alimentacion,False,DANE_ENIG,1,"verduras, hortalizas y legumbres enlatadas: arveja, fríjoles, maíz, espárrago, zanahoria, habichuela monto:bajo"
"Aceitunas, alcaparras, pepinillos y otros encurtidos en tarro",4970,alimentacion,True,DANE_ENIG,1,"aceitunas, alcaparras, pepinillos y otros encurtidos en tarro monto:bajo"
Legumbres y hortalizas deshidratadas,8182,alimentacion,True,DANE_ENIG,1,legumbres y hortalizas deshidratadas monto:bajo
Plátano verde,6052,alimentacion,True,DANE_ENIG,1,plátano verde monto:bajo
Plátano maduro,4327,alimentacion,True,DANE_ENIG,1,plátano maduro monto:bajo
"Colicero, guineo, mataburro",1184,alimentacion,True,DANE_ENIG,1,"colicero, guineo, mataburro monto:bajo"
"Papa común: pastusa, tocarreña, R12",10016,alimentacion,False,DANE_ENIG,1,"papa común: pastusa, tocarreña, r12 monto:bajo"
Papa criolla o amarilla,3204,alimentacion,True,DANE_ENIG,1,papa criolla o amarilla monto:bajo
Yuca,5015,alimentacion,True,DANE_ENIG,1,yuca monto:bajo
Arracacha,1146,alimentacion,True,DANE_ENIG,1,arracacha monto:bajo
Ñame,3665,alimentacion,True,DANE_ENIG,1,ñame monto:bajo
"Ullucos, cubios, hibias, chuguas, rubas",1335,alimentacion,True,DANE_ENIG,1,"ullucos, cubios, hibias, chuguas, rubas monto:bajo"
"Otras raíces y tubérculos: mafafa, achira, batata, etc",1209,alimentacion,True,DANE_ENIG,1,"otras raíces y tubérculos: mafafa, achira, batata, etc monto:bajo"
"Papa, yuca y plátano precocidos",2109,alimentacion,True,DANE_ENIG,1,"papa, yuca y plátano precocidos monto:bajo"
"Harina de plátano, de yuca, de achiras, puré de papas",877,alimentacion,True,DANE_ENIG,1,"harina de plátano, de yuca, de achiras, puré de papas monto:bajo"
Azúcar refinada,5729,alimentacion,True,DANE_ENIG,1,azúcar refinada monto:bajo
Azúcar natural o morena,6486,alimentacion,True,DANE_ENIG,1,azúcar natural o morena monto:bajo
"Endulzantes dietéticos: Aspartame, Fructuosa",15026,alimentacion,False,DANE_ENIG,1,"endulzantes dietéticos: aspartame, fructuosa monto:bajo"
Panela,7701,alimentacion,True,DANE_ENIG,1,panela monto:bajo
Jaleas y mermeladas,836,alimentacion,True,DANE_ENIG,1,jaleas y mermeladas monto:bajo
Compotas,2509,alimentacion,True,DANE_ENIG,1,compotas monto:bajo
Bocadillos,1696,alimentacion,True,DANE_ENIG,1,bocadillos monto:bajo
Arequipe,1600,alimentacion,True,DANE_ENIG,1,arequipe monto:bajo
"Herpos, tumes y otros dulces de arequipe y bocadillo",1073,alimentacion,True,DANE_ENIG,1,"herpos, tumes y otros dulces de arequipe y bocadillo monto:bajo"
Gelatina de pata negra o blanca,409,alimentacion,True,DANE_ENIG,1,gelatina de pata negra o blanca monto:bajo
"Gelatinas, flanes y pudines en vaso listos para el consumo",1852,alimentacion,True,DANE_ENIG,1,"gelatinas, flanes y pudines en vaso listos para el consumo monto:bajo"
"Miel de abejas, melazas y almíbares",1339,alimentacion,True,DANE_ENIG,1,"miel de abejas, melazas y almíbares monto:bajo"
Pasta de chocolate para ponqué y cobertura de chocolate,430,alimentacion,True,DANE_ENIG,1,pasta de chocolate para ponqué y cobertura de chocolate monto:bajo
"Dulces, confites, caramelos, bombones, chocolatinas, chicles, masmelos",3463,alimentacion,True,DANE_ENIG,1,"dulces, confites, caramelos, bombones, chocolatinas, chicles, masmelos monto:bajo"
"Helados, conos, paletas, vasitos, refrescos congelados y tortas heladas",6566,alimentacion,True,DANE_ENIG,1,"helados, conos, paletas, vasitos, refrescos congelados y tortas heladas monto:bajo"
"Gelatinas, flanes y pudines en polvo para preparar",2317,alimentacion,True,DANE_ENIG,1,"gelatinas, flanes y pudines en polvo para preparar monto:bajo"
Polvo para preparar helados,908,alimentacion,True,DANE_ENIG,1,polvo para preparar helados monto:bajo
"Frutas en conserva: Melocotón, piña, brevas, etc.",4236,alimentacion,True,DANE_ENIG,1,"frutas en conserva: melocotón, piña, brevas, etc. monto:bajo"
Salsa de tomate,5129,alimentacion,True,DANE_ENIG,1,salsa de tomate monto:bajo
Mayonesa,3697,alimentacion,True,DANE_ENIG,1,mayonesa monto:bajo
"Mostaza, salsa rosada",1145,alimentacion,True,DANE_ENIG,1,"mostaza, salsa rosada monto:bajo"
Pasta de tomate,2418,alimentacion,True,DANE_ENIG,1,pasta de tomate monto:bajo
"Otras salsas: salsa de soya, salsa china, salsa tártara, salsa de ají, ají picante",1988,alimentacion,True,DANE_ENIG,1,"otras salsas: salsa de soya, salsa china, salsa tártara, salsa de ají, ají picante monto:bajo"
Vinagre,1001,alimentacion,True,DANE_ENIG,1,vinagre monto:bajo
Sal,1163,alimentacion,True,DANE_ENIG,1,sal monto:bajo
Cominos,395,alimentacion,True,DANE_ENIG,1,cominos monto:bajo
Pimienta,133,alimentacion,True,DANE_ENIG,1,pimienta monto:bajo
Laurel,176,alimentacion,True,DANE_ENIG,1,laurel monto:bajo
Tomillo,104,alimentacion,True,DANE_ENIG,1,tomillo monto:bajo
Color,413,alimentacion,True,DANE_ENIG,1,color monto:bajo
"Ajo en polvo o en pasta, canela, clavos, nuez moscada",211,alimentacion,True,DANE_ENIG,1,"ajo en polvo o en pasta, canela, clavos, nuez moscada monto:bajo"
"Hierbas culinarias: perejil, cilantro, romero, orégano, etc",721,alimentacion,True,DANE_ENIG,1,"hierbas culinarias: perejil, cilantro, romero, orégano, etc monto:bajo"
"Sopas: de vegetales, de carne, de pollo, de pescado, cremas de sobre, sopas para bebe",1788,alimentacion,True,DANE_ENIG,1,"sopas: de vegetales, de carne, de pollo, de pescado, cremas de sobre, sopas para bebe monto:bajo"
Caldos y consomés concentrados (cubos y polvo),1413,alimentacion,True,DANE_ENIG,1,caldos y consomés concentrados (cubos y polvo) monto:bajo
Bases para preparar carnes y otros alimentos,299,alimentacion,True,DANE_ENIG,1,bases para preparar carnes y otros alimentos monto:bajo
"Frituras: papas fritas, chitos, maizitos, patacones, besitos, etc",10954,alimentacion,False,DANE_ENIG,1,"frituras: papas fritas, chitos, maizitos, patacones, besitos, etc monto:bajo"
Levaduras y esencias (polvo para hornear),294,alimentacion,True,DANE_ENIG,1,levaduras y esencias (polvo para hornear) monto:bajo
Alimentos precocidos: ajiaco y lechona enlatados y similares,6305,alimentacion,True,DANE_ENIG,1,alimentos precocidos: ajiaco y lechona enlatados y similares monto:bajo
Mercados sin especificar productos,329201,alimentacion,False,DANE_ENIG,1,mercados sin especificar productos monto:alto
Anchetas,6942,alimentacion,True,DANE_ENIG,1,anchetas monto:bajo
Café molido,5599,alimentacion,True,DANE_ENIG,1,café molido monto:bajo
Café instantáneo en polvo o granulado,3386,alimentacion,True,DANE_ENIG,1,café instantáneo en polvo o granulado monto:bajo
Café en grano,1197,alimentacion,True,DANE_ENIG,1,café en grano monto:bajo
"Otras bebidas preparadas con café instantáneo: capuchino, mocachino, café con leche",820,alimentacion,True,DANE_ENIG,1,"otras bebidas preparadas con café instantáneo: capuchino, mocachino, café con leche monto:bajo"
Extractos y esencias de café,204,alimentacion,True,DANE_ENIG,1,extractos y esencias de café monto:bajo
Chocolate en pastillas (con y sin azúcar),5194,alimentacion,True,DANE_ENIG,1,chocolate en pastillas (con y sin azúcar) monto:bajo
Chocolate instantáneo en polvo o granulado,1999,alimentacion,True,DANE_ENIG,1,chocolate instantáneo en polvo o granulado monto:bajo
Cocoa y chucula,354,alimentacion,True,DANE_ENIG,1,cocoa y chucula monto:bajo
Polvo para preparar bebidas achocolatadas,547,alimentacion,True,DANE_ENIG,1,polvo para preparar bebidas achocolatadas monto:bajo
Bebidas achocolatadas listas para consumir,625,alimentacion,True,DANE_ENIG,1,bebidas achocolatadas listas para consumir monto:bajo
Té,445,alimentacion,True,DANE_ENIG,1,té monto:bajo
"Hierbas aromáticas (secas y frescas), mate",435,alimentacion,True,DANE_ENIG,1,"hierbas aromáticas (secas y frescas), mate monto:bajo"
Agua mineral,6099,alimentacion,True,DANE_ENIG,1,agua mineral monto:bajo
Agua en lata o de carrotanque,5332,alimentacion,True,DANE_ENIG,1,agua en lata o de carrotanque monto:bajo
Hielo,1035,alimentacion,True,DANE_ENIG,1,hielo monto:bajo
Gaseosas,13717,alimentacion,False,DANE_ENIG,1,gaseosas monto:bajo
Maltas,2436,alimentacion,True,DANE_ENIG,1,maltas monto:bajo
Refrescos líquidos empacados (jugos y bebidas hidratantes),3338,alimentacion,True,DANE_ENIG,1,refrescos líquidos empacados (jugos y bebidas hidratantes) monto:bajo
Concentrados para preparar refrescos,3127,alimentacion,True,DANE_ENIG,1,concentrados para preparar refrescos monto:bajo
Aguardiente,34479,alimentacion,False,DANE_ENIG,1,aguardiente monto:medio
Ron,36791,alimentacion,False,DANE_ENIG,1,ron monto:medio
"Whisky, brandy, vodka, ginebra, cognac, tequila y similares",101762,alimentacion,False,DANE_ENIG,1,"whisky, brandy, vodka, ginebra, cognac, tequila y similares monto:medio"
"Cremas de licor (de amareto, de whisky, etc.), sabajón y ponche crema",32461,alimentacion,False,DANE_ENIG,1,"cremas de licor (de amareto, de whisky, etc.), sabajón y ponche crema monto:medio"
"Otras bebidas alcohólicas: aperitivos que no sean a base de vino, mezclas de cocteles",18093,alimentacion,False,DANE_ENIG,1,"otras bebidas alcohólicas: aperitivos que no sean a base de vino, mezclas de cocteles monto:bajo"
"Vino, champaña, jerez y aperitivos a base de vino",23227,alimentacion,False,DANE_ENIG,1,"vino, champaña, jerez y aperitivos a base de vino monto:bajo"
Cerveza nacional e importada,30577,alimentacion,False,DANE_ENIG,1,cerveza nacional e importada monto:medio
Refajo preparado: Cola y Pola,10281,alimentacion,False,DANE_ENIG,1,refajo preparado: cola y pola monto:bajo
Cigarrillos con filtro,19954,alimentacion,False,DANE_ENIG,1,cigarrillos con filtro monto:bajo
Cigarrillos sin filtro,8878,alimentacion,True,DANE_ENIG,1,cigarrillos sin filtro monto:bajo
Tabacos y picadura para pipa o para armar cigarrillos,12642,alimentacion,False,DANE_ENIG,1,tabacos y picadura para pipa o para armar cigarrillos monto:bajo
"Estupefacientes: cocaína, éxtasis, heroína, marihuana, bazuco, crack, etc.",7790,alimentacion,True,DANE_ENIG,1,"estupefacientes: cocaína, éxtasis, heroína, marihuana, bazuco, crack, etc. monto:bajo"
"Telas para la confección de ropa de hombre, mujer, niño, niña y bebé",14689,alimentacion,False,DANE_ENIG,1,"telas para la confección de ropa de hombre, mujer, niño, niña y bebé monto:bajo"
Camisas para hombre,21408,alimentacion,False,DANE_ENIG,1,camisas para hombre monto:bajo
"Camisetas, franelas, esqueletos, polos para hombre",14525,alimentacion,False,DANE_ENIG,1,"camisetas, franelas, esqueletos, polos para hombre monto:bajo"
"Calzoncillos, pantaloncillos, boxers para hombre",8995,alimentacion,True,DANE_ENIG,1,"calzoncillos, pantaloncillos, boxers para hombre monto:bajo"
Medias y calcetines para hombre,5271,alimentacion,True,DANE_ENIG,1,medias y calcetines para hombre monto:bajo
Pantalones para hombre,23599,alimentacion,False,DANE_ENIG,1,pantalones para hombre monto:bajo
jeans para hombre,28545,alimentacion,False,DANE_ENIG,1,jeans para hombre monto:bajo
"Bermudas, pantalonetas y pantalón corto para hombre",10412,alimentacion,False,DANE_ENIG,1,"bermudas, pantalonetas y pantalón corto para hombre monto:bajo"
"Vestido completo (sólo pantalón, chaqueta y/o chaleco) para hombre",115815,alimentacion,False,DANE_ENIG,1,"vestido completo (sólo pantalón, chaqueta y/o chaleco) para hombre monto:medio"
"Blazers, chaquetas, chaquetones, chompas y sacos de sport en paño, cuero, gamuza",33235,alimentacion,False,DANE_ENIG,1,"blazers, chaquetas, chaquetones, chompas y sacos de sport en paño, cuero, gamuza monto:medio"
"Buzos, chalecos, sacos de lana y similares para hombre",19035,alimentacion,False,DANE_ENIG,1,"buzos, chalecos, sacos de lana y similares para hombre monto:bajo"
"Gabardinas, gabanes, abrigos y sobretodos para hombre",40890,alimentacion,False,DANE_ENIG,1,"gabardinas, gabanes, abrigos y sobretodos para hombre monto:medio"
Capas e impermeables para hombre,13344,alimentacion,False,DANE_ENIG,1,capas e impermeables para hombre monto:bajo
"Sudaderas, trusas y bicicleteros para hombre",20156,alimentacion,False,DANE_ENIG,1,"sudaderas, trusas y bicicleteros para hombre monto:bajo"
Pantalonetas de baño para hombre,9104,alimentacion,True,DANE_ENIG,1,pantalonetas de baño para hombre monto:bajo
Pijamas y batas para hombre,12518,alimentacion,False,DANE_ENIG,1,pijamas y batas para hombre monto:bajo
Otros artículos de vestir para hombre (depotivos y formales),14192,alimentacion,False,DANE_ENIG,1,otros artículos de vestir para hombre (depotivos y formales) monto:bajo
Blusas para mujer,17178,alimentacion,False,DANE_ENIG,1,blusas para mujer monto:bajo
"Camisetas, franelas y bodies para mujer",15258,alimentacion,False,DANE_ENIG,1,"camisetas, franelas y bodies para mujer monto:bajo"
"Pantalones, slacks y chicles para mujer",21806,alimentacion,False,DANE_ENIG,1,"pantalones, slacks y chicles para mujer monto:bajo"
"Shorts, bermudas y pantalonetas para mujer",14433,alimentacion,False,DANE_ENIG,1,"shorts, bermudas y pantalonetas para mujer monto:bajo"
Jeans para mujer,26790,alimentacion,False,DANE_ENIG,1,jeans para mujer monto:bajo
Faldas para mujer,14112,alimentacion,False,DANE_ENIG,1,faldas para mujer monto:bajo
"Brassieres, tops y sostenes para mujer",12097,alimentacion,False,DANE_ENIG,1,"brassieres, tops y sostenes para mujer monto:bajo"
Pantys (interiores) para mujer,8509,alimentacion,True,DANE_ENIG,1,pantys (interiores) para mujer monto:bajo
Media de lana y otros materiales diferente a velada para mujer,4794,alimentacion,True,DANE_ENIG,1,media de lana y otros materiales diferente a velada para mujer monto:bajo
Medias veladas para mujer,10140,alimentacion,False,DANE_ENIG,1,medias veladas para mujer monto:bajo
"Enaguas, fondos y combinaciones para mujer",7546,alimentacion,True,DANE_ENIG,1,"enaguas, fondos y combinaciones para mujer monto:bajo"
Vestidos confeccionados para mujer,37191,alimentacion,False,DANE_ENIG,1,vestidos confeccionados para mujer monto:medio
"Buzos, chalecos, sacos de lana y similares para mujer",18581,alimentacion,False,DANE_ENIG,1,"buzos, chalecos, sacos de lana y similares para mujer monto:bajo"
"Blazers, chaquetas, chaquetones y sacos de sport en paño, cuero, gamuza y otros",27811,alimentacion,False,DANE_ENIG,1,"blazers, chaquetas, chaquetones y sacos de sport en paño, cuero, gamuza y otros monto:bajo"
"Gabardinas, gabanes, abrigos y sobretodos para mujer",39449,alimentacion,False,DANE_ENIG,1,"gabardinas, gabanes, abrigos y sobretodos para mujer monto:medio"
Capas e impermeables para mujer,17439,alimentacion,False,DANE_ENIG,1,capas e impermeables para mujer monto:bajo
"Sudaderas, trusas y bicicleteros para mujer",13942,alimentacion,False,DANE_ENIG,1,"sudaderas, trusas y bicicleteros para mujer monto:bajo"
Traje de baño para mujer,16288,alimentacion,False,DANE_ENIG,1,traje de baño para mujer monto:bajo
Pijamas y batas para mujer,12431,alimentacion,False,DANE_ENIG,1,pijamas y batas para mujer monto:bajo
Otros artículos de vestir para mujer (deportivos y formales),24639,alimentacion,False,DANE_ENIG,1,otros artículos de vestir para mujer (deportivos y formales) monto:bajo
Camisas para niño,11288,alimentacion,False,DANE_ENIG,1,camisas para niño monto:bajo
"Camisetas, franelas, esqueletos, polos para niño",10348,alimentacion,False,DANE_ENIG,1,"camisetas, franelas, esqueletos, polos para niño monto:bajo"
"Calzoncillos, pantaloncillos, boxers para niño",5298,alimentacion,True,DANE_ENIG,1,"calzoncillos, pantaloncillos, boxers para niño monto:bajo"
Medias y calcetines para niño,4045,alimentacion,True,DANE_ENIG,1,medias y calcetines para niño monto:bajo
Pantalones para niño,13255,alimentacion,False,DANE_ENIG,1,pantalones para niño monto:bajo
Jeans para niño,17290,alimentacion,False,DANE_ENIG,1,jeans para niño monto:bajo
"Bermudas, pantalonetas y pantalón corto para niño",9349,alimentacion,True,DANE_ENIG,1,"bermudas, pantalonetas y pantalón corto para niño monto:bajo"
"Vestido completo (sólo pantalón, chaqueta y/o chaleco) para niño",22307,alimentacion,False,DANE_ENIG,1,"vestido completo (sólo pantalón, chaqueta y/o chaleco) para niño monto:bajo"
"Blazers, chaquetas, chompas y sacos de sport en paño, cuero, gamuza y otros materiales",18619,alimentacion,False,DANE_ENIG,1,"blazers, chaquetas, chompas y sacos de sport en paño, cuero, gamuza y otros materiales monto:bajo"
"Buzos, chalecos, sacos de lana y similares para niño",12596,alimentacion,False,DANE_ENIG,1,"buzos, chalecos, sacos de lana y similares para niño monto:bajo"
"Gabardinas, gabanes, abrigos y sobretodo para niño",32969,alimentacion,False,DANE_ENIG,1,"gabardinas, gabanes, abrigos y sobretodo para niño monto:medio"
Capas e impermeables para niño,4797,alimentacion,True,DANE_ENIG,1,capas e impermeables para niño monto:bajo
"Sudaderas, trusas y bicicleteros para niño",13811,alimentacion,False,DANE_ENIG,1,"sudaderas, trusas y bicicleteros para niño monto:bajo"
Pantalonetas de baño para niño,6041,alimentacion,True,DANE_ENIG,1,pantalonetas de baño para niño monto:bajo
Pijamas y batas para niño,9357,alimentacion,True,DANE_ENIG,1,pijamas y batas para niño monto:bajo
Otros artículos de vestir para niño (deportivos y formales),17848,alimentacion,False,DANE_ENIG,1,otros artículos de vestir para niño (deportivos y formales) monto:bajo
Blusas para niña,10858,alimentacion,False,DANE_ENIG,1,blusas para niña monto:bajo
"Camisetas, franelas y bodies para niña",8055,alimentacion,True,DANE_ENIG,1,"camisetas, franelas y bodies para niña monto:bajo"
"Pantalones, slacks y chicles para niña",12490,alimentacion,False,DANE_ENIG,1,"pantalones, slacks y chicles para niña monto:bajo"
"Shorts, bermudas y pantalonetas para niña",9010,alimentacion,True,DANE_ENIG,1,"shorts, bermudas y pantalonetas para niña monto:bajo"
jeans para niña,17235,alimentacion,False,DANE_ENIG,1,jeans para niña monto:bajo
Faldas para niña,9753,alimentacion,True,DANE_ENIG,1,faldas para niña monto:bajo
Vestidos confeccionados para niña,17427,alimentacion,False,DANE_ENIG,1,vestidos confeccionados para niña monto:bajo
"Enaguas, fondos, combinaciones para niña",5102,alimentacion,True,DANE_ENIG,1,"enaguas, fondos, combinaciones para niña monto:bajo"
Pantys (interiores) para niña,4900,alimentacion,True,DANE_ENIG,1,pantys (interiores) para niña monto:bajo
"Brassieres, sostenes, tops y acostumbradores para niña",7426,alimentacion,True,DANE_ENIG,1,"brassieres, sostenes, tops y acostumbradores para niña monto:bajo"
"Media tobillera, media pantalón, media media (velada, de lana y otros materiales",3339,alimentacion,True,DANE_ENIG,1,"media tobillera, media pantalón, media media (velada, de lana y otros materiales monto:bajo"
"Buzos, chalecos, sacos de lana y similares para niña",10919,alimentacion,False,DANE_ENIG,1,"buzos, chalecos, sacos de lana y similares para niña monto:bajo"
"Blazers, chaquetas, chaquetones y sacos de sport en paño, cuero, gamuza y otros",14859,alimentacion,False,DANE_ENIG,1,"blazers, chaquetas, chaquetones y sacos de sport en paño, cuero, gamuza y otros monto:bajo"
"Gabardinas, gabanes, abrigos y sobretodos para niña",4539,alimentacion,True,DANE_ENIG,1,"gabardinas, gabanes, abrigos y sobretodos para niña monto:bajo"
Capas e impermeables para niña,1685,alimentacion,True,DANE_ENIG,1,capas e impermeables para niña monto:bajo
"Sudaderas, trusas y bicicleteros para niña",16094,alimentacion,False,DANE_ENIG,1,"sudaderas, trusas y bicicleteros para niña monto:bajo"
Traje de baño para niña,14360,alimentacion,False,DANE_ENIG,1,traje de baño para niña monto:bajo
Pijamas y batas para niña,9173,alimentacion,True,DANE_ENIG,1,pijamas y batas para niña monto:bajo
Otros artículos de vestir para niña (deportivos y formales),18895,alimentacion,False,DANE_ENIG,1,otros artículos de vestir para niña (deportivos y formales) monto:bajo
"Camisitas, franelas para bebé",7283,alimentacion,True,DANE_ENIG,1,"camisitas, franelas para bebé monto:bajo"
"Vestiditos confeccionados para bebé, mamelucos, etc.",13249,alimentacion,False,DANE_ENIG,1,"vestiditos confeccionados para bebé, mamelucos, etc. monto:bajo"
"Escarpines, patines, mitones, zapatos de tela, medias, gorritos y bufandas para bebe",4646,alimentacion,True,DANE_ENIG,1,"escarpines, patines, mitones, zapatos de tela, medias, gorritos y bufandas para bebe monto:bajo"
Pijamitas y talegos para dormir para bebé,8952,alimentacion,True,DANE_ENIG,1,pijamitas y talegos para dormir para bebé monto:bajo
"Buzos, ruanas, sacos de lana y similares para bebé",8556,alimentacion,True,DANE_ENIG,1,"buzos, ruanas, sacos de lana y similares para bebé monto:bajo"
Pañales de tela para bebé,5262,alimentacion,True,DANE_ENIG,1,pañales de tela para bebé monto:bajo
"Pantaloncitos de tela, plástico, caucho y similares para bebé",8785,alimentacion,True,DANE_ENIG,1,"pantaloncitos de tela, plástico, caucho y similares para bebé monto:bajo"
Fajeros y cambiadores,3847,alimentacion,True,DANE_ENIG,1,fajeros y cambiadores monto:bajo
Otros artículos de vestir para bebé,14541,alimentacion,False,DANE_ENIG,1,otros artículos de vestir para bebé monto:bajo
Corbatas y corbatines,15355,alimentacion,False,DANE_ENIG,1,corbatas y corbatines monto:bajo
"Correas, tirantas y calzonarias para hombre",7257,alimentacion,True,DANE_ENIG,1,"correas, tirantas y calzonarias para hombre monto:bajo"
Pañuelos para hombre,3271,alimentacion,True,DANE_ENIG,1,pañuelos para hombre monto:bajo
Ruanas y ponchos para hombre,20725,alimentacion,False,DANE_ENIG,1,ruanas y ponchos para hombre monto:bajo
Bufandas y guantes para hombre,6043,alimentacion,True,DANE_ENIG,1,bufandas y guantes para hombre monto:bajo
"Sombreros, gorros, cachuchas, boinas, viseras para hombre",10110,alimentacion,False,DANE_ENIG,1,"sombreros, gorros, cachuchas, boinas, viseras para hombre monto:bajo"
Pañuelos y pañoletas para mujer,4967,alimentacion,True,DANE_ENIG,1,pañuelos y pañoletas para mujer monto:bajo
Cinturones y tirantas para mujer,5978,alimentacion,True,DANE_ENIG,1,cinturones y tirantas para mujer monto:bajo
"Ruanas, chales, pañolones y ponchos para mujer",16434,alimentacion,False,DANE_ENIG,1,"ruanas, chales, pañolones y ponchos para mujer monto:bajo"
Bufandas y guantes para mujer,6010,alimentacion,True,DANE_ENIG,1,bufandas y guantes para mujer monto:bajo
"Sombreros, gorros, cachuchas, boinas, viseras para mujer",8879,alimentacion,True,DANE_ENIG,1,"sombreros, gorros, cachuchas, boinas, viseras para mujer monto:bajo"
Guantes (de jardinería o de trabajo) en material diferente a caucho,2138,alimentacion,True,DANE_ENIG,1,guantes (de jardinería o de trabajo) en material diferente a caucho monto:bajo
Cascos protectores para ciclista y motociclista,15382,alimentacion,False,DANE_ENIG,1,cascos protectores para ciclista y motociclista monto:bajo
"Hilos, cremalleras, botones, metro de costura, hombreras, encajes, broches, anchos para ropa, hebill",2748,alimentacion,True,DANE_ENIG,1,"hilos, cremalleras, botones, metro de costura, hombreras, encajes, broches, anchos para ropa, hebill monto:bajo"
"Baberos, broches y ganchos para bebé",4135,alimentacion,True,DANE_ENIG,1,"baberos, broches y ganchos para bebé monto:bajo"
"Madejas de lana y otros materiales para coser, tejer y bordar",9830,alimentacion,True,DANE_ENIG,1,"madejas de lana y otros materiales para coser, tejer y bordar monto:bajo"
"Confección y reparación de prendas de vestir en general (hombre, mujer, niños, niñas)",8880,alimentacion,True,DANE_ENIG,1,"confección y reparación de prendas de vestir en general (hombre, mujer, niños, niñas) monto:bajo"
Teñido de prendas de vestir,3789,alimentacion,True,DANE_ENIG,1,teñido de prendas de vestir monto:bajo
Lavado y planchado de ropa fuera del hogar (en lavandería u otro hogar),20523,alimentacion,False,DANE_ENIG,1,lavado y planchado de ropa fuera del hogar (en lavandería u otro hogar) monto:bajo
"Alquiler de prendas de vestir en general (hombre mujer, niños, niñas y bebés)",17120,alimentacion,False,DANE_ENIG,1,"alquiler de prendas de vestir en general (hombre mujer, niños, niñas y bebés) monto:bajo"
"Zapatos en cuero, caucho, goma y similares para hombre",30546,alimentacion,False,DANE_ENIG,1,"zapatos en cuero, caucho, goma y similares para hombre monto:medio"
"Botas en cuero, caucho, goma y similares para hombre",28067,alimentacion,False,DANE_ENIG,1,"botas en cuero, caucho, goma y similares para hombre monto:bajo"
"Tenis, zapatillas y otros zapatos deportivos para hombre (excluyendo zapatos para deportes específic",38602,alimentacion,False,DANE_ENIG,1,"tenis, zapatillas y otros zapatos deportivos para hombre (excluyendo zapatos para deportes específic monto:medio"
"Pantuflas, sandalias, abuelitas, chanclas, cotizas y alpargatas para hombre",7579,alimentacion,True,DANE_ENIG,1,"pantuflas, sandalias, abuelitas, chanclas, cotizas y alpargatas para hombre monto:bajo"
"Calzado plano en cuero, caucho, goma y similares para mujer",18565,alimentacion,False,DANE_ENIG,1,"calzado plano en cuero, caucho, goma y similares para mujer monto:bajo"
"Calzado de tacón en cuero, caucho, goma y similares para mujer",23008,alimentacion,False,DANE_ENIG,1,"calzado de tacón en cuero, caucho, goma y similares para mujer monto:bajo"
"Botas en cuero, caucho, goma y similares para mujer",36453,alimentacion,False,DANE_ENIG,1,"botas en cuero, caucho, goma y similares para mujer monto:medio"
"Tenis, zapatillas y otros zapatos deportivos para mujer (excluyendo zapatos para deportes específico",25769,alimentacion,False,DANE_ENIG,1,"tenis, zapatillas y otros zapatos deportivos para mujer (excluyendo zapatos para deportes específico monto:bajo"
"Pantuflas, sandalias, abuelitas, chanclas, cotizas y alpargatas para mujer",9496,alimentacion,True,DANE_ENIG,1,"pantuflas, sandalias, abuelitas, chanclas, cotizas y alpargatas para mujer monto:bajo"
"Zapatos en cuero, caucho, goma y similares para niño",17485,alimentacion,False,DANE_ENIG,1,"zapatos en cuero, caucho, goma y similares para niño monto:bajo"
"Botas en cuero, caucho, goma y similares para niño",15165,alimentacion,False,DANE_ENIG,1,"botas en cuero, caucho, goma y similares para niño monto:bajo"
"Tenis, zapatillas y otros zapatos deportivos para niño (excluyendo zapatos para deportes específicos",19722,alimentacion,False,DANE_ENIG,1,"tenis, zapatillas y otros zapatos deportivos para niño (excluyendo zapatos para deportes específicos monto:bajo"
"Pantuflas, sandalias, abuelitas, chanclas, cotizas y alpargatas para niño",6302,alimentacion,True,DANE_ENIG,1,"pantuflas, sandalias, abuelitas, chanclas, cotizas y alpargatas para niño monto:bajo"
"Calzado plano en cuero, caucho, goma y similares para niña",14188,alimentacion,False,DANE_ENIG,1,"calzado plano en cuero, caucho, goma y similares para niña monto:bajo"
"Calzado de tacón en cuero, caucho, goma y similares para niña",12213,alimentacion,False,DANE_ENIG,1,"calzado de tacón en cuero, caucho, goma y similares para niña monto:bajo"
"Botas en cuero, caucho, goma y similares para niña",17411,alimentacion,False,DANE_ENIG,1,"botas en cuero, caucho, goma y similares para niña monto:bajo"
"Tenis, zapatillas y otros zapatos deportivos para niña (excluyendo zapatos para deportes específicos",17216,alimentacion,False,DANE_ENIG,1,"tenis, zapatillas y otros zapatos deportivos para niña (excluyendo zapatos para deportes específicos monto:bajo"
"Pantuflas, sandalias, abuelitas, chanclas, cotizas y alpargatas para niña",7654,alimentacion,True,DANE_ENIG,1,"pantuflas, sandalias, abuelitas, chanclas, cotizas y alpargatas para niña monto:bajo"
"Calzado para bebé: zapatos, botas y tenis",7439,alimentacion,True,DANE_ENIG,1,"calzado para bebé: zapatos, botas y tenis monto:bajo"
"Accesorios para calzado: Plantillas, hormas, adaptadores para calzado y calzador",5472,alimentacion,True,DANE_ENIG,1,"accesorios para calzado: plantillas, hormas, adaptadores para calzado y calzador monto:bajo"
Lustrado y limpieza de zapatos,10157,alimentacion,False,DANE_ENIG,1,lustrado y limpieza de zapatos monto:bajo
"Reparación de calzado: remonta, tapas, costuras, etc",3905,alimentacion,True,DANE_ENIG,1,"reparación de calzado: remonta, tapas, costuras, etc monto:bajo"
Alquiler de calzado,10169,alimentacion,False,DANE_ENIG,1,alquiler de calzado monto:bajo
Arriendo efectivo mensual por la vivienda que habita el hogar,221997,servicios,False,DANE_ENIG,1,arriendo efectivo mensual por la vivienda que habita el hogar monto:alto
Arriendo por viviendas para uso del hogar diferentes a la que habita,214939,servicios,False,DANE_ENIG,1,arriendo por viviendas para uso del hogar diferentes a la que habita monto:alto
Arriendo imputado por la vivienda propia que habita el hogar,284012,servicios,False,DANE_ENIG,1,arriendo imputado por la vivienda propia que habita el hogar monto:alto
"Arriendo imputado por la vivienda en usufructo, posesión u ocupación que habita",192434,servicios,False,DANE_ENIG,1,"arriendo imputado por la vivienda en usufructo, posesión u ocupación que habita monto:alto"
Pinturas y barnices para vivienda,14084,servicios,False,DANE_ENIG,1,pinturas y barnices para vivienda monto:bajo
Papel de colgadura y recubrimientos textiles para paredes,8836,servicios,False,DANE_ENIG,1,papel de colgadura y recubrimientos textiles para paredes monto:bajo
"Baldosas, celosías, mármoles, cerámicas, cenefas de enchape (para interiores y y para baño y cocina)",87309,servicios,False,DANE_ENIG,1,"baldosas, celosías, mármoles, cerámicas, cenefas de enchape (para interiores y y para baño y cocina) monto:medio"
Vidriería para puertas y ventanas,11286,servicios,False,DANE_ENIG,1,vidriería para puertas y ventanas monto:bajo
"Yeso, cemento, masilla, pegantes",17439,servicios,False,DANE_ENIG,1,"yeso, cemento, masilla, pegantes monto:bajo"
"Tubos para el agua, grifos, codos, sifones, etc.",6876,servicios,False,DANE_ENIG,1,"tubos para el agua, grifos, codos, sifones, etc. monto:bajo"
Tablones para pisos,34793,servicios,False,DANE_ENIG,1,tablones para pisos monto:medio
Puertas y ventanas,27270,servicios,False,DANE_ENIG,1,puertas y ventanas monto:bajo
"Otros materiales para la conservación y la reparación de la vivienda: tejas, cielo raso, tanque de a",52823,servicios,False,DANE_ENIG,1,"otros materiales para la conservación y la reparación de la vivienda: tejas, cielo raso, tanque de a monto:medio"
Mantenimiento y reparación de aire acondicionado y calefacción,8457,servicios,False,DANE_ENIG,1,mantenimiento y reparación de aire acondicionado y calefacción monto:bajo
Mantenimiento y reparación de cañerias de agua y ductos e instalaciones de gas,15002,servicios,False,DANE_ENIG,1,mantenimiento y reparación de cañerias de agua y ductos e instalaciones de gas monto:bajo
Mantenimiento y reparación de ductos de ascensor,15983,servicios,False,DANE_ENIG,1,mantenimiento y reparación de ductos de ascensor monto:bajo
Mantenimiento y reparación de redes eléctricas y telefónicas,11838,servicios,False,DANE_ENIG,1,mantenimiento y reparación de redes eléctricas y telefónicas monto:bajo
Mantenimiento y reparación de techos y pisos,47030,servicios,False,DANE_ENIG,1,mantenimiento y reparación de techos y pisos monto:medio
Limpieza de exteriores de edificaciones,5633,servicios,False,DANE_ENIG,1,limpieza de exteriores de edificaciones monto:bajo
Pavimentación y revestimiento de suelos,42436,servicios,False,DANE_ENIG,1,pavimentación y revestimiento de suelos monto:medio
Ampliación o subdivisión de la vivienda,378593,servicios,False,DANE_ENIG,1,ampliación o subdivisión de la vivienda monto:alto
"Otros servicios para el mantenimiento y reparación de la vivienda: cerrajería, pintura, enchape, car",45064,servicios,False,DANE_ENIG,1,"otros servicios para el mantenimiento y reparación de la vivienda: cerrajería, pintura, enchape, car monto:medio"
"Instalación, conexión, contador de agua",5732,servicios,False,DANE_ENIG,1,"instalación, conexión, contador de agua monto:bajo"
Acueducto,23375,servicios,False,DANE_ENIG,1,acueducto monto:bajo
Reconexión del servicio de acueducto,5956,servicios,False,DANE_ENIG,1,reconexión del servicio de acueducto monto:bajo
Recolección de basuras y aseo,7264,servicios,False,DANE_ENIG,1,recolección de basuras y aseo monto:bajo
Pagos a recogedor de basuras y desechos,18193,servicios,False,DANE_ENIG,1,pagos a recogedor de basuras y desechos monto:bajo
Instalación o conexión al servicio de alcantarillado,16360,servicios,False,DANE_ENIG,1,instalación o conexión al servicio de alcantarillado monto:bajo
Alcantarillado,10567,servicios,False,DANE_ENIG,1,alcantarillado monto:bajo
Cuotas mensuales de administración de la vivienda para uso del hogar,121101,servicios,False,DANE_ENIG,1,cuotas mensuales de administración de la vivienda para uso del hogar monto:medio
Cuotas extraordinarias de administración,14406,servicios,False,DANE_ENIG,1,cuotas extraordinarias de administración monto:bajo
Celaduría comunal,21217,servicios,False,DANE_ENIG,1,celaduría comunal monto:bajo
Gastos de conservación en jardinería,15124,servicios,False,DANE_ENIG,1,gastos de conservación en jardinería monto:bajo
"Instalación, conexión, contador del servicio de energía eléctrica",5124,servicios,False,DANE_ENIG,1,"instalación, conexión, contador del servicio de energía eléctrica monto:bajo"
Energía eléctrica,37486,servicios,False,DANE_ENIG,1,energía eléctrica monto:medio
Reconexión del servicio de energía eléctrica,2058,servicios,False,DANE_ENIG,1,reconexión del servicio de energía eléctrica monto:bajo
Alumbrado público,4005,servicios,False,DANE_ENIG,1,alumbrado público monto:bajo
Compra de gas propano en pipeta o cilindro o por ducto,28884,servicios,False,DANE_ENIG,1,compra de gas propano en pipeta o cilindro o por ducto monto:bajo
"Instalación, conexión, contador del servicio de gas natural",8459,servicios,False,DANE_ENIG,1,"instalación, conexión, contador del servicio de gas natural monto:bajo"
Gas natural por tubería,15410,servicios,False,DANE_ENIG,1,gas natural por tubería monto:bajo
Reconexión del servicio de gas natural,1491,servicios,False,DANE_ENIG,1,reconexión del servicio de gas natural monto:bajo
"Combustibles líquidos para cocinar: gasolina, kerosene, petróleo, alcohol, etc.",13737,servicios,False,DANE_ENIG,1,"combustibles líquidos para cocinar: gasolina, kerosene, petróleo, alcohol, etc. monto:bajo"
"Combustibles sólidos para cocinar: leña, carbón vegetal, carbón, mineral, etc.",11066,servicios,False,DANE_ENIG,1,"combustibles sólidos para cocinar: leña, carbón vegetal, carbón, mineral, etc. monto:bajo"
Cama sencilla,20504,alimentacion,False,DANE_ENIG,1,cama sencilla monto:bajo
"Cama semidoble, doble, king size",33911,alimentacion,False,DANE_ENIG,1,"cama semidoble, doble, king size monto:medio"
Cunas y corral para bebé,22181,alimentacion,False,DANE_ENIG,1,cunas y corral para bebé monto:bajo
Juego completo de muebles de alcoba,80917,alimentacion,False,DANE_ENIG,1,juego completo de muebles de alcoba monto:medio
Juego completo de muebles de sala,83953,alimentacion,False,DANE_ENIG,1,juego completo de muebles de sala monto:medio
Juego completo de muebles de comedor,62091,alimentacion,False,DANE_ENIG,1,juego completo de muebles de comedor monto:medio
Gabinetes de baño,15753,alimentacion,False,DANE_ENIG,1,gabinetes de baño monto:bajo
Cocina integral,103467,alimentacion,False,DANE_ENIG,1,cocina integral monto:medio
Muebles y gabinetes para cocina,24950,alimentacion,False,DANE_ENIG,1,muebles y gabinetes para cocina monto:bajo
Escritorios y mesas de dibujo,26223,alimentacion,False,DANE_ENIG,1,escritorios y mesas de dibujo monto:bajo
Muebles para computador o centros de entretenimiento,11723,alimentacion,False,DANE_ENIG,1,muebles para computador o centros de entretenimiento monto:bajo
"Colchones, somiers y colchonetas",20201,alimentacion,False,DANE_ENIG,1,"colchones, somiers y colchonetas monto:bajo"
"Bases para colchón, catres",7943,alimentacion,True,DANE_ENIG,1,"bases para colchón, catres monto:bajo"
"Sillas, sillones, sofás, sofacamas",17764,alimentacion,False,DANE_ENIG,1,"sillas, sillones, sofás, sofacamas monto:bajo"
"Asientos, mecedoras, butacos, bancas",8025,alimentacion,True,DANE_ENIG,1,"asientos, mecedoras, butacos, bancas monto:bajo"
"Armarios, clósets, cómodas, chifoniers, escaparates, roperos, baules",19777,alimentacion,False,DANE_ENIG,1,"armarios, clósets, cómodas, chifoniers, escaparates, roperos, baules monto:bajo"
Bibliotecas y muebles modulares,17474,alimentacion,False,DANE_ENIG,1,bibliotecas y muebles modulares monto:bajo
"Otros muebles y accesorios para el hogar:biffé, tocadores, vitrinas, archivadore",14521,alimentacion,False,DANE_ENIG,1,"otros muebles y accesorios para el hogar:biffé, tocadores, vitrinas, archivadore monto:bajo"
Lámparas de techo o de pie,9134,alimentacion,True,DANE_ENIG,1,lámparas de techo o de pie monto:bajo
Pantallas de mesa,5658,alimentacion,True,DANE_ENIG,1,pantallas de mesa monto:bajo
"Velas, veladoras, velones",2938,alimentacion,True,DANE_ENIG,1,"velas, veladoras, velones monto:bajo"
Candeleros y candelabros,11033,alimentacion,False,DANE_ENIG,1,candeleros y candelabros monto:bajo
Cuadros y pinturas de arte,19879,alimentacion,False,DANE_ENIG,1,cuadros y pinturas de arte monto:bajo
Reproducciones de cuadros y pinturas,11130,alimentacion,False,DANE_ENIG,1,reproducciones de cuadros y pinturas monto:bajo
"Dibujos, grabados, tapices",342,alimentacion,True,DANE_ENIG,1,"dibujos, grabados, tapices monto:bajo"
"Estatuillas, esculturas, porcelanas y objetos de decoración en plata o metal",11984,alimentacion,False,DANE_ENIG,1,"estatuillas, esculturas, porcelanas y objetos de decoración en plata o metal monto:bajo"
Otros objetos artísticos,3259,alimentacion,True,DANE_ENIG,1,otros objetos artísticos monto:bajo
"Espejos, portaretratos y percheros",6799,alimentacion,True,DANE_ENIG,1,"espejos, portaretratos y percheros monto:bajo"
Persianas de materiales diferentes a tela,36985,alimentacion,False,DANE_ENIG,1,persianas de materiales diferentes a tela monto:medio
Alfombras y tapetes fijos y sueltos,9344,alimentacion,True,DANE_ENIG,1,alfombras y tapetes fijos y sueltos monto:bajo
Mano de obra para colocación de alfombras y tapetes,538,alimentacion,True,DANE_ENIG,1,mano de obra para colocación de alfombras y tapetes monto:bajo
"Reparación de muebles, accesorios y materiales para pisos",31802,alimentacion,False,DANE_ENIG,1,"reparación de muebles, accesorios y materiales para pisos monto:medio"
Restauración de obras de arte y de muebles antiguos,16916,alimentacion,False,DANE_ENIG,1,restauración de obras de arte y de muebles antiguos monto:bajo
"Telas para confeccionar ropa de cama, manteles, cortinas y forros de muebles",8288,alimentacion,True,DANE_ENIG,1,"telas para confeccionar ropa de cama, manteles, cortinas y forros de muebles monto:bajo"
"Juego completo de sábanas, sobresábanas y fundas",5687,alimentacion,True,DANE_ENIG,1,"juego completo de sábanas, sobresábanas y fundas monto:bajo"
"Sábanas, sobresabanas y fundas sueltas",4300,alimentacion,True,DANE_ENIG,1,"sábanas, sobresabanas y fundas sueltas monto:bajo"
"Cubrelechos, cubrecamas, colchas para cama",8669,alimentacion,True,DANE_ENIG,1,"cubrelechos, cubrecamas, colchas para cama monto:bajo"
Cobijas y mantas para adultos,5564,alimentacion,True,DANE_ENIG,1,cobijas y mantas para adultos monto:bajo
"Cobijas, mantas y cobertores para bebés",3952,alimentacion,True,DANE_ENIG,1,"cobijas, mantas y cobertores para bebés monto:bajo"
"Almohadas, cojines, almohadones",2088,alimentacion,True,DANE_ENIG,1,"almohadas, cojines, almohadones monto:bajo"
"Hamacas, chinchorros, toldillos, mosquiteros",4067,alimentacion,True,DANE_ENIG,1,"hamacas, chinchorros, toldillos, mosquiteros monto:bajo"
"Ropa de mesa: Manteles, caminos de mesa, individuales y servilletas de tela para comedor",3294,alimentacion,True,DANE_ENIG,1,"ropa de mesa: manteles, caminos de mesa, individuales y servilletas de tela para comedor monto:bajo"
Toallas de tela para baño,2322,alimentacion,True,DANE_ENIG,1,toallas de tela para baño monto:bajo
Juego de lencería para baño,4210,alimentacion,True,DANE_ENIG,1,juego de lencería para baño monto:bajo
Cortinas para baño,1405,alimentacion,True,DANE_ENIG,1,cortinas para baño monto:bajo
Cortinas confeccionadas,14248,alimentacion,False,DANE_ENIG,1,cortinas confeccionadas monto:bajo
Lanas y telas para tejidos y decoración del hogar,1945,alimentacion,True,DANE_ENIG,1,lanas y telas para tejidos y decoración del hogar monto:bajo
Sacos o lonas para ropa,2641,alimentacion,True,DANE_ENIG,1,sacos o lonas para ropa monto:bajo
Banderas y escudos en general,1083,alimentacion,True,DANE_ENIG,1,banderas y escudos en general monto:bajo
"Piedecamas, esteras y esterillas",2408,alimentacion,True,DANE_ENIG,1,"piedecamas, esteras y esterillas monto:bajo"
Forros para muebles y electrodomésticos,6878,alimentacion,True,DANE_ENIG,1,forros para muebles y electrodomésticos monto:bajo
Gastos por confección y reparación de productos textiles para el hogar,5399,alimentacion,True,DANE_ENIG,1,gastos por confección y reparación de productos textiles para el hogar monto:bajo
"Neveras, refrigeradores y congeladores",50324,alimentacion,False,DANE_ENIG,1,"neveras, refrigeradores y congeladores monto:medio"
Lavadora y secadora de ropa,46009,alimentacion,False,DANE_ENIG,1,lavadora y secadora de ropa monto:medio
Lavadora de platos,57083,alimentacion,False,DANE_ENIG,1,lavadora de platos monto:medio
Estufa a gas,17665,alimentacion,False,DANE_ENIG,1,estufa a gas monto:bajo
Estufa eléctrica,6736,alimentacion,True,DANE_ENIG,1,estufa eléctrica monto:bajo
Estufa mixta (electrica y a gas),41791,alimentacion,False,DANE_ENIG,1,estufa mixta (electrica y a gas) monto:medio
Campana extractora para la estufa,15551,alimentacion,False,DANE_ENIG,1,campana extractora para la estufa monto:bajo
Estufa de carbón o leña a gasolina o petróleo,1648,alimentacion,True,DANE_ENIG,1,estufa de carbón o leña a gasolina o petróleo monto:bajo
Hornos eléctricos y hornos de gas,13476,alimentacion,False,DANE_ENIG,1,hornos eléctricos y hornos de gas monto:bajo
Hornos microondas,14888,alimentacion,False,DANE_ENIG,1,hornos microondas monto:bajo
Pipetas o cilindros de gas (envase sin incluir el gas),3503,alimentacion,True,DANE_ENIG,1,pipetas o cilindros de gas (envase sin incluir el gas) monto:bajo
Calentadores eléctricos,6371,alimentacion,True,DANE_ENIG,1,calentadores eléctricos monto:bajo
Calentador de gas,22982,alimentacion,False,DANE_ENIG,1,calentador de gas monto:bajo
Sistema de calefacción para el hogar,74978,alimentacion,False,DANE_ENIG,1,sistema de calefacción para el hogar monto:medio
Aire acondicionado,31113,alimentacion,False,DANE_ENIG,1,aire acondicionado monto:medio
Ventiladores o abanicos fijos,5635,alimentacion,True,DANE_ENIG,1,ventiladores o abanicos fijos monto:bajo
"Aspiradora, brilladora y lavatapetes",15570,alimentacion,False,DANE_ENIG,1,"aspiradora, brilladora y lavatapetes monto:bajo"
"Máquinas de coser, tejer, fileteadoras y telares",23158,alimentacion,False,DANE_ENIG,1,"máquinas de coser, tejer, fileteadoras y telares monto:bajo"
"Otros aparatos grandes del hogar: Trituradoras de desperdicios, cajas fuertes, purificadores de agua",39280,alimentacion,False,DANE_ENIG,1,"otros aparatos grandes del hogar: trituradoras de desperdicios, cajas fuertes, purificadores de agua monto:medio"
Plancha eléctrica,3728,alimentacion,True,DANE_ENIG,1,plancha eléctrica monto:bajo
"Licuadora, picadora y ayudante de cocina eléctrico",6056,alimentacion,True,DANE_ENIG,1,"licuadora, picadora y ayudante de cocina eléctrico monto:bajo"
Batidora y mezcladora eléctrica,4787,alimentacion,True,DANE_ENIG,1,batidora y mezcladora eléctrica monto:bajo
"Sanducheras, wafleras y tostadoras eléctricas",3472,alimentacion,True,DANE_ENIG,1,"sanducheras, wafleras y tostadoras eléctricas monto:bajo"
Extractor de zumos y exprimidor eléctricos,4991,alimentacion,True,DANE_ENIG,1,extractor de zumos y exprimidor eléctricos monto:bajo
Cafeteras eléctricas,4040,alimentacion,True,DANE_ENIG,1,cafeteras eléctricas monto:bajo
Ollas arroceras y freidoras eléctricas,6979,alimentacion,True,DANE_ENIG,1,ollas arroceras y freidoras eléctricas monto:bajo
"Cuchillos, afila cuchillos y abrelatas eléctricos",1036,alimentacion,True,DANE_ENIG,1,"cuchillos, afila cuchillos y abrelatas eléctricos monto:bajo"
Encendedores eléctricos y no eléctricos para estufa,1490,alimentacion,True,DANE_ENIG,1,encendedores eléctricos y no eléctricos para estufa monto:bajo
Ventiladores o abanicos movibles,5319,alimentacion,True,DANE_ENIG,1,ventiladores o abanicos movibles monto:bajo
Duchas eléctricas,2336,alimentacion,True,DANE_ENIG,1,duchas eléctricas monto:bajo
Asadores eléctricos para carne,7217,alimentacion,True,DANE_ENIG,1,asadores eléctricos para carne monto:bajo
Mantas eléctricas para el hogar,5250,alimentacion,True,DANE_ENIG,1,mantas eléctricas para el hogar monto:bajo
Extractor eléctrico de olores,10373,alimentacion,False,DANE_ENIG,1,extractor eléctrico de olores monto:bajo
"Otros aparatos eléctricos para el hogar: teteras eléctricas, máquina para helados, hornos tostadores",5802,alimentacion,True,DANE_ENIG,1,"otros aparatos eléctricos para el hogar: teteras eléctricas, máquina para helados, hornos tostadores monto:bajo"
Repuestos para aparatos domésticos,3951,alimentacion,True,DANE_ENIG,1,repuestos para aparatos domésticos monto:bajo
Reparación de aparatos y utensilios domésticos,5382,alimentacion,True,DANE_ENIG,1,reparación de aparatos y utensilios domésticos monto:bajo
"Alquiler de artefactos o aparatos domésticos (lavadoras, computadores, etc)",5126,alimentacion,True,DANE_ENIG,1,"alquiler de artefactos o aparatos domésticos (lavadoras, computadores, etc) monto:bajo"
"Vajilla completa, juego de té o café y otros juegos completos (vaso, jarra, copas)",4875,alimentacion,True,DANE_ENIG,1,"vajilla completa, juego de té o café y otros juegos completos (vaso, jarra, copas) monto:bajo"
"Platos, pocillos, tazas, Mugs",5356,alimentacion,True,DANE_ENIG,1,"platos, pocillos, tazas, mugs monto:bajo"
"Vasos, copas, jarras",3958,alimentacion,True,DANE_ENIG,1,"vasos, copas, jarras monto:bajo"
"Bandejas, ensaladeras, soperas, dulceras",4913,alimentacion,True,DANE_ENIG,1,"bandejas, ensaladeras, soperas, dulceras monto:bajo"
Refractarias,8033,alimentacion,True,DANE_ENIG,1,refractarias monto:bajo
Otros artículos de cristalería y vajilla,14331,alimentacion,False,DANE_ENIG,1,otros artículos de cristalería y vajilla monto:bajo
Juego completo de cubiertos de mesa y cocina,9586,alimentacion,True,DANE_ENIG,1,juego completo de cubiertos de mesa y cocina monto:bajo
"Cucharas, cucharitas, tenedores, cuchillos, cucharones, tijeras de cocina",3737,alimentacion,True,DANE_ENIG,1,"cucharas, cucharitas, tenedores, cuchillos, cucharones, tijeras de cocina monto:bajo"
"Ollas, cacerolas, cazuelas y sartenes de aluminio, esmaltadas y de teflón",17785,alimentacion,False,DANE_ENIG,1,"ollas, cacerolas, cazuelas y sartenes de aluminio, esmaltadas y de teflón monto:bajo"
Ollas a presión,27420,alimentacion,False,DANE_ENIG,1,ollas a presión monto:bajo
Planchas para asar y parrillas,9060,alimentacion,True,DANE_ENIG,1,planchas para asar y parrillas monto:bajo
"Molinillos, coladeras, coladores, pinzas para hielo, abrelatas y sacacorchos manuales, piedras de af",1826,alimentacion,True,DANE_ENIG,1,"molinillos, coladeras, coladores, pinzas para hielo, abrelatas y sacacorchos manuales, piedras de af monto:bajo"
Cafeteras no eléctricas,14263,alimentacion,False,DANE_ENIG,1,cafeteras no eléctricas monto:bajo
"Molinos, ralladores, picadoras manuales y exprimidores de jugo",7053,alimentacion,True,DANE_ENIG,1,"molinos, ralladores, picadoras manuales y exprimidores de jugo monto:bajo"
"Corta huevos, pela papas, rebanador de quesos, cortador de pizza",2701,alimentacion,True,DANE_ENIG,1,"corta huevos, pela papas, rebanador de quesos, cortador de pizza monto:bajo"
"Tablas para picar, morteros y mazos, escurridorres de aceite",2825,alimentacion,True,DANE_ENIG,1,"tablas para picar, morteros y mazos, escurridorres de aceite monto:bajo"
Servilleteros,2873,alimentacion,True,DANE_ENIG,1,servilleteros monto:bajo
Termos,5669,alimentacion,True,DANE_ENIG,1,termos monto:bajo
"Reverberos, cocinas de alcohol y cocinetas",19613,alimentacion,False,DANE_ENIG,1,"reverberos, cocinas de alcohol y cocinetas monto:bajo"
Esterilizadores o calentadores de teteros,13681,alimentacion,False,DANE_ENIG,1,esterilizadores o calentadores de teteros monto:bajo
Biberones o teteros,3792,alimentacion,True,DANE_ENIG,1,biberones o teteros monto:bajo
Mesa de planchar,10997,alimentacion,False,DANE_ENIG,1,mesa de planchar monto:bajo
Planchas no eléctricas,12448,alimentacion,False,DANE_ENIG,1,planchas no eléctricas monto:bajo
"Ceniceros, floreros",6196,alimentacion,True,DANE_ENIG,1,"ceniceros, floreros monto:bajo"
"Platones, baldes y poncheras",3934,alimentacion,True,DANE_ENIG,1,"platones, baldes y poncheras monto:bajo"
Canecas y papeleras para la basura,5869,alimentacion,True,DANE_ENIG,1,canecas y papeleras para la basura monto:bajo
Cestas y recipientes para la ropa,8705,alimentacion,True,DANE_ENIG,1,cestas y recipientes para la ropa monto:bajo
"Vacinillas, micas o patos médicos",2240,alimentacion,True,DANE_ENIG,1,"vacinillas, micas o patos médicos monto:bajo"
"Reparación de cristalería, vajilla y utensilios del hogar",8403,alimentacion,True,DANE_ENIG,1,"reparación de cristalería, vajilla y utensilios del hogar monto:bajo"
"Taladros, soldadoras, sierras, pulidoras y cizallas eléctricas",7397,alimentacion,True,DANE_ENIG,1,"taladros, soldadoras, sierras, pulidoras y cizallas eléctricas monto:bajo"
"Podadoras, cortadoras de césped y guadañadoras eléctricas o motorizadas y tractores eléctricos para ",51678,alimentacion,False,DANE_ENIG,1,"podadoras, cortadoras de césped y guadañadoras eléctricas o motorizadas y tractores eléctricos para monto:medio"
Compra e instalación de bombas eléctricas de agua,14446,alimentacion,False,DANE_ENIG,1,compra e instalación de bombas eléctricas de agua monto:bajo
Otras herramientas y equipos eléctricos grandes,17243,alimentacion,False,DANE_ENIG,1,otras herramientas y equipos eléctricos grandes monto:bajo
Reparación de herramientas y equipos grandes,11955,alimentacion,False,DANE_ENIG,1,reparación de herramientas y equipos grandes monto:bajo
Alquiler de maquinaria y equipo grande,18647,alimentacion,False,DANE_ENIG,1,alquiler de maquinaria y equipo grande monto:bajo
"Hombresolos, alicates, tenazas, martillos, destornilladores, punzones, serruchos, limas para herrami",13468,alimentacion,False,DANE_ENIG,1,"hombresolos, alicates, tenazas, martillos, destornilladores, punzones, serruchos, limas para herrami monto:bajo"
"Llaves de tuercas, llaves inglesas, llaves bristol.",1968,alimentacion,True,DANE_ENIG,1,"llaves de tuercas, llaves inglesas, llaves bristol. monto:bajo"
"Cintas métricas: Metro, Decámetro, niveles, etc.",707,alimentacion,True,DANE_ENIG,1,"cintas métricas: metro, decámetro, niveles, etc. monto:bajo"
"Otras herramientas del hogar: Tijeras para ropa, escaleras, etc.",1781,alimentacion,True,DANE_ENIG,1,"otras herramientas del hogar: tijeras para ropa, escaleras, etc. monto:bajo"
"Herramientas de jardín: Carretillas, mangueras, palas, azadones, estacas, etc.",2747,alimentacion,True,DANE_ENIG,1,"herramientas de jardín: carretillas, mangueras, palas, azadones, estacas, etc. monto:bajo"
"Bombillos incandescentes, tubos fluorescentes, larga vida, halógenos y de neón",5492,alimentacion,True,DANE_ENIG,1,"bombillos incandescentes, tubos fluorescentes, larga vida, halógenos y de neón monto:bajo"
"Enchufes, interruptores, dimmers, cables eléctricos, rosetas, cinta aislante, timbres, alarmas",27240,alimentacion,False,DANE_ENIG,1,"enchufes, interruptores, dimmers, cables eléctricos, rosetas, cinta aislante, timbres, alarmas monto:bajo"
Pilas no recargables para uso general,3997,alimentacion,True,DANE_ENIG,1,pilas no recargables para uso general monto:bajo
"Linternas, lámparas de mano, estabilizadores y timers, baterías o pilas recargables",7990,alimentacion,True,DANE_ENIG,1,"linternas, lámparas de mano, estabilizadores y timers, baterías o pilas recargables monto:bajo"
Otros accesorios eléctricos pequeños,10336,alimentacion,False,DANE_ENIG,1,otros accesorios eléctricos pequeños monto:bajo
"Accesorios para puertas: Bisagras, manijas, cerraduras, candados, etc.",5660,alimentacion,True,DANE_ENIG,1,"accesorios para puertas: bisagras, manijas, cerraduras, candados, etc. monto:bajo"
"Otros artículos de metal para el hogar: Rieles, varillas, ganchos para cortina, etc.",1642,alimentacion,True,DANE_ENIG,1,"otros artículos de metal para el hogar: rieles, varillas, ganchos para cortina, etc. monto:bajo"
Reparación de herramientas pequeñas y accesorios diversos del hogar y del jardín,921,alimentacion,True,DANE_ENIG,1,reparación de herramientas pequeñas y accesorios diversos del hogar y del jardín monto:bajo
Jabón en barra para lavar ropa,3418,alimentacion,True,DANE_ENIG,1,jabón en barra para lavar ropa monto:bajo
Jabón de cocina,2800,alimentacion,True,DANE_ENIG,1,jabón de cocina monto:bajo
Jabón para lavadora,9032,alimentacion,True,DANE_ENIG,1,jabón para lavadora monto:bajo
Detergente en polvo,4662,alimentacion,True,DANE_ENIG,1,detergente en polvo monto:bajo
Detergente líquido,4424,alimentacion,True,DANE_ENIG,1,detergente líquido monto:bajo
Blanqueadores,2411,alimentacion,True,DANE_ENIG,1,blanqueadores monto:bajo
Suavizantes,4486,alimentacion,True,DANE_ENIG,1,suavizantes monto:bajo
"Quitamanchas, polvo limpiador y shampoo para alfombras",5316,alimentacion,True,DANE_ENIG,1,"quitamanchas, polvo limpiador y shampoo para alfombras monto:bajo"
"Líquidos y desinfectantes para limpiar muebles, vidrios, hornos, estufas, paredes, baños, pisos",4178,alimentacion,True,DANE_ENIG,1,"líquidos y desinfectantes para limpiar muebles, vidrios, hornos, estufas, paredes, baños, pisos monto:bajo"
Desodorantes ambientales y ambientadores,5048,alimentacion,True,DANE_ENIG,1,desodorantes ambientales y ambientadores monto:bajo
Cera para pisos,4144,alimentacion,True,DANE_ENIG,1,cera para pisos monto:bajo
Insecticidas y fungicidas,6100,alimentacion,True,DANE_ENIG,1,insecticidas y fungicidas monto:bajo
"Otros productos de limpieza y mantenimiento: almidones para camisas, alcanfor, naftalina, disolvente",4161,alimentacion,True,DANE_ENIG,1,"otros productos de limpieza y mantenimiento: almidones para camisas, alcanfor, naftalina, disolvente monto:bajo"
"Escobas, recogedores de basura, escobillas, plumeros limpiapolvos, trapeadores y cepillos para: pare",5553,alimentacion,True,DANE_ENIG,1,"escobas, recogedores de basura, escobillas, plumeros limpiapolvos, trapeadores y cepillos para: pare monto:bajo"
Guantes de caucho,3176,alimentacion,True,DANE_ENIG,1,guantes de caucho monto:bajo
"Esponjas, esponjillas y estropajos",1599,alimentacion,True,DANE_ENIG,1,"esponjas, esponjillas y estropajos monto:bajo"
"Limpiones, cogeollas, trapos para limpiar, paños de cocina, bayetillas y dulceabrigos",3939,alimentacion,True,DANE_ENIG,1,"limpiones, cogeollas, trapos para limpiar, paños de cocina, bayetillas y dulceabrigos monto:bajo"
Otros elementos de aseo,17734,alimentacion,False,DANE_ENIG,1,otros elementos de aseo monto:bajo
"Cuerdas, cordeles, tendederos y pinzas para ropa, cintas adhesivas y pegamentos",3663,alimentacion,True,DANE_ENIG,1,"cuerdas, cordeles, tendederos y pinzas para ropa, cintas adhesivas y pegamentos monto:bajo"
"Agujas (para coser, tejer), alfileres",1230,alimentacion,True,DANE_ENIG,1,"agujas (para coser, tejer), alfileres monto:bajo"
"Tijeras para costura, abreojales, desbaratadores, dedales",2174,alimentacion,True,DANE_ENIG,1,"tijeras para costura, abreojales, desbaratadores, dedales monto:bajo"
Mechas para lámparas,384,alimentacion,True,DANE_ENIG,1,mechas para lámparas monto:bajo
Fósforos y encendedores desechables,1085,alimentacion,True,DANE_ENIG,1,fósforos y encendedores desechables monto:bajo
"Betún, pomadas y tintes para calzado",2746,alimentacion,True,DANE_ENIG,1,"betún, pomadas y tintes para calzado monto:bajo"
"Barnices, lacas y tintes para accesorios del hogar.",9962,alimentacion,True,DANE_ENIG,1,"barnices, lacas y tintes para accesorios del hogar. monto:bajo"
Anilinas y tintes para prendas de vestir,1713,alimentacion,True,DANE_ENIG,1,anilinas y tintes para prendas de vestir monto:bajo
"Artículos de ferretería: Puntillas, clavos, tornillos, tuercas, brocas, brochas, pinceles, lijas y o",5987,alimentacion,True,DANE_ENIG,1,"artículos de ferretería: puntillas, clavos, tornillos, tuercas, brocas, brochas, pinceles, lijas y o monto:bajo"
"Papel de aluminio, papel parafinado, moldes de aluminio, vinilpel, filtros de papel para cafetera",3948,alimentacion,True,DANE_ENIG,1,"papel de aluminio, papel parafinado, moldes de aluminio, vinilpel, filtros de papel para cafetera monto:bajo"
Rollos de papel para cocina,4900,alimentacion,True,DANE_ENIG,1,rollos de papel para cocina monto:bajo
"Productos desechables: servilletas, manteles, platos, vasos, cubiertos, palillos",2367,alimentacion,True,DANE_ENIG,1,"productos desechables: servilletas, manteles, platos, vasos, cubiertos, palillos monto:bajo"
"Otros productos desechables: pitillos, palos de pincho, etc.",2527,alimentacion,True,DANE_ENIG,1,"otros productos desechables: pitillos, palos de pincho, etc. monto:bajo"
Bolsas plásticas para basura y para aspiradora,1832,alimentacion,True,DANE_ENIG,1,bolsas plásticas para basura y para aspiradora monto:bajo
Empleada interna,223652,alimentacion,False,DANE_ENIG,1,empleada interna monto:alto
Empleada de por días (permanente o temporal),120348,alimentacion,False,DANE_ENIG,1,empleada de por días (permanente o temporal) monto:medio
"Amas de llaves, institutrices, tutores, mayordomos, choferes, jardineros, celadores, niñeras dentro ",146341,alimentacion,False,DANE_ENIG,1,"amas de llaves, institutrices, tutores, mayordomos, choferes, jardineros, celadores, niñeras dentro monto:medio"
Limpieza de ventanas,2685,alimentacion,True,DANE_ENIG,1,limpieza de ventanas monto:bajo
Desinfección y fumigación del hogar,2288,alimentacion,True,DANE_ENIG,1,desinfección y fumigación del hogar monto:bajo
"Lavado y limpieza de ropa del hogar: cubrelechos, cobijas, cortinas, tejidos del hogar, etc.",3568,alimentacion,True,DANE_ENIG,1,"lavado y limpieza de ropa del hogar: cubrelechos, cobijas, cortinas, tejidos del hogar, etc. monto:bajo"
Lavado de alfombras,5670,alimentacion,True,DANE_ENIG,1,lavado de alfombras monto:bajo
Servicio de tintorería y teñido de ropa del hogar,1053,alimentacion,True,DANE_ENIG,1,servicio de tintorería y teñido de ropa del hogar monto:bajo
"Analgésicos: mejoral, aspirina, focus, dólex, asawín, advil, etc",5219,servicios,False,DANE_ENIG,1,"analgésicos: mejoral, aspirina, focus, dólex, asawín, advil, etc monto:bajo"
"Antiácidos: alkaseltser, sal de frutas, mylanta, pepsamar, etc.",4652,servicios,False,DANE_ENIG,1,"antiácidos: alkaseltser, sal de frutas, mylanta, pepsamar, etc. monto:bajo"
Antibióticos,18835,servicios,False,DANE_ENIG,1,antibióticos monto:bajo
Medicamentos antialérgicos (antihistamínicos): loratadina,12480,servicios,False,DANE_ENIG,1,medicamentos antialérgicos (antihistamínicos): loratadina monto:bajo
"Antigripales: desenfriol, dristán, etc.",5245,servicios,False,DANE_ENIG,1,"antigripales: desenfriol, dristán, etc. monto:bajo"
"Antiparasitario, antiamibiásicos, purgantes, laxantes",11074,servicios,False,DANE_ENIG,1,"antiparasitario, antiamibiásicos, purgantes, laxantes monto:bajo"
Antiartríticos y antirreumáticos,27748,servicios,False,DANE_ENIG,1,antiartríticos y antirreumáticos monto:bajo
Antidiabéticos,37846,servicios,False,DANE_ENIG,1,antidiabéticos monto:medio
"Antiespasmódicos, antidiarréicos",8156,servicios,False,DANE_ENIG,1,"antiespasmódicos, antidiarréicos monto:bajo"
Antiinflamatorios,13786,servicios,False,DANE_ENIG,1,antiinflamatorios monto:bajo
"Cardiovasculares, medicamentos para la tensión arterial: Artensol, Aldomet, Captopril, etc.",28327,servicios,False,DANE_ENIG,1,"cardiovasculares, medicamentos para la tensión arterial: artensol, aldomet, captopril, etc. monto:bajo"
"Desinfectantes: alcohol, menticol, yodo, merthiolate, mercurio cromo, agua oxigenada, árnica, isodin",4201,servicios,False,DANE_ENIG,1,"desinfectantes: alcohol, menticol, yodo, merthiolate, mercurio cromo, agua oxigenada, árnica, isodin monto:bajo"
"Suero oral, fisiológico, etc.",8236,servicios,False,DANE_ENIG,1,"suero oral, fisiológico, etc. monto:bajo"
Vacunas,7443,servicios,False,DANE_ENIG,1,vacunas monto:bajo
"Vitaminas, reconstituyentes, calcio y otros minerales",31775,servicios,False,DANE_ENIG,1,"vitaminas, reconstituyentes, calcio y otros minerales monto:medio"
Aceite de hígado de bacalao,16297,servicios,False,DANE_ENIG,1,aceite de hígado de bacalao monto:bajo
"Productos formulados para uso dermatológico: Lociones, cremas, pomadas, unguento",54771,servicios,False,DANE_ENIG,1,"productos formulados para uso dermatológico: lociones, cremas, pomadas, unguento monto:medio"
"Gotas para oidos, ojos y naríz",18464,servicios,False,DANE_ENIG,1,"gotas para oidos, ojos y naríz monto:bajo"
"Anticonceptivos orales (píldoras), óvulos, inyecciones, cremas anticonceptivas y parches",16176,servicios,False,DANE_ENIG,1,"anticonceptivos orales (píldoras), óvulos, inyecciones, cremas anticonceptivas y parches monto:bajo"
Medicamentos homeopáticos y bioenergéticos,55029,servicios,False,DANE_ENIG,1,medicamentos homeopáticos y bioenergéticos monto:medio
"Otras drogas sueltas: anestésicos, enzimas y sales biliares, diuréticos orales e inyectables y otros",29341,servicios,False,DANE_ENIG,1,"otras drogas sueltas: anestésicos, enzimas y sales biliares, diuréticos orales e inyectables y otros monto:bajo"
Fórmula médica completa,82673,servicios,False,DANE_ENIG,1,fórmula médica completa monto:medio
Termómetros clínicos,4788,servicios,False,DANE_ENIG,1,termómetros clínicos monto:bajo
"Jeringas, agujas hipodérmicas",2592,servicios,False,DANE_ENIG,1,"jeringas, agujas hipodérmicas monto:bajo"
"Esparadrapo, vendas, gasas, curitas.",5111,servicios,False,DANE_ENIG,1,"esparadrapo, vendas, gasas, curitas. monto:bajo"
Botiquines de primeros auxilios,4147,servicios,False,DANE_ENIG,1,botiquines de primeros auxilios monto:bajo
Dispositivo de pruebas de embarazo,8260,servicios,False,DANE_ENIG,1,dispositivo de pruebas de embarazo monto:bajo
"Otros implementos médicos: bolsas de agua caliente, bolsas de hielo, etc",6935,servicios,False,DANE_ENIG,1,"otros implementos médicos: bolsas de agua caliente, bolsas de hielo, etc monto:bajo"
Dispositivos intrauterinos y otros anticonceptivos,11492,servicios,False,DANE_ENIG,1,dispositivos intrauterinos y otros anticonceptivos monto:bajo
Preservativos (condones),10697,servicios,False,DANE_ENIG,1,preservativos (condones) monto:bajo
"Anteojos, gafas o lentes de contacto formulados",11058,servicios,False,DANE_ENIG,1,"anteojos, gafas o lentes de contacto formulados monto:bajo"
"Sillas de ruedas, camas y colchones especiales (de hospital para uso en el hogar",21116,servicios,False,DANE_ENIG,1,"sillas de ruedas, camas y colchones especiales (de hospital para uso en el hogar monto:bajo"
Muletas y bastones ortopédicos,4216,servicios,False,DANE_ENIG,1,muletas y bastones ortopédicos monto:bajo
Zapatos ortopédicos,10859,servicios,False,DANE_ENIG,1,zapatos ortopédicos monto:bajo
"Soportes de cuello, bragueros, fajas quirúrgicas, medias elásticas para traumatología; soportes para",4494,servicios,False,DANE_ENIG,1,"soportes de cuello, bragueros, fajas quirúrgicas, medias elásticas para traumatología; soportes para monto:bajo"
Equipo para masajes médicos,7558,servicios,False,DANE_ENIG,1,equipo para masajes médicos monto:bajo
"Prótesis (miembros artificiales), dentaduras postizas",54405,servicios,False,DANE_ENIG,1,"prótesis (miembros artificiales), dentaduras postizas monto:medio"
"Otros aparatos ortopédicos: ojos de cristal, audífonos ortopédicos",11253,servicios,False,DANE_ENIG,1,"otros aparatos ortopédicos: ojos de cristal, audífonos ortopédicos monto:bajo"
"Tensiómetros (eléctricos, manuales y de otro tipo), estetoscopios, glucómetros",8342,servicios,False,DANE_ENIG,1,"tensiómetros (eléctricos, manuales y de otro tipo), estetoscopios, glucómetros monto:bajo"
Reparación de artefactos y equipos terapéuticos,1348,servicios,False,DANE_ENIG,1,reparación de artefactos y equipos terapéuticos monto:bajo
Consulta médica general con médico particular,11434,servicios,False,DANE_ENIG,1,consulta médica general con médico particular monto:bajo
"Consulta médica con especialista particular: pediatría, oftalmología, ginecología, siquiatría, traum",29288,servicios,False,DANE_ENIG,1,"consulta médica con especialista particular: pediatría, oftalmología, ginecología, siquiatría, traum monto:bajo"
Servicios de especialistas en ortodoncia,57681,servicios,False,DANE_ENIG,1,servicios de especialistas en ortodoncia monto:medio
"Consulta particular con médicos homeópatas, bioenérgeticos y otros no tradicional",21544,servicios,False,DANE_ENIG,1,"consulta particular con médicos homeópatas, bioenérgeticos y otros no tradicional monto:bajo"
"Servicios odontológicos con odontólogos particulares: consultas, profilaxis, exodoncias (extracción)",52939,servicios,False,DANE_ENIG,1,"servicios odontológicos con odontólogos particulares: consultas, profilaxis, exodoncias (extracción) monto:medio"
"Servicios para particulares en centros de rayos X: radiografías (incluyendo las dentales), urografía",18834,servicios,False,DANE_ENIG,1,"servicios para particulares en centros de rayos x: radiografías (incluyendo las dentales), urografía monto:bajo"
"Exámenes de laboratorio para particulares: de sangre, bacteriológicos, serología, etc.",16674,servicios,False,DANE_ENIG,1,"exámenes de laboratorio para particulares: de sangre, bacteriológicos, serología, etc. monto:bajo"
"Servicios independientes de: acupunturistas, fonoaudiólogos, fisioterapeutas",30381,servicios,False,DANE_ENIG,1,"servicios independientes de: acupunturistas, fonoaudiólogos, fisioterapeutas monto:medio"
Terapia de gimnasia correctiva recetada por médicos,25383,servicios,False,DANE_ENIG,1,terapia de gimnasia correctiva recetada por médicos monto:bajo
Baños termales o tratamientos con agua de mar,4047,servicios,False,DANE_ENIG,1,baños termales o tratamientos con agua de mar monto:bajo
"Servicios de enfermería y maternidad en el hogar (partera, comadrona, enfermera privada)",63816,servicios,False,DANE_ENIG,1,"servicios de enfermería y maternidad en el hogar (partera, comadrona, enfermera privada) monto:medio"
"Consulta con teguas, empíricos, curanderos, yerbateros, comadronas, etc",5761,servicios,False,DANE_ENIG,1,"consulta con teguas, empíricos, curanderos, yerbateros, comadronas, etc monto:bajo"
Otros servicios extrahospitalarios: Alquiler de equipo terapéutico,6647,servicios,False,DANE_ENIG,1,otros servicios extrahospitalarios: alquiler de equipo terapéutico monto:bajo
"Cuotas moderadoras EPS, ARS (medicina, odontología, especialistas, medicamentos, examenes, etc.",11204,servicios,False,DANE_ENIG,1,"cuotas moderadoras eps, ars (medicina, odontología, especialistas, medicamentos, examenes, etc. monto:bajo"
"Bonos de medicina prepagada o pago en efectivo por consultas, odontología, medicamentos, examenes, e",51446,servicios,False,DANE_ENIG,1,"bonos de medicina prepagada o pago en efectivo por consultas, odontología, medicamentos, examenes, e monto:medio"
"Servicios básicos hospitalarios para pacientes particulares internos: alojamiento, alimentación, tra",29987,servicios,False,DANE_ENIG,1,"servicios básicos hospitalarios para pacientes particulares internos: alojamiento, alimentación, tra monto:bajo"
"Servicios médicos hospitalarios para particulares: atención de médicos (generales y especialistas), ",23985,servicios,False,DANE_ENIG,1,"servicios médicos hospitalarios para particulares: atención de médicos (generales y especialistas), monto:bajo"
"Servicios médicos menores (pequeña cirugía, cirugía ambulatoria, urgencias, etc.",18994,servicios,False,DANE_ENIG,1,"servicios médicos menores (pequeña cirugía, cirugía ambulatoria, urgencias, etc. monto:bajo"
Copagos (Pago adicional por hospitalizaciones o cirugias de beneficiarios de EPS),9827,servicios,False,DANE_ENIG,1,copagos (pago adicional por hospitalizaciones o cirugias de beneficiarios de eps) monto:bajo
Compra de vehículos nuevos para uso particular (incluye pagos por nacionalización y otros pagos),1439254,alimentacion,False,DANE_ENIG,1,compra de vehículos nuevos para uso particular (incluye pagos por nacionalización y otros pagos) monto:alto
Compra de vehículos usados para uso particular (incluye pagos por nacionalización y otros pagos),832440,alimentacion,False,DANE_ENIG,1,compra de vehículos usados para uso particular (incluye pagos por nacionalización y otros pagos) monto:alto
Gastos de matrículas para vehículo nuevo y de traspaso para vehículos usados,36110,alimentacion,False,DANE_ENIG,1,gastos de matrículas para vehículo nuevo y de traspaso para vehículos usados monto:medio
Compra de motocicletas y bicicletas con motor nuevas o usadas,212481,alimentacion,False,DANE_ENIG,1,compra de motocicletas y bicicletas con motor nuevas o usadas monto:alto
Gastos de matrículas o traspaso de motocicletas o bicicletas con motor,9033,alimentacion,True,DANE_ENIG,1,gastos de matrículas o traspaso de motocicletas o bicicletas con motor monto:bajo
Compra de bicicletas nuevas o usadas,18095,alimentacion,False,DANE_ENIG,1,compra de bicicletas nuevas o usadas monto:bajo
Animales y vehículos de tracción animal para transporte de personas del hogar,2426,alimentacion,True,DANE_ENIG,1,animales y vehículos de tracción animal para transporte de personas del hogar monto:bajo
"Llantas y neumáticos, rines para vehículo",24040,alimentacion,False,DANE_ENIG,1,"llantas y neumáticos, rines para vehículo monto:bajo"
Motores para vehículo,63858,alimentacion,False,DANE_ENIG,1,motores para vehículo monto:medio
"Bujías, inyectores, filtros, amortiguadores, baterías, carburadores, distribuidores de corriente, vi",32761,alimentacion,False,DANE_ENIG,1,"bujías, inyectores, filtros, amortiguadores, baterías, carburadores, distribuidores de corriente, vi monto:medio"
"Productos para la limpieza y conservación del vehículo: pintura, limpiadores, shampoo, ceras, ambien",19269,alimentacion,False,DANE_ENIG,1,"productos para la limpieza y conservación del vehículo: pintura, limpiadores, shampoo, ceras, ambien monto:bajo"
"Productos y accesorios para carrocería: Pijamas, tapetes, barras de seguridad, ceniceros, etc.",12175,alimentacion,False,DANE_ENIG,1,"productos y accesorios para carrocería: pijamas, tapetes, barras de seguridad, ceniceros, etc. monto:bajo"
Herramientas para vehículos de transporte personal,4545,alimentacion,True,DANE_ENIG,1,herramientas para vehículos de transporte personal monto:bajo
"Piezas para bicicleta: Llantas, neumáticos, rines, manzanas, cadenas, cambios, piñones, guallas, sil",30305,alimentacion,False,DANE_ENIG,1,"piezas para bicicleta: llantas, neumáticos, rines, manzanas, cadenas, cambios, piñones, guallas, sil monto:medio"
Gasolina corriente y extra,188849,alimentacion,False,DANE_ENIG,1,gasolina corriente y extra monto:alto
Gas vehicular,244180,alimentacion,False,DANE_ENIG,1,gas vehicular monto:alto
Combustible diesel,255429,alimentacion,False,DANE_ENIG,1,combustible diesel monto:alto
"Aditivos, valvulinas, líquido para frenos, refrigerantes, etc.",10826,alimentacion,False,DANE_ENIG,1,"aditivos, valvulinas, líquido para frenos, refrigerantes, etc. monto:bajo"
"Mantenimiento y reparaciones efectuadas en el taller: engrase, sincronización, revisiones técnicas, ",86994,alimentacion,False,DANE_ENIG,1,"mantenimiento y reparaciones efectuadas en el taller: engrase, sincronización, revisiones técnicas, monto:medio"
Compra y cambio de aceite,15501,alimentacion,False,DANE_ENIG,1,compra y cambio de aceite monto:bajo
Servicios de latonería y pintura,37520,alimentacion,False,DANE_ENIG,1,servicios de latonería y pintura monto:medio
Cuotas a clubes o compañías de servicos especiales para el vehículo,22520,alimentacion,False,DANE_ENIG,1,cuotas a clubes o compañías de servicos especiales para el vehículo monto:bajo
Pago mensual de parqueadero,42813,alimentacion,False,DANE_ENIG,1,pago mensual de parqueadero monto:medio
Pago de parqueadero o parquímetro por horas o días,43680,alimentacion,False,DANE_ENIG,1,pago de parqueadero o parquímetro por horas o días monto:medio
Peajes,51213,alimentacion,False,DANE_ENIG,1,peajes monto:medio
Gastos en licencias y clases de conducción,15567,alimentacion,False,DANE_ENIG,1,gastos en licencias y clases de conducción monto:bajo
Comparendos y multas por infracciones,90111,alimentacion,False,DANE_ENIG,1,comparendos y multas por infracciones monto:medio
Certificado de gases y otras revisiones ordenadas por ley,3879,alimentacion,True,DANE_ENIG,1,certificado de gases y otras revisiones ordenadas por ley monto:bajo
Alquiler de vehículos sin conductor,27631,alimentacion,False,DANE_ENIG,1,alquiler de vehículos sin conductor monto:bajo
Pasaje en tren,36546,alimentacion,False,DANE_ENIG,1,pasaje en tren monto:medio
Pasaje en metro,63235,alimentacion,False,DANE_ENIG,1,pasaje en metro monto:medio
"Pasaje en bus, buseta y colectivo",80778,alimentacion,False,DANE_ENIG,1,"pasaje en bus, buseta y colectivo monto:medio"
"Pasaje en Transmilenio, MIO, etc",64868,alimentacion,False,DANE_ENIG,1,"pasaje en transmilenio, mio, etc monto:medio"
Taxi urbano,85223,alimentacion,False,DANE_ENIG,1,taxi urbano monto:medio
"Otros transporte urbano: servicio pirata, bicitaxi, mototaxi, funicular, telesfésrico, etc.",40223,alimentacion,False,DANE_ENIG,1,"otros transporte urbano: servicio pirata, bicitaxi, mototaxi, funicular, telesfésrico, etc. monto:medio"
"Pasaje intermunicipal en bus, buseta, colectivo, taxi, aero vans, chiva, campero, etc.",55729,alimentacion,False,DANE_ENIG,1,"pasaje intermunicipal en bus, buseta, colectivo, taxi, aero vans, chiva, campero, etc. monto:medio"
Pasaje en transporte internacional terrestre,46058,alimentacion,False,DANE_ENIG,1,pasaje en transporte internacional terrestre monto:medio
Transporte de equipajes por vía terrestre,88305,alimentacion,False,DANE_ENIG,1,transporte de equipajes por vía terrestre monto:medio
Alquiler de vehículo con conductor,604987,alimentacion,False,DANE_ENIG,1,alquiler de vehículo con conductor monto:alto
Otro tipo de transporte intermunicipal,69153,alimentacion,False,DANE_ENIG,1,otro tipo de transporte intermunicipal monto:medio
Pasaje en transporte interveredal y a ciudades dormitorio,116820,alimentacion,False,DANE_ENIG,1,pasaje en transporte interveredal y a ciudades dormitorio monto:medio
Transporte escolar prestado por el colegio (con buses propios o con empresa contratada),92026,alimentacion,False,DANE_ENIG,1,transporte escolar prestado por el colegio (con buses propios o con empresa contratada) monto:medio
Transporte escolar particular contratado por los padres,75579,alimentacion,False,DANE_ENIG,1,transporte escolar particular contratado por los padres monto:medio
Transporte de pasajeros y equipaje en avión (incluye pagos por exceso de equipaje),1171804,alimentacion,False,DANE_ENIG,1,transporte de pasajeros y equipaje en avión (incluye pagos por exceso de equipaje) monto:alto
Transporte de pasajeros y equipajes en helicóptero,4453,alimentacion,True,DANE_ENIG,1,transporte de pasajeros y equipajes en helicóptero monto:bajo
"Transporte de pasajeros y equipajes por mar, rios, caños, lagos, etc. En buque, navío, aerodeslizado",49549,alimentacion,False,DANE_ENIG,1,"transporte de pasajeros y equipajes por mar, rios, caños, lagos, etc. en buque, navío, aerodeslizado monto:medio"
"Transporte de pasajeros y equipajes por mar, rios, caños, lagos, etc. En ferry, planchon, canoa y la",63093,alimentacion,False,DANE_ENIG,1,"transporte de pasajeros y equipajes por mar, rios, caños, lagos, etc. en ferry, planchon, canoa y la monto:medio"
Gastos por dos o más medios de transporte cuando el gasto no se puede discriminar,73102,alimentacion,False,DANE_ENIG,1,gastos por dos o más medios de transporte cuando el gasto no se puede discriminar monto:medio
Servicios de remoción de escombros,10635,alimentacion,False,DANE_ENIG,1,servicios de remoción de escombros monto:bajo
Servicios de almacenamiento y depósito de equipaje,795,alimentacion,True,DANE_ENIG,1,servicios de almacenamiento y depósito de equipaje monto:bajo
Servicio de trasteos y mudanzas,8020,alimentacion,True,DANE_ENIG,1,servicio de trasteos y mudanzas monto:bajo
"Envío de cartas, correspondencia, paquetes o encomiendas por correo (incluye compra de postales con ",21163,tecnologia,False,DANE_ENIG,1,"envío de cartas, correspondencia, paquetes o encomiendas por correo (incluye compra de postales con monto:bajo"
Pago por servicio de envío de giros postales,31015,tecnologia,False,DANE_ENIG,1,pago por servicio de envío de giros postales monto:medio
Apartado Aéreo,1625,tecnologia,False,DANE_ENIG,1,apartado aéreo monto:bajo
Compra de teléfonos fijos y accesorios,5631,tecnologia,False,DANE_ENIG,1,compra de teléfonos fijos y accesorios monto:bajo
Compra de fax,9484,tecnologia,False,DANE_ENIG,1,compra de fax monto:bajo
"Reparación de teléfonos fijos, de fax y de accesorios",1925,tecnologia,False,DANE_ENIG,1,"reparación de teléfonos fijos, de fax y de accesorios monto:bajo"
Compra de celular y accesorios,17758,tecnologia,False,DANE_ENIG,1,compra de celular y accesorios monto:bajo
"Compra de radioteléfono, bepper, Avantel y accesorios",6225,tecnologia,False,DANE_ENIG,1,"compra de radioteléfono, bepper, avantel y accesorios monto:bajo"
"Servicios telegráficos: Telegramas, telex y fax",3997,tecnologia,False,DANE_ENIG,1,"servicios telegráficos: telegramas, telex y fax monto:bajo"
"Llamadas locales desde teléfonos públicos, cabinas telefónicas y monederos",14580,tecnologia,False,DANE_ENIG,1,"llamadas locales desde teléfonos públicos, cabinas telefónicas y monederos monto:bajo"
"Llamadas de larga distancia nacional o internacional desde teléfonos públicos, cabinas telefónicas, ",14354,tecnologia,False,DANE_ENIG,1,"llamadas de larga distancia nacional o internacional desde teléfonos públicos, cabinas telefónicas, monto:bajo"
Pago de llamadas por minuto desde celular en la calle a cualquier destino,16845,tecnologia,False,DANE_ENIG,1,pago de llamadas por minuto desde celular en la calle a cualquier destino monto:bajo
Teléfono residencial (local y larga distancia),38669,tecnologia,False,DANE_ENIG,1,teléfono residencial (local y larga distancia) monto:medio
Instalación y reconexión de línea telefónica residencial,7520,tecnologia,False,DANE_ENIG,1,instalación y reconexión de línea telefónica residencial monto:bajo
Pago de servicio de telefono celular postpago,95865,tecnologia,False,DANE_ENIG,1,pago de servicio de telefono celular postpago monto:medio
Activación y reactivación de teléfono celular,3938,tecnologia,False,DANE_ENIG,1,activación y reactivación de teléfono celular monto:bajo
Pago por servicio de beeper o Avantel,11619,tecnologia,False,DANE_ENIG,1,pago por servicio de beeper o avantel monto:bajo
"Pago por suscripción a internet (banda ancha, acceso telefónico, acceso inalámbrico, etc.)",4552,tecnologia,False,DANE_ENIG,1,"pago por suscripción a internet (banda ancha, acceso telefónico, acceso inalámbrico, etc.) monto:bajo"
Pago de internet según demanda o por tiempo de uso,22389,tecnologia,False,DANE_ENIG,1,pago de internet según demanda o por tiempo de uso monto:bajo
Pago por servicio de Internet según plan,61421,tecnologia,False,DANE_ENIG,1,pago por servicio de internet según plan monto:medio
Servicios de café internet,16307,tecnologia,False,DANE_ENIG,1,servicios de café internet monto:bajo
Pago por descargas de internet y suscripción a páginas web,30574,tecnologia,False,DANE_ENIG,1,pago por descargas de internet y suscripción a páginas web monto:medio
Tarjetas prepago para celular,22559,tecnologia,False,DANE_ENIG,1,tarjetas prepago para celular monto:bajo
"Otras tarjetas prepago: local, larga distancia, internet, etc.",17231,tecnologia,False,DANE_ENIG,1,"otras tarjetas prepago: local, larga distancia, internet, etc. monto:bajo"
"Equipos de sonido, radiolas y tocadiscos",37438,alimentacion,False,DANE_ENIG,1,"equipos de sonido, radiolas y tocadiscos monto:medio"
Reproductores de CD,12203,alimentacion,False,DANE_ENIG,1,reproductores de cd monto:bajo
"Radio, radioreloj, grabadoras, radiograbadora",9066,alimentacion,True,DANE_ENIG,1,"radio, radioreloj, grabadoras, radiograbadora monto:bajo"
"Walkman, diskman",17986,alimentacion,False,DANE_ENIG,1,"walkman, diskman monto:bajo"
"Radio o equipo de sonido para vehículos (casetera, CD y MP3)",32205,alimentacion,False,DANE_ENIG,1,"radio o equipo de sonido para vehículos (casetera, cd y mp3) monto:medio"
"Amplificadores de sonido, altavoces, equalizadores, bafles, micrófonos, audífonos, sintonizadores, a",43061,alimentacion,False,DANE_ENIG,1,"amplificadores de sonido, altavoces, equalizadores, bafles, micrófonos, audífonos, sintonizadores, a monto:medio"
"Otros equipos para la recepción, grabación y reproducción de sonido",31817,alimentacion,False,DANE_ENIG,1,"otros equipos para la recepción, grabación y reproducción de sonido monto:medio"
Televisor blanco y negro,13022,alimentacion,False,DANE_ENIG,1,televisor blanco y negro monto:bajo
Televisor a color convencional,33696,alimentacion,False,DANE_ENIG,1,televisor a color convencional monto:medio
Televisor de plasma o pantalla crsital liquido (LCD),102759,alimentacion,False,DANE_ENIG,1,televisor de plasma o pantalla crsital liquido (lcd) monto:medio
Antenas de televisión,2943,alimentacion,True,DANE_ENIG,1,antenas de televisión monto:bajo
VHS,10689,alimentacion,False,DANE_ENIG,1,vhs monto:bajo
DVD,11469,alimentacion,False,DANE_ENIG,1,dvd monto:bajo
Teatro en casa,15852,alimentacion,False,DANE_ENIG,1,teatro en casa monto:bajo
Cámaras fotográficas,31254,alimentacion,False,DANE_ENIG,1,cámaras fotográficas monto:medio
Proyectores de diapositivas,266667,alimentacion,False,DANE_ENIG,1,proyectores de diapositivas monto:alto
"Accesorios de fotografía: Flash, lentes, medidores de luz, filtros, trípodes, equipo para revelado, ",7251,alimentacion,True,DANE_ENIG,1,"accesorios de fotografía: flash, lentes, medidores de luz, filtros, trípodes, equipo para revelado, monto:bajo"
Cámaras de video,60967,alimentacion,False,DANE_ENIG,1,cámaras de video monto:medio
"Proyectores de películas, video beams, proyectores de opacos, acetatos, etc",92313,alimentacion,False,DANE_ENIG,1,"proyectores de películas, video beams, proyectores de opacos, acetatos, etc monto:medio"
"Instrumentos ópticos: Microscopios, telescopios, lupas, binóculos, brújulas, etc",1948,alimentacion,True,DANE_ENIG,1,"instrumentos ópticos: microscopios, telescopios, lupas, binóculos, brújulas, etc monto:bajo"
"Computadores personales, portátiles y de bolsillo",124697,alimentacion,False,DANE_ENIG,1,"computadores personales, portátiles y de bolsillo monto:medio"
Monitores,26948,alimentacion,False,DANE_ENIG,1,monitores monto:bajo
Impresoras,18815,alimentacion,False,DANE_ENIG,1,impresoras monto:bajo
Escáner,20433,alimentacion,False,DANE_ENIG,1,escáner monto:bajo
"Agendas electrónicas, diccionarios electrónicos y procesadores de texto",70204,alimentacion,False,DANE_ENIG,1,"agendas electrónicas, diccionarios electrónicos y procesadores de texto monto:medio"
"Reproductores digitales de música, video e imagen (MP3, MP4, Ipod, etc.)",15465,alimentacion,False,DANE_ENIG,1,"reproductores digitales de música, video e imagen (mp3, mp4, ipod, etc.) monto:bajo"
Máquinas de escribir manuales y eléctricas,2291,alimentacion,True,DANE_ENIG,1,máquinas de escribir manuales y eléctricas monto:bajo
Calculadoras,3039,alimentacion,True,DANE_ENIG,1,calculadoras monto:bajo
"Otros aparatos de tratamiento de información: servidores, etc.",7824,alimentacion,True,DANE_ENIG,1,"otros aparatos de tratamiento de información: servidores, etc. monto:bajo"
"Software tipo Office: procesadores de palabra, hojas de cálculo, software para hacer presentaciones ",10141,alimentacion,False,DANE_ENIG,1,"software tipo office: procesadores de palabra, hojas de cálculo, software para hacer presentaciones monto:bajo"
"Software especializado: de medicina, financiero, de diseño y dibujo, paquetes estadísticos y similar",36073,alimentacion,False,DANE_ENIG,1,"software especializado: de medicina, financiero, de diseño y dibujo, paquetes estadísticos y similar monto:medio"
Software de entretenimiento para computadores,12596,alimentacion,False,DANE_ENIG,1,software de entretenimiento para computadores monto:bajo
Antivirus,3277,alimentacion,True,DANE_ENIG,1,antivirus monto:bajo
"Webcam, Dispositivos de joystick y similares, Mouse, Teclados, Parlantes para computador, Cables par",4633,alimentacion,True,DANE_ENIG,1,"webcam, dispositivos de joystick y similares, mouse, teclados, parlantes para computador, cables par monto:bajo"
"Módem, Tarjetas de video, Tarjetas de sonido, unidades de diskette, unidades de DVD",7885,alimentacion,True,DANE_ENIG,1,"módem, tarjetas de video, tarjetas de sonido, unidades de diskette, unidades de dvd monto:bajo"
"Memoria RAM, Procesador, Board, switch de red, disco duro",12289,alimentacion,False,DANE_ENIG,1,"memoria ram, procesador, board, switch de red, disco duro monto:bajo"
"Memoria de USB, memory sticks, tarjetas SD, lectores de SD",10534,alimentacion,False,DANE_ENIG,1,"memoria de usb, memory sticks, tarjetas sd, lectores de sd monto:bajo"
"Otros accesorios para computador: Forros, Pad mouse, etc.",6326,alimentacion,True,DANE_ENIG,1,"otros accesorios para computador: forros, pad mouse, etc. monto:bajo"
Casetes pregrabados de audio,15801,alimentacion,False,DANE_ENIG,1,casetes pregrabados de audio monto:bajo
Casetes pregrabados de video,10477,alimentacion,False,DANE_ENIG,1,casetes pregrabados de video monto:bajo
Disquetes pregrabados (excluir software y videojuegos),9077,alimentacion,True,DANE_ENIG,1,disquetes pregrabados (excluir software y videojuegos) monto:bajo
CD´s y DVD´s pregrabados (excluir software y videojuegos),18962,alimentacion,False,DANE_ENIG,1,cd´s y dvd´s pregrabados (excluir software y videojuegos) monto:bajo
Discos de acetato pregrabados,26191,alimentacion,False,DANE_ENIG,1,discos de acetato pregrabados monto:bajo
"Cintas, casetes, CD´s, DVD´s y disquetes vírgenes",11084,alimentacion,False,DANE_ENIG,1,"cintas, casetes, cd´s, dvd´s y disquetes vírgenes monto:bajo"
"Material para uso fotográfico: Rollos, cartuchos, discos vírgenes para uso otográfico y cinematográf",13908,alimentacion,False,DANE_ENIG,1,"material para uso fotográfico: rollos, cartuchos, discos vírgenes para uso otográfico y cinematográf monto:bajo"
Reparación de equipos y accesorios audiovisuales,7028,alimentacion,True,DANE_ENIG,1,reparación de equipos y accesorios audiovisuales monto:bajo
Reparación de equipos y accesorios fotográficos,20490,alimentacion,False,DANE_ENIG,1,reparación de equipos y accesorios fotográficos monto:bajo
"Equipo y accesorios para deportes: pesas, balones, mallas, bicicletas estáticas, mesas de ping pong,",6434,alimentacion,True,DANE_ENIG,1,"equipo y accesorios para deportes: pesas, balones, mallas, bicicletas estáticas, mesas de ping pong, monto:bajo"
"Instrumentos musicales: Armónicas, flautas, maracas, tambores, baterías, guitarras, órganos, pianos,",21642,alimentacion,False,DANE_ENIG,1,"instrumentos musicales: armónicas, flautas, maracas, tambores, baterías, guitarras, órganos, pianos, monto:bajo"
Accesorios para instrumentos musicales,37084,alimentacion,False,DANE_ENIG,1,accesorios para instrumentos musicales monto:medio
Mantenimiento y reparación de instrumentos musicales y de equipos relacionados con deportes y ocio t,9451,alimentacion,True,DANE_ENIG,1,mantenimiento y reparación de instrumentos musicales y de equipos relacionados con deportes y ocio t monto:bajo
"Juegos de mesa: cartas, naipes, dominó, ajedrez, parqués, damas chinas, rumi-q, etc.",1913,alimentacion,True,DANE_ENIG,1,"juegos de mesa: cartas, naipes, dominó, ajedrez, parqués, damas chinas, rumi-q, etc. monto:bajo"
"Juguetes: carros, trenes, muñecas, loterias, peluches, rompecabezas, sonajeros,  armatodos, bromas, ",25049,alimentacion,False,DANE_ENIG,1,"juguetes: carros, trenes, muñecas, loterias, peluches, rompecabezas, sonajeros,  armatodos, bromas, monto:bajo"
"Bicicletas para niño(a), triciclos, columpios",9033,alimentacion,True,DANE_ENIG,1,"bicicletas para niño(a), triciclos, columpios monto:bajo"
"Consolas para juegos electrónicos: Play Station, nintendos, X-box, gameboy, etc.",39427,alimentacion,False,DANE_ENIG,1,"consolas para juegos electrónicos: play station, nintendos, x-box, gameboy, etc. monto:medio"
Casetes y CD ROM de video juegos,12905,alimentacion,False,DANE_ENIG,1,casetes y cd rom de video juegos monto:bajo
"Disfraces (vestidos, máscaras, accesorios)",3541,alimentacion,True,DANE_ENIG,1,"disfraces (vestidos, máscaras, accesorios) monto:bajo"
"Adornos navideños (árboles de navidad, guirnaldas, etc), pólvora y fuegos artificiales",5562,alimentacion,True,DANE_ENIG,1,"adornos navideños (árboles de navidad, guirnaldas, etc), pólvora y fuegos artificiales monto:bajo"
"Artículos para fiestas: piñatas, serpentinas, confetis, bombas plásticas, recordatorios, etc.",38374,alimentacion,False,DANE_ENIG,1,"artículos para fiestas: piñatas, serpentinas, confetis, bombas plásticas, recordatorios, etc. monto:medio"
"Artículos de colección: monedas, estampillas, álbumes para estampillas, billetes, etc.",6003,alimentacion,True,DANE_ENIG,1,"artículos de colección: monedas, estampillas, álbumes para estampillas, billetes, etc. monto:bajo"
"Equipo y accesorios para camping: carpas, colchonetas aislantes o térmicas, linternas, asadores o es",5620,alimentacion,True,DANE_ENIG,1,"equipo y accesorios para camping: carpas, colchonetas aislantes o térmicas, linternas, asadores o es monto:bajo"
"Calzado para deportes: patines, guayos, zapatos para golf, zapatillas para atletismo, clavos para al",30099,alimentacion,False,DANE_ENIG,1,"calzado para deportes: patines, guayos, zapatos para golf, zapatillas para atletismo, clavos para al monto:medio"
"Equipos para pesca y caza: cañas y otros equipos para pescar, armas de fuego y municiones",6343,alimentacion,True,DANE_ENIG,1,"equipos para pesca y caza: cañas y otros equipos para pescar, armas de fuego y municiones monto:bajo"
Flores sueltas o por docena,52980,alimentacion,False,DANE_ENIG,1,flores sueltas o por docena monto:medio
"Plantas naturales: Ramos de flores, matas, arbustos",13773,alimentacion,False,DANE_ENIG,1,"plantas naturales: ramos de flores, matas, arbustos monto:bajo"
"Coronas, flores para funerales, hojas verdes",4042,alimentacion,True,DANE_ENIG,1,"coronas, flores para funerales, hojas verdes monto:bajo"
Plantas artificiales: Flores (sueltas o en ramo) y matas,24535,alimentacion,False,DANE_ENIG,1,plantas artificiales: flores (sueltas o en ramo) y matas monto:bajo
"Semillas, bulbos de plantas, césped, fertilizantes, fungicidas, abonos, materas, macetas y tiestos p",21465,alimentacion,False,DANE_ENIG,1,"semillas, bulbos de plantas, césped, fertilizantes, fungicidas, abonos, materas, macetas y tiestos p monto:bajo"
"Animales domésticos y mascotas: perros, gatos, pájaros, conejos, peces, etc.",3259,alimentacion,True,DANE_ENIG,1,"animales domésticos y mascotas: perros, gatos, pájaros, conejos, peces, etc. monto:bajo"
Alimentos para animales domésticos y mascotas,30496,alimentacion,False,DANE_ENIG,1,alimentos para animales domésticos y mascotas monto:medio
"Productos para animales domésticos y mascotas, productos de veterinaria, para el cuidado e higiene (",22710,alimentacion,False,DANE_ENIG,1,"productos para animales domésticos y mascotas, productos de veterinaria, para el cuidado e higiene ( monto:bajo"
"Servicios de veterinaria y de otro tipo para animales domésticos: cuidado, salón",40584,alimentacion,False,DANE_ENIG,1,"servicios de veterinaria y de otro tipo para animales domésticos: cuidado, salón monto:medio"
"Entrada a Ferias (del libro, artesanal, etc)",24275,alimentacion,False,DANE_ENIG,1,"entrada a ferias (del libro, artesanal, etc) monto:bajo"
"Gastos en parques, parques de diversiones, juegos mecánicos (no incluir pago de paquetes de paseos d",44474,alimentacion,False,DANE_ENIG,1,"gastos en parques, parques de diversiones, juegos mecánicos (no incluir pago de paquetes de paseos d monto:medio"
Gastos en bazares y fiestas populares,37702,alimentacion,False,DANE_ENIG,1,gastos en bazares y fiestas populares monto:medio
"Servicio de profesores o instructores particulares en clases recreativas y deportivas (bridge, ajedr",72179,alimentacion,False,DANE_ENIG,1,"servicio de profesores o instructores particulares en clases recreativas y deportivas (bridge, ajedr monto:medio"
"Servicio de profesores o instructores particulares en clases de formación artístartística (música, b",37349,alimentacion,False,DANE_ENIG,1,"servicio de profesores o instructores particulares en clases de formación artístartística (música, b monto:medio"
"Gastos en fiestas del hogar (matrimonios, cumpleaños, bautizos, navidad)",43564,alimentacion,False,DANE_ENIG,1,"gastos en fiestas del hogar (matrimonios, cumpleaños, bautizos, navidad) monto:medio"
Gastos en juegos electrónicos y maquinitas (daytona y otras) en estableciemientos públicos,39402,alimentacion,False,DANE_ENIG,1,gastos en juegos electrónicos y maquinitas (daytona y otras) en estableciemientos públicos monto:medio
Entrada a espectáculos deportivos,32452,alimentacion,False,DANE_ENIG,1,entrada a espectáculos deportivos monto:medio
"Alquiler de instalaciones o canchas deportivas para la práctica de deportes (bolos, tenis, golfito, ",97358,alimentacion,False,DANE_ENIG,1,"alquiler de instalaciones o canchas deportivas para la práctica de deportes (bolos, tenis, golfito, monto:medio"
Pago por servicios de gimnasio,12989,alimentacion,False,DANE_ENIG,1,pago por servicios de gimnasio monto:bajo
Cuotas a clubes sociales y deportivos,129612,alimentacion,False,DANE_ENIG,1,cuotas a clubes sociales y deportivos monto:medio
"Servicio de billar, tejo, rana y ping pong",57640,alimentacion,False,DANE_ENIG,1,"servicio de billar, tejo, rana y ping pong monto:medio"
"Alquiler de equipo, accesorios y calzado para deporte y recreación",10564,alimentacion,False,DANE_ENIG,1,"alquiler de equipo, accesorios y calzado para deporte y recreación monto:bajo"
Entradas a cine,32106,alimentacion,False,DANE_ENIG,1,entradas a cine monto:medio
Entradas a teatro,49903,alimentacion,False,DANE_ENIG,1,entradas a teatro monto:medio
"Entradas a espectáculos musicales: conciertos, óperas, ballets, zarzuela, etc.",16131,alimentacion,False,DANE_ENIG,1,"entradas a espectáculos musicales: conciertos, óperas, ballets, zarzuela, etc. monto:bajo"
Entradas a circos y otros espectáculos afines,5930,alimentacion,True,DANE_ENIG,1,entradas a circos y otros espectáculos afines monto:bajo
Entradas a plazas de toros,28350,alimentacion,False,DANE_ENIG,1,entradas a plazas de toros monto:bajo
"Entradas a museos, galerías de arte y exhibiciones",20830,alimentacion,False,DANE_ENIG,1,"entradas a museos, galerías de arte y exhibiciones monto:bajo"
"Entradas a bibliotecas, hemerotecas y archivos",60552,alimentacion,False,DANE_ENIG,1,"entradas a bibliotecas, hemerotecas y archivos monto:medio"
Entradas a parques nacionales y Reservas naturales,4960,alimentacion,True,DANE_ENIG,1,entradas a parques nacionales y reservas naturales monto:bajo
"Entradas a jardines botánicos, zoológicos y acuarios",19475,alimentacion,False,DANE_ENIG,1,"entradas a jardines botánicos, zoológicos y acuarios monto:bajo"
"Entradas a monumentos nacionales (sitios históricos, etc) y zonas arqueológicas",5369,alimentacion,True,DANE_ENIG,1,"entradas a monumentos nacionales (sitios históricos, etc) y zonas arqueológicas monto:bajo"
"Suscripción, instalación, conexión o reconexión a televisión por cable, satelital, digitalizada o an",2498,alimentacion,True,DANE_ENIG,1,"suscripción, instalación, conexión o reconexión a televisión por cable, satelital, digitalizada o an monto:bajo"
"Pago por servicio de televisión por cable, satelital, digitalizada o antena parabolica",22685,alimentacion,False,DANE_ENIG,1,"pago por servicio de televisión por cable, satelital, digitalizada o antena parabolica monto:bajo"
"Alquiler de TV y equipos de video: televisores, reproductoras de video, radios, etc.",17051,alimentacion,False,DANE_ENIG,1,"alquiler de tv y equipos de video: televisores, reproductoras de video, radios, etc. monto:bajo"
"Alquiler de películas, videos musicales y videojuegos",9444,alimentacion,True,DANE_ENIG,1,"alquiler de películas, videos musicales y videojuegos monto:bajo"
"Servicios fotográficos: fotografías, revelado, ampliaciones, impresión de fotografías digitales, ser",25013,alimentacion,False,DANE_ENIG,1,"servicios fotográficos: fotografías, revelado, ampliaciones, impresión de fotografías digitales, ser monto:bajo"
"Otros servicios culturales: músicos, payasos, recreacionistas y otros",4301,alimentacion,True,DANE_ENIG,1,"otros servicios culturales: músicos, payasos, recreacionistas y otros monto:bajo"
"Loterías, chance, baloto y similares",26402,alimentacion,False,DANE_ENIG,1,"loterías, chance, baloto y similares monto:bajo"
Rifas y sorteos (diferentes a loterías),17988,alimentacion,False,DANE_ENIG,1,rifas y sorteos (diferentes a loterías) monto:bajo
"Casinos, máquinas tragamonedas y bingos",65108,alimentacion,False,DANE_ENIG,1,"casinos, máquinas tragamonedas y bingos monto:medio"
Libros sueltos de lectura,51603,alimentacion,False,DANE_ENIG,1,libros sueltos de lectura monto:medio
Atlas y diccionarios,7375,alimentacion,True,DANE_ENIG,1,atlas y diccionarios monto:bajo
"Enciclopedias, obras completas y colecciones",11017,alimentacion,False,DANE_ENIG,1,"enciclopedias, obras completas y colecciones monto:bajo"
"Fascículos y tomos de enciclopedias, obras completas o colecciones",136008,alimentacion,False,DANE_ENIG,1,"fascículos y tomos de enciclopedias, obras completas o colecciones monto:medio"
Encuadernación de libros,12351,alimentacion,False,DANE_ENIG,1,encuadernación de libros monto:bajo
Libros técnicos y libros especializados,96385,alimentacion,False,DANE_ENIG,1,libros técnicos y libros especializados monto:medio
Lista de útiles escolares completa,11263,alimentacion,False,DANE_ENIG,1,lista de útiles escolares completa monto:bajo
"Libros de texto: textos guías para clase (incluye libros de literatura, poesía, etc, requeridos en c",8650,alimentacion,True,DANE_ENIG,1,"libros de texto: textos guías para clase (incluye libros de literatura, poesía, etc, requeridos en c monto:bajo"
Compra diaria de periódicos,15116,alimentacion,False,DANE_ENIG,1,compra diaria de periódicos monto:bajo
Suscripción a periódicos,10267,alimentacion,False,DANE_ENIG,1,suscripción a periódicos monto:bajo
"Compra de revistas sueltas, fotonovelas, cuentos y cuadernillos para colorear",8142,alimentacion,True,DANE_ENIG,1,"compra de revistas sueltas, fotonovelas, cuentos y cuadernillos para colorear monto:bajo"
Suscripción a revistas y otras publicaciones periódicas,7953,alimentacion,True,DANE_ENIG,1,suscripción a revistas y otras publicaciones periódicas monto:bajo
"Catálogos, material publicitario, tarjetas de invitación o felicitación, arteles, postales, calendar",23603,alimentacion,False,DANE_ENIG,1,"catálogos, material publicitario, tarjetas de invitación o felicitación, arteles, postales, calendar monto:bajo"
Mapas y globos terráqueos,1020,alimentacion,True,DANE_ENIG,1,mapas y globos terráqueos monto:bajo
"Cuadernos (cosidos, grapados, argollados, plastificados, etc.) y blocks",18649,alimentacion,False,DANE_ENIG,1,"cuadernos (cosidos, grapados, argollados, plastificados, etc.) y blocks monto:bajo"
"Libretas, agendas, diarios personales y libros de contabilidad",5100,alimentacion,True,DANE_ENIG,1,"libretas, agendas, diarios personales y libros de contabilidad monto:bajo"
"Hojas sueltas de papel (oficio, carta, cuadriculado, mantequilla, carbón), cartulina y otro tipo de ",5252,alimentacion,True,DANE_ENIG,1,"hojas sueltas de papel (oficio, carta, cuadriculado, mantequilla, carbón), cartulina y otro tipo de monto:bajo"
Resmas de papel (carta u oficio),9375,alimentacion,True,DANE_ENIG,1,resmas de papel (carta u oficio) monto:bajo
"Otros artículos de papeleria: fólderes, sobres (carta o manila), forros, rótulos",6726,alimentacion,True,DANE_ENIG,1,"otros artículos de papeleria: fólderes, sobres (carta o manila), forros, rótulos monto:bajo"
"Lápices, portaminas, minas, talápices y borradores",4103,alimentacion,True,DANE_ENIG,1,"lápices, portaminas, minas, talápices y borradores monto:bajo"
"Bolígrafos, plumasters, estilógrafos, plumas, marcadores y resaltadores",3980,alimentacion,True,DANE_ENIG,1,"bolígrafos, plumasters, estilógrafos, plumas, marcadores y resaltadores monto:bajo"
"Tintas (para estilógrafo, china y otras), plantillas de dibujo, almohadillas, líquidos correctores, ",16869,alimentacion,False,DANE_ENIG,1,"tintas (para estilógrafo, china y otras), plantillas de dibujo, almohadillas, líquidos correctores, monto:bajo"
"Lienzos, telas para dibujo y pintura",69598,alimentacion,False,DANE_ENIG,1,"lienzos, telas para dibujo y pintura monto:medio"
Pinceles para dibujo,3380,alimentacion,True,DANE_ENIG,1,pinceles para dibujo monto:bajo
"Vinilos, témperas, acuarelas, óleos, carboncillos, cajas de colores, crayolas, plastilina, otras pin",7071,alimentacion,True,DANE_ENIG,1,"vinilos, témperas, acuarelas, óleos, carboncillos, cajas de colores, crayolas, plastilina, otras pin monto:bajo"
"Otros artículos para manualidades (repujadores, troqueladores, enrolladores, etc",16803,alimentacion,False,DANE_ENIG,1,"otros artículos para manualidades (repujadores, troqueladores, enrolladores, etc monto:bajo"
"Perforadoras, cortadoras, tijeras, grapadoras",679,alimentacion,True,DANE_ENIG,1,"perforadoras, cortadoras, tijeras, grapadoras monto:bajo"
"Pegamentos, cintas, colbones, gomas, adhesivos, bisturís, grapas, clips, broches",3784,alimentacion,True,DANE_ENIG,1,"pegamentos, cintas, colbones, gomas, adhesivos, bisturís, grapas, clips, broches monto:bajo"
"Reglas, escuadras, compaces, transportadores y otros instrumentos de geometría.",6840,alimentacion,True,DANE_ENIG,1,"reglas, escuadras, compaces, transportadores y otros instrumentos de geometría. monto:bajo"
"Estuches para lápices, pizarras, tiza, yeso para actividades educativas, madera balso etc.",5524,alimentacion,True,DANE_ENIG,1,"estuches para lápices, pizarras, tiza, yeso para actividades educativas, madera balso etc. monto:bajo"
"Paquetes turísticos completos: Gira turística completa (incluye pasajes, alojamiento, alimentación, ",159853,alimentacion,False,DANE_ENIG,1,"paquetes turísticos completos: gira turística completa (incluye pasajes, alojamiento, alimentación, monto:alto"
"Pago de paquete por viajes de excursión, peregrinaje o convivencia de menos de un día (sin pernoctar",24437,alimentacion,False,DANE_ENIG,1,"pago de paquete por viajes de excursión, peregrinaje o convivencia de menos de un día (sin pernoctar monto:bajo"
Matrícula e inscripción en preescolar,8467,servicios,False,DANE_ENIG,1,matrícula e inscripción en preescolar monto:bajo
Pensiones en preescolar,78088,servicios,False,DANE_ENIG,1,pensiones en preescolar monto:medio
Bonos escolares en preescolar,2607,servicios,False,DANE_ENIG,1,bonos escolares en preescolar monto:bajo
Asociación de padres de familia en preescolar,1998,servicios,False,DANE_ENIG,1,asociación de padres de familia en preescolar monto:bajo
"Uniformes (diario, gala, deportes) en preescolar",7257,servicios,False,DANE_ENIG,1,"uniformes (diario, gala, deportes) en preescolar monto:bajo"
"Otros gastos en preescolar no especificados anteriormente (aportes para rifas, eventos especiales y ",19257,servicios,False,DANE_ENIG,1,"otros gastos en preescolar no especificados anteriormente (aportes para rifas, eventos especiales y monto:bajo"
Matrícula e inscripción en primaria,8040,servicios,False,DANE_ENIG,1,matrícula e inscripción en primaria monto:bajo
Pensiones en primaria,105816,servicios,False,DANE_ENIG,1,pensiones en primaria monto:medio
Bonos escolares en primaria,9041,servicios,False,DANE_ENIG,1,bonos escolares en primaria monto:bajo
Asociación de padres de familia en primaria,2161,servicios,False,DANE_ENIG,1,asociación de padres de familia en primaria monto:bajo
"Uniformes (diario, gala, deportes) en primaria",8364,servicios,False,DANE_ENIG,1,"uniformes (diario, gala, deportes) en primaria monto:bajo"
"Otros gastos en primaria no especificados anteriormente (aportes para rifas, eventos especiales y co",12210,servicios,False,DANE_ENIG,1,"otros gastos en primaria no especificados anteriormente (aportes para rifas, eventos especiales y co monto:bajo"
Matrícula e inscripción en educación para niños con necesidades educativas especiales,9322,servicios,False,DANE_ENIG,1,matrícula e inscripción en educación para niños con necesidades educativas especiales monto:bajo
Pensiones en educación de niños con necesidades educativas especiales,82906,servicios,False,DANE_ENIG,1,pensiones en educación de niños con necesidades educativas especiales monto:medio
"Otros gastos en enseñanza de niños con necesidades educativas especiales (aportes para rifas, evento",14064,servicios,False,DANE_ENIG,1,"otros gastos en enseñanza de niños con necesidades educativas especiales (aportes para rifas, evento monto:bajo"
Matriculas e inscripción en secundaria,11128,servicios,False,DANE_ENIG,1,matriculas e inscripción en secundaria monto:bajo
Pensiones en secundaria,134036,servicios,False,DANE_ENIG,1,pensiones en secundaria monto:medio
Bonos escolares en secundaria,4987,servicios,False,DANE_ENIG,1,bonos escolares en secundaria monto:bajo
Asociación de padres de familia en secundaria,2429,servicios,False,DANE_ENIG,1,asociación de padres de familia en secundaria monto:bajo
"Uniformes (diario, gala, deportes) en secundaria",10093,servicios,False,DANE_ENIG,1,"uniformes (diario, gala, deportes) en secundaria monto:bajo"
"Otros gastos en secundaria no especificados anteriormente (aportes para rifas, eventos especiales y ",22558,servicios,False,DANE_ENIG,1,"otros gastos en secundaria no especificados anteriormente (aportes para rifas, eventos especiales y monto:bajo"
Inscripciones y matrículas en carreras universitarias (no incluye postgrado),198144,servicios,False,DANE_ENIG,1,inscripciones y matrículas en carreras universitarias (no incluye postgrado) monto:alto
Inscripciones y matrículas en carreras técnicas y tecnológicas,64294,servicios,False,DANE_ENIG,1,inscripciones y matrículas en carreras técnicas y tecnológicas monto:medio
"Inscripciones y matrículas en postgrados (especialización, maestría, doctorado)",259080,servicios,False,DANE_ENIG,1,"inscripciones y matrículas en postgrados (especialización, maestría, doctorado) monto:alto"
Otros gastos en educación superior (pregrados y postgrados),63566,servicios,False,DANE_ENIG,1,otros gastos en educación superior (pregrados y postgrados) monto:medio
"Cursos de educación no formal en academias o instituciones de idiomas, informática, moda y confecció",140413,servicios,False,DANE_ENIG,1,"cursos de educación no formal en academias o instituciones de idiomas, informática, moda y confecció monto:medio"
Cursos de educación no formal en academias o instituciones de deportes,99659,servicios,False,DANE_ENIG,1,cursos de educación no formal en academias o instituciones de deportes monto:medio
Cursos de educación no formal en academias o instituciones de formación artística,134858,servicios,False,DANE_ENIG,1,cursos de educación no formal en academias o instituciones de formación artística monto:medio
"Diplomados, educación continuada, preicfes, preuniversitarios",36068,servicios,False,DANE_ENIG,1,"diplomados, educación continuada, preicfes, preuniversitarios monto:medio"
Educación para adultos y validaciones,8419,servicios,False,DANE_ENIG,1,educación para adultos y validaciones monto:bajo
Pago a instituciones por asesoría de tareas,69323,servicios,False,DANE_ENIG,1,pago a instituciones por asesoría de tareas monto:medio
Clases académicas dictadas por particulares,40270,servicios,False,DANE_ENIG,1,clases académicas dictadas por particulares monto:medio
Desayunos completos,45806,alimentacion,False,DANE_ENIG,1,desayunos completos monto:medio
Almuerzos completos,117264,alimentacion,False,DANE_ENIG,1,almuerzos completos monto:medio
Comidas completas,64294,alimentacion,False,DANE_ENIG,1,comidas completas monto:medio
"Tiquetera para alimentos preparados, excepto en establecimientos educativos",84794,alimentacion,False,DANE_ENIG,1,"tiquetera para alimentos preparados, excepto en establecimientos educativos monto:medio"
"Platos diversos: Pollo asado, carne asada, arroz chino, lechona y similares",43457,alimentacion,False,DANE_ENIG,1,"platos diversos: pollo asado, carne asada, arroz chino, lechona y similares monto:medio"
"Bebidas calientes en cafeterías y similares: Tinto, café con leche, chocolate, té, bebida achocolata",11158,alimentacion,False,DANE_ENIG,1,"bebidas calientes en cafeterías y similares: tinto, café con leche, chocolate, té, bebida achocolata monto:bajo"
Gaseosa y otros refrescos,17823,alimentacion,False,DANE_ENIG,1,gaseosa y otros refrescos monto:bajo
Jugos naturales,10177,alimentacion,False,DANE_ENIG,1,jugos naturales monto:bajo
Leche tomada fuera del hogar,7521,alimentacion,True,DANE_ENIG,1,leche tomada fuera del hogar monto:bajo
"Yogurt, kumis",8251,alimentacion,True,DANE_ENIG,1,"yogurt, kumis monto:bajo"
"Masato, mazamorra, chicha, avena helada, malteada, agua de panela fria y similar",5896,alimentacion,True,DANE_ENIG,1,"masato, mazamorra, chicha, avena helada, malteada, agua de panela fria y similar monto:bajo"
Agua mineral,8177,alimentacion,True,DANE_ENIG,1,agua mineral monto:bajo
"Helados, paletas, conos y similares",12223,alimentacion,False,DANE_ENIG,1,"helados, paletas, conos y similares monto:bajo"
"Ensaladas de frutas, frutas sueltas, fresas con crema",13756,alimentacion,False,DANE_ENIG,1,"ensaladas de frutas, frutas sueltas, fresas con crema monto:bajo"
Galletas de sal y de dulce,5516,alimentacion,True,DANE_ENIG,1,galletas de sal y de dulce monto:bajo
"Pan, almojábanas, buñuelos, pandeyucas, arepas y similares",14741,alimentacion,False,DANE_ENIG,1,"pan, almojábanas, buñuelos, pandeyucas, arepas y similares monto:bajo"
"Emparedados, empanadas, bollos, envueltos, tamales, pastel de pollo, perros calientes, hamburguesas,",22021,alimentacion,False,DANE_ENIG,1,"emparedados, empanadas, bollos, envueltos, tamales, pastel de pollo, perros calientes, hamburguesas, monto:bajo"
"Brownies, obleas, ponques, bizcochos, milhojas y similares",9879,alimentacion,True,DANE_ENIG,1,"brownies, obleas, ponques, bizcochos, milhojas y similares monto:bajo"
"Productos de salsamentaria y fritanga: chorizos, jamones, rellenas y similares",9076,alimentacion,True,DANE_ENIG,1,"productos de salsamentaria y fritanga: chorizos, jamones, rellenas y similares monto:bajo"
"Quesos, cuajadas y quesillos",12882,alimentacion,False,DANE_ENIG,1,"quesos, cuajadas y quesillos monto:bajo"
Huevos preparados,4084,alimentacion,True,DANE_ENIG,1,huevos preparados monto:bajo
"Arequipes, bocadillos, gelatinas y similares",5176,alimentacion,True,DANE_ENIG,1,"arequipes, bocadillos, gelatinas y similares monto:bajo"
"Frituras: papas fritas, chitos, patacones y similares",7520,alimentacion,True,DANE_ENIG,1,"frituras: papas fritas, chitos, patacones y similares monto:bajo"
"Dulces, confites, chocolatinas, bombones",6861,alimentacion,True,DANE_ENIG,1,"dulces, confites, chocolatinas, bombones monto:bajo"
"Cócteles de camarones, ostras y similares",15078,alimentacion,False,DANE_ENIG,1,"cócteles de camarones, ostras y similares monto:bajo"
"Onces, medias nueves, media mañana, algo, entredía, recreo",31316,alimentacion,False,DANE_ENIG,1,"onces, medias nueves, media mañana, algo, entredía, recreo monto:medio"
"Gastos en discotecas, bares, griles, tabernas y similares (comida, bebidas, cover)",74224,alimentacion,False,DANE_ENIG,1,"gastos en discotecas, bares, griles, tabernas y similares (comida, bebidas, cover) monto:medio"
"Gastos en bebidas alcohólicas (cerveza, aguardiente, ron, etc) en tiendas, fondas rurales y al aire ",59038,alimentacion,False,DANE_ENIG,1,"gastos en bebidas alcohólicas (cerveza, aguardiente, ron, etc) en tiendas, fondas rurales y al aire monto:medio"
"Pago mensual por alimentación de estudiantes en establecimiento educativo (restaurantes escolares, u",61901,alimentacion,False,DANE_ENIG,1,"pago mensual por alimentación de estudiantes en establecimiento educativo (restaurantes escolares, u monto:medio"
Pago en comedores comunitarios,13547,alimentacion,False,DANE_ENIG,1,pago en comedores comunitarios monto:bajo
"Pago de alimentos recibidos por niños menores de 3 años en jardín, preescolar, guardería",15423,alimentacion,False,DANE_ENIG,1,"pago de alimentos recibidos por niños menores de 3 años en jardín, preescolar, guardería monto:bajo"
Valor imputado de alimentos que pagaria a precios de mercado para menores de 3 años,73104,alimentacion,False,DANE_ENIG,1,valor imputado de alimentos que pagaria a precios de mercado para menores de 3 años monto:medio
Pago de alimentos recibidos por personas de 3 años y más en el plantel,8481,alimentacion,True,DANE_ENIG,1,pago de alimentos recibidos por personas de 3 años y más en el plantel monto:bajo
Valor imputado de alimentos que pagaria a precios de mercado para personas de 3 años y más,56474,alimentacion,False,DANE_ENIG,1,valor imputado de alimentos que pagaria a precios de mercado para personas de 3 años y más monto:medio
"Servicios de alojamiento en hoteles, pensiones, posadas y hostales",200161,alimentacion,False,DANE_ENIG,1,"servicios de alojamiento en hoteles, pensiones, posadas y hostales monto:alto"
Servicios de alojamiento en moteles y residencias,72244,alimentacion,False,DANE_ENIG,1,servicios de alojamiento en moteles y residencias monto:medio
"Servicios de alojamiento en Centros de vacaciones, cabañas, apartamentos, servicios de alquiler en t",29878,alimentacion,False,DANE_ENIG,1,"servicios de alojamiento en centros de vacaciones, cabañas, apartamentos, servicios de alquiler en t monto:bajo"
Servicios de alojamiento por motivo de enseñanza: internados de colegios; residencias estudiantiles;,259896,alimentacion,False,DANE_ENIG,1,servicios de alojamiento por motivo de enseñanza: internados de colegios; residencias estudiantiles; monto:alto
Corte de pelo para hombres y niños,6177,servicios,False,DANE_ENIG,1,corte de pelo para hombres y niños monto:bajo
Afeitado en barberías,5545,servicios,False,DANE_ENIG,1,afeitado en barberías monto:bajo
"Corte de pelo, peinado y alizado para mujeres y niñas",12582,servicios,False,DANE_ENIG,1,"corte de pelo, peinado y alizado para mujeres y niñas monto:bajo"
Tratamientos capilares y faciales,22476,servicios,False,DANE_ENIG,1,tratamientos capilares y faciales monto:bajo
Manicure y pedicure,11592,servicios,False,DANE_ENIG,1,manicure y pedicure monto:bajo
"Teñido de cabello, permanentes y desrizados en salon de belleza",34971,servicios,False,DANE_ENIG,1,"teñido de cabello, permanentes y desrizados en salon de belleza monto:medio"
"Saunas, turcos y masajes no terapéuticos",31582,servicios,False,DANE_ENIG,1,"saunas, turcos y masajes no terapéuticos monto:medio"
Depilaciones,15970,servicios,False,DANE_ENIG,1,depilaciones monto:bajo
"Otros tratamientos de belleza: bronceado en cámara, etc",61254,servicios,False,DANE_ENIG,1,"otros tratamientos de belleza: bronceado en cámara, etc monto:medio"
"Máquinas eléctricas de afeitar, para cortar el pelo y depiladoras",5129,servicios,False,DANE_ENIG,1,"máquinas eléctricas de afeitar, para cortar el pelo y depiladoras monto:bajo"
Pinzas y secadores eléctricos,6921,servicios,False,DANE_ENIG,1,pinzas y secadores eléctricos monto:bajo
"Otros aparatos eléctricos para el cuidado personal: cepillos de dientes, vaporizdores, artículos elé",4584,servicios,False,DANE_ENIG,1,"otros aparatos eléctricos para el cuidado personal: cepillos de dientes, vaporizdores, artículos elé monto:bajo"
Reparación de aparatos eléctricos para el cuidado personal,1892,servicios,False,DANE_ENIG,1,reparación de aparatos eléctricos para el cuidado personal monto:bajo
"Máquina de afeitar no desechables, cuchillas y repuestos para máquinas de afeitar desechables, depil",4065,servicios,False,DANE_ENIG,1,"máquina de afeitar no desechables, cuchillas y repuestos para máquinas de afeitar desechables, depil monto:bajo"
Balanzas personales o pesas,3514,servicios,False,DANE_ENIG,1,balanzas personales o pesas monto:bajo
Jabones de tocador líquidos y en barra,3971,servicios,False,DANE_ENIG,1,jabones de tocador líquidos y en barra monto:bajo
"Champús, acondicionadores, bálsamos, enjuagues, cremas y tratamientos para el cabello (excluir los p",11785,servicios,False,DANE_ENIG,1,"champús, acondicionadores, bálsamos, enjuagues, cremas y tratamientos para el cabello (excluir los p monto:bajo"
"Cremas de afeitar (tubo, aerosol, gel) y lociones para después de la afeitada",8901,servicios,False,DANE_ENIG,1,"cremas de afeitar (tubo, aerosol, gel) y lociones para después de la afeitada monto:bajo"
"Desodorantes (crema, barra, roll-on, aerosol)",8156,servicios,False,DANE_ENIG,1,"desodorantes (crema, barra, roll-on, aerosol) monto:bajo"
"Perfumes, colonias y lociones",53036,servicios,False,DANE_ENIG,1,"perfumes, colonias y lociones monto:medio"
"Artículos para la higiene corporal del bebé: Aceites, cremas, champús, bálsamos, , jabones, colonias",18347,servicios,False,DANE_ENIG,1,"artículos para la higiene corporal del bebé: aceites, cremas, champús, bálsamos, , jabones, colonias monto:bajo"
Otros artículos para higiene corporal,9743,servicios,False,DANE_ENIG,1,otros artículos para higiene corporal monto:bajo
"Cepillos de dientes, hilo y seda dental",5773,servicios,False,DANE_ENIG,1,"cepillos de dientes, hilo y seda dental monto:bajo"
Crema dental y enjuague bucal,5051,servicios,False,DANE_ENIG,1,crema dental y enjuague bucal monto:bajo
"Otros artículos para la higiene oral (blanqueadores, ceras, etc)",6474,servicios,False,DANE_ENIG,1,"otros artículos para la higiene oral (blanqueadores, ceras, etc) monto:bajo"
"Bases para la cara, polvos faciales, pestañinas, labiales, lápices de ceja, delineadores, sombras y ",17862,servicios,False,DANE_ENIG,1,"bases para la cara, polvos faciales, pestañinas, labiales, lápices de ceja, delineadores, sombras y monto:bajo"
"Esmaltes, quitaesmaltes y diluyentes",4719,servicios,False,DANE_ENIG,1,"esmaltes, quitaesmaltes y diluyentes monto:bajo"
"Cremas (nutritivas, limpiadoras, hidratantes, etc.), talcos y polvos para el cueerpo y los pies, bro",17038,servicios,False,DANE_ENIG,1,"cremas (nutritivas, limpiadoras, hidratantes, etc.), talcos y polvos para el cueerpo y los pies, bro monto:bajo"
Tinturas para el cabello,14082,servicios,False,DANE_ENIG,1,tinturas para el cabello monto:bajo
Otros productos de belleza,22972,servicios,False,DANE_ENIG,1,otros productos de belleza monto:bajo
Papel higiénico,7138,servicios,False,DANE_ENIG,1,papel higiénico monto:bajo
"Algodón, esponjas para el cuerpo y copitos",2438,servicios,False,DANE_ENIG,1,"algodón, esponjas para el cuerpo y copitos monto:bajo"
"Toallas desechables: de mano, de cocina, pañuelos desechables, pañitos húmedos",6205,servicios,False,DANE_ENIG,1,"toallas desechables: de mano, de cocina, pañuelos desechables, pañitos húmedos monto:bajo"
"Toallas sanitarias, protectores y tampones",5708,servicios,False,DANE_ENIG,1,"toallas sanitarias, protectores y tampones monto:bajo"
"Protectores para brassier, mamadores, succionadores y pezoneras",7977,servicios,False,DANE_ENIG,1,"protectores para brassier, mamadores, succionadores y pezoneras monto:bajo"
Pañales desechables,20285,servicios,False,DANE_ENIG,1,pañales desechables monto:bajo
Pañales para incontinencia,25597,servicios,False,DANE_ENIG,1,pañales para incontinencia monto:bajo
Otros productos para el aseo personal,7390,servicios,False,DANE_ENIG,1,otros productos para el aseo personal monto:bajo
Servicios prestados por personas para entretenimiento privado de adultos (strippers y otros),25399,servicios,False,DANE_ENIG,1,servicios prestados por personas para entretenimiento privado de adultos (strippers y otros) monto:bajo
"Anillos, argollas, sortijas, aretes, pendientes, prendedores y alfileres para corbata, mancornas en ",28431,servicios,False,DANE_ENIG,1,"anillos, argollas, sortijas, aretes, pendientes, prendedores y alfileres para corbata, mancornas en monto:bajo"
"Collares, cadenas, gargantillas, pulseras y manillas en oro y plata.",24510,servicios,False,DANE_ENIG,1,"collares, cadenas, gargantillas, pulseras y manillas en oro y plata. monto:bajo"
Piedras preciosas,49675,servicios,False,DANE_ENIG,1,piedras preciosas monto:medio
"Reparación de artículos de oro, plata y piedras preciosas.",17351,servicios,False,DANE_ENIG,1,"reparación de artículos de oro, plata y piedras preciosas. monto:bajo"
"Relojes de mesa o pared y despertadores, termómetros y barómetros de pared",4168,servicios,False,DANE_ENIG,1,"relojes de mesa o pared y despertadores, termómetros y barómetros de pared monto:bajo"
"Relojes de pulso, de bolsillo y cronómetros",7726,servicios,False,DANE_ENIG,1,"relojes de pulso, de bolsillo y cronómetros monto:bajo"
"Reparación de relojes, cronómetros, termómetros y barómetros de pared",1676,servicios,False,DANE_ENIG,1,"reparación de relojes, cronómetros, termómetros y barómetros de pared monto:bajo"
"Anillos, argollas, sortijas, aretes, pendientes, prendedores de fantasía.",5846,servicios,False,DANE_ENIG,1,"anillos, argollas, sortijas, aretes, pendientes, prendedores de fantasía. monto:bajo"
"Collares, cadenas, gargantillas, pulseras y manillas de fantasía",7009,servicios,False,DANE_ENIG,1,"collares, cadenas, gargantillas, pulseras y manillas de fantasía monto:bajo"
Reparación de artículos de fantasía,2122,servicios,False,DANE_ENIG,1,reparación de artículos de fantasía monto:bajo
"Maletines, portafolios y bolsos de viaje",20685,servicios,False,DANE_ENIG,1,"maletines, portafolios y bolsos de viaje monto:bajo"
Carteras y bolsos de mano,16588,servicios,False,DANE_ENIG,1,carteras y bolsos de mano monto:bajo
"Billeteras, monederos, tarjeteros de bolsillo y portabilletes",10155,servicios,False,DANE_ENIG,1,"billeteras, monederos, tarjeteros de bolsillo y portabilletes monto:bajo"
Bolsos y mochilas para estudiantes,14079,servicios,False,DANE_ENIG,1,bolsos y mochilas para estudiantes monto:bajo
Reparación de artículos de viaje y para el transporte de efectos personales,3433,servicios,False,DANE_ENIG,1,reparación de artículos de viaje y para el transporte de efectos personales monto:bajo
"Coches, caminadores, sillas, sillas para vehículo, cestos y hamacas para bebé",41068,servicios,False,DANE_ENIG,1,"coches, caminadores, sillas, sillas para vehículo, cestos y hamacas para bebé monto:medio"
Portabebés delanteros y de espalda,9296,servicios,False,DANE_ENIG,1,portabebés delanteros y de espalda monto:bajo
Monitores e intercomunicadores para bebé,13043,servicios,False,DANE_ENIG,1,monitores e intercomunicadores para bebé monto:bajo
"Chupos, mamilas, entretenedores",2778,servicios,False,DANE_ENIG,1,"chupos, mamilas, entretenedores monto:bajo"
Pañaleras,8698,servicios,False,DANE_ENIG,1,pañaleras monto:bajo
"Otros artículos para bebé (bañeras, correas para bebé, etc)",9838,servicios,False,DANE_ENIG,1,"otros artículos para bebé (bañeras, correas para bebé, etc) monto:bajo"
Reparación de artículos para bebé,47236,servicios,False,DANE_ENIG,1,reparación de artículos para bebé monto:medio
"Artículos para fumador: Pipas, encendedores no desechables, pitilleras y cortapuros",1186,servicios,False,DANE_ENIG,1,"artículos para fumador: pipas, encendedores no desechables, pitilleras y cortapuros monto:bajo"
"Artículos personales varios: gafas de sol, lentes de contacto cosmeticos, bastones, paraguas y sombr",21342,servicios,False,DANE_ENIG,1,"artículos personales varios: gafas de sol, lentes de contacto cosmeticos, bastones, paraguas y sombr monto:bajo"
"Artículos de funeraria: Ataúdes, lápidas y urnas",51342,servicios,False,DANE_ENIG,1,"artículos de funeraria: ataúdes, lápidas y urnas monto:medio"
"Residencias para ancianos, hogares geriátricos, hogares para personas con limitaciones físicas o men",215205,servicios,False,DANE_ENIG,1,"residencias para ancianos, hogares geriátricos, hogares para personas con limitaciones físicas o men monto:alto"
Asistencia en el hogar para el cuidado y mantenimiento de personas con limitaciones,105286,servicios,False,DANE_ENIG,1,asistencia en el hogar para el cuidado y mantenimiento de personas con limitaciones monto:medio
"Pagos mensuales en guardería o salacunas: pensión, alimentación, etc",42046,servicios,False,DANE_ENIG,1,"pagos mensuales en guardería o salacunas: pensión, alimentación, etc monto:medio"
"Pagos anuales en guarderías o salacunas: matrícula, materiales, etc",8101,servicios,False,DANE_ENIG,1,"pagos anuales en guarderías o salacunas: matrícula, materiales, etc monto:bajo"
Cuidado de niños fuera del hogar (niñeras fuera del hogar),48864,servicios,False,DANE_ENIG,1,cuidado de niños fuera del hogar (niñeras fuera del hogar) monto:medio
Pago mensual por seguridad social en salud en regímenes contributivo o especial,70308,servicios,False,DANE_ENIG,1,pago mensual por seguridad social en salud en regímenes contributivo o especial monto:medio
"Pagos adicionales de EPS, diferentes al nucleo familiar (UPC)",42868,servicios,False,DANE_ENIG,1,"pagos adicionales de eps, diferentes al nucleo familiar (upc) monto:medio"
Pago mensual por afiliación al fondo de pensiones,45583,servicios,False,DANE_ENIG,1,pago mensual por afiliación al fondo de pensiones monto:medio
Aportes voluntarios a fondos de pensiones y cesantías,134908,servicios,False,DANE_ENIG,1,aportes voluntarios a fondos de pensiones y cesantías monto:medio
Seguro de vida y de educación (ahorro programado),19262,servicios,False,DANE_ENIG,1,seguro de vida y de educación (ahorro programado) monto:bajo
"Seguro relacionado con la vivienda (robo, incendio, terremoto, terrorismo, etc)",12159,servicios,False,DANE_ENIG,1,"seguro relacionado con la vivienda (robo, incendio, terremoto, terrorismo, etc) monto:bajo"
Pago anual por medicina prepagada,139480,servicios,False,DANE_ENIG,1,pago anual por medicina prepagada monto:medio
Seguro estudiantil,1422,servicios,False,DANE_ENIG,1,seguro estudiantil monto:bajo
"Seguros relacionados con la salud: Médico, Maternidad, Neonatal, ambulancia, de accidentes, etc.",14070,servicios,False,DANE_ENIG,1,"seguros relacionados con la salud: médico, maternidad, neonatal, ambulancia, de accidentes, etc. monto:bajo"
Pago de Seguro Obligatorio SOAT,18090,servicios,False,DANE_ENIG,1,pago de seguro obligatorio soat monto:bajo
Pago de Seguro de vehículos contra todo riesgo,63033,servicios,False,DANE_ENIG,1,pago de seguro de vehículos contra todo riesgo monto:medio
"Otros Seguros relacionados con el transporte: Seguro de Vuelo, Seguro de viaje y equipaje",156245,servicios,False,DANE_ENIG,1,"otros seguros relacionados con el transporte: seguro de vuelo, seguro de viaje y equipaje monto:alto"
Otros seguros: Seguros de responsabilidad civil por lesiones o daños a terceros,7147,servicios,False,DANE_ENIG,1,otros seguros: seguros de responsabilidad civil por lesiones o daños a terceros monto:bajo
Pago de póliza de cumplimiento por contrato a término fijo,87548,servicios,False,DANE_ENIG,1,pago de póliza de cumplimiento por contrato a término fijo monto:medio
Comisiones bancarias por transferencias y giros,12642,servicios,False,DANE_ENIG,1,comisiones bancarias por transferencias y giros monto:bajo
"Compra, custodia y corretaje de valores, títulos financieros, CDT´s y acciones",782774,servicios,False,DANE_ENIG,1,"compra, custodia y corretaje de valores, títulos financieros, cdt´s y acciones monto:alto"
Cuota de manejo de tarjeta débito o crédito,18792,servicios,False,DANE_ENIG,1,cuota de manejo de tarjeta débito o crédito monto:bajo
Cuotas por crédito para adquisición de vehículos,465431,servicios,False,DANE_ENIG,1,cuotas por crédito para adquisición de vehículos monto:alto
"Cuotas o pagos por préstamos de consumo realizados a Bancos, Cooperativas y Fondos (excluir cuotas d",353603,servicios,False,DANE_ENIG,1,"cuotas o pagos por préstamos de consumo realizados a bancos, cooperativas y fondos (excluir cuotas d monto:alto"
"Pago del ultimo recibo por tarjetas de crédito (Diners, Credibanco, Visa, etc.),",302318,servicios,False,DANE_ENIG,1,"pago del ultimo recibo por tarjetas de crédito (diners, credibanco, visa, etc.), monto:alto"
Cuotas de amortización de vivienda para uso del hogar diferentes a la que habita,543556,servicios,False,DANE_ENIG,1,cuotas de amortización de vivienda para uso del hogar diferentes a la que habita monto:alto
Cuotas mensuales por adquisición de bienes raíces diferentes a vivienda,379504,servicios,False,DANE_ENIG,1,cuotas mensuales por adquisición de bienes raíces diferentes a vivienda monto:alto
Cuotas o pagos por préstamos adquiridos con particulares y organizaciones del sector no financiero,194519,servicios,False,DANE_ENIG,1,cuotas o pagos por préstamos adquiridos con particulares y organizaciones del sector no financiero monto:alto
Compra de vivienda,5287555,servicios,False,DANE_ENIG,1,compra de vivienda monto:alto
"Compra de terrenos, lotes, locales, fincas, parcelas y similares",1186847,servicios,False,DANE_ENIG,1,"compra de terrenos, lotes, locales, fincas, parcelas y similares monto:alto"
Dineros ahorrados el último mes,687419,servicios,False,DANE_ENIG,1,dineros ahorrados el último mes monto:alto
Dineros dados en préstamo a otras personas,573705,servicios,False,DANE_ENIG,1,dineros dados en préstamo a otras personas monto:alto
Otros Servicios de Intermediación Financiera,465562,servicios,False,DANE_ENIG,1,otros servicios de intermediación financiera monto:alto
"Cuota de amortización de la vivienda propia, pagándose que habita el hogar",394732,servicios,False,DANE_ENIG,1,"cuota de amortización de la vivienda propia, pagándose que habita el hogar monto:alto"
"Pagos a bancos e instituciones financieras, casas de cambios, etc, por chequeras",98575,servicios,False,DANE_ENIG,1,"pagos a bancos e instituciones financieras, casas de cambios, etc, por chequeras monto:medio"
Cuotas o pagos directos a almacenes y distribuidores por compras a crédito (cluye tarjetas de crédit,110460,servicios,False,DANE_ENIG,1,cuotas o pagos directos a almacenes y distribuidores por compras a crédito (cluye tarjetas de crédit monto:medio
"Honorarios y cargos por servicios de agentes, asesores de inversión, consultores",51097,servicios,False,DANE_ENIG,1,"honorarios y cargos por servicios de agentes, asesores de inversión, consultores monto:medio"
"Pagos de honorarios por: asesoría jurídicas, contratación de personal para el hogar, agencias matrim",50976,servicios,False,DANE_ENIG,1,"pagos de honorarios por: asesoría jurídicas, contratación de personal para el hogar, agencias matrim monto:medio"
Pago por publicación en el diario oficial por contrato a término fijo,149556,servicios,False,DANE_ENIG,1,pago por publicación en el diario oficial por contrato a término fijo monto:medio
"Certificados y documentos administrativos: Cédula de ciudadanía, pasaporte, visas, tarjetas profesio",10689,servicios,False,DANE_ENIG,1,"certificados y documentos administrativos: cédula de ciudadanía, pasaporte, visas, tarjetas profesio monto:bajo"
"Cuotas a asociaciones profesionales, partidos políticos, juntas de acción comunal, aportes y donacio",54519,servicios,False,DANE_ENIG,1,"cuotas a asociaciones profesionales, partidos políticos, juntas de acción comunal, aportes y donacio monto:medio"
Cuotas a instituciones religiosas y diezmo,40482,servicios,False,DANE_ENIG,1,cuotas a instituciones religiosas y diezmo monto:medio
"Derechos religiosos y civiles por entierros,matrimonios, gastos en pompas fúnebres y en otros servic",19884,servicios,False,DANE_ENIG,1,"derechos religiosos y civiles por entierros,matrimonios, gastos en pompas fúnebres y en otros servic monto:bajo"
Pago por noticias y anuncios en la prensa y en páginas web,4843,servicios,False,DANE_ENIG,1,pago por noticias y anuncios en la prensa y en páginas web monto:bajo
Pago por servicio de baños públicos,3832,servicios,False,DANE_ENIG,1,pago por servicio de baños públicos monto:bajo
"Servicio de fotocopias, reducciones, ampliaciones, laminaciones, argollados, impresión de hojas y do",11103,servicios,False,DANE_ENIG,1,"servicio de fotocopias, reducciones, ampliaciones, laminaciones, argollados, impresión de hojas y do monto:bajo"
Servicio de coteros o cargadores,14555,servicios,False,DANE_ENIG,1,servicio de coteros o cargadores monto:bajo
Impuesto predial y de valorización de la(s) vivienda(s) ocupada(s) por el hogar,19745,servicios,False,DANE_ENIG,1,impuesto predial y de valorización de la(s) vivienda(s) ocupada(s) por el hogar monto:bajo
Impuestos del vehiculo,22329,servicios,False,DANE_ENIG,1,impuestos del vehiculo monto:bajo
Impuesto de renta,31998,servicios,False,DANE_ENIG,1,impuesto de renta monto:medio
Otros impuestos (impuesto de timbre),7642,servicios,False,DANE_ENIG,1,otros impuestos (impuesto de timbre) monto:bajo
"Impuesto de industria, comercio y avisos -ICA- o impuesto al valor agregado -IVA",59082,servicios,False,DANE_ENIG,1,"impuesto de industria, comercio y avisos -ica- o impuesto al valor agregado -iva monto:medio"
Pago o descuento por retención en la fuente,97642,servicios,False,DANE_ENIG,1,pago o descuento por retención en la fuente monto:medio
Pago o descuento por fondo de solidaridad pensional,25666,servicios,False,DANE_ENIG,1,pago o descuento por fondo de solidaridad pensional monto:bajo
Mesadas a estudiantes y personas no perceptoras de ingresos para gastos diarios,59568,servicios,False,DANE_ENIG,1,mesadas a estudiantes y personas no perceptoras de ingresos para gastos diarios monto:medio
Remesas de dinero a otros hogares para sostenimiento de personas a cargo del hogar,259739,servicios,False,DANE_ENIG,1,remesas de dinero a otros hogares para sostenimiento de personas a cargo del hogar monto:alto
"Planes de protección social a personas ajenas al hogar (Plan Canitas, Gotas de agua)",4552,servicios,False,DANE_ENIG,1,"planes de protección social a personas ajenas al hogar (plan canitas, gotas de agua) monto:bajo"
Arroz para seco,29917,alimentacion,False,DANE_ENIG,1,arroz para seco monto:bajo
Arroz para sopa,1488,alimentacion,True,DANE_ENIG,1,arroz para sopa monto:bajo
Arroz integral,356,alimentacion,True,DANE_ENIG,1,arroz integral monto:bajo
"Pastas o fideos para sopa: letras, conchitas, etc.",4640,alimentacion,True,DANE_ENIG,1,"pastas o fideos para sopa: letras, conchitas, etc. monto:bajo"
"Pastas para seco: espaguetis, raviolis, macarrones, tallarines, etc.",4689,alimentacion,True,DANE_ENIG,1,"pastas para seco: espaguetis, raviolis, macarrones, tallarines, etc. monto:bajo"
Avena molida,1971,alimentacion,True,DANE_ENIG,1,avena molida monto:bajo
Avena en hojuelas,1782,alimentacion,True,DANE_ENIG,1,avena en hojuelas monto:bajo
Cebada perlada,845,alimentacion,True,DANE_ENIG,1,cebada perlada monto:bajo
Cuchuco de cebada,742,alimentacion,True,DANE_ENIG,1,cuchuco de cebada monto:bajo
Cuchuco de trigo,313,alimentacion,True,DANE_ENIG,1,cuchuco de trigo monto:bajo
Harina de trigo,3381,alimentacion,True,DANE_ENIG,1,harina de trigo monto:bajo
Salvado de trigo,540,alimentacion,True,DANE_ENIG,1,salvado de trigo monto:bajo
"Maíz blanco, amarillo, trillado, peto, porva, pira, millo",4841,alimentacion,True,DANE_ENIG,1,"maíz blanco, amarillo, trillado, peto, porva, pira, millo monto:bajo"
Cuchuco de maíz,925,alimentacion,True,DANE_ENIG,1,cuchuco de maíz monto:bajo
Harina de maíz,2189,alimentacion,True,DANE_ENIG,1,harina de maíz monto:bajo
Harina precocida de maíz,1566,alimentacion,True,DANE_ENIG,1,harina precocida de maíz monto:bajo
Fécula de maíz (Maizena),483,alimentacion,True,DANE_ENIG,1,fécula de maíz (maizena) monto:bajo
"Harina para preparar tortas, natilla, buñuelos, etc.",629,alimentacion,True,DANE_ENIG,1,"harina para preparar tortas, natilla, buñuelos, etc. monto:bajo"
Harina para coladas,632,alimentacion,True,DANE_ENIG,1,harina para coladas monto:bajo
Almidones de papa o yuca,15,alimentacion,True,DANE_ENIG,1,almidones de papa o yuca monto:bajo
"Cereales: cornflakes, rice krispis, Zucaritas, Zucosos, fruit loops, trix",1617,alimentacion,True,DANE_ENIG,1,"cereales: cornflakes, rice krispis, zucaritas, zucosos, fruit loops, trix monto:bajo"
Cereales para la alimentación infantil,604,alimentacion,True,DANE_ENIG,1,cereales para la alimentación infantil monto:bajo
"Ajonjolí, soya",597,alimentacion,True,DANE_ENIG,1,"ajonjolí, soya monto:bajo"
"Masas para la preparación de productos de panadería o pastelería (trigo, maíz, soya)",1667,alimentacion,True,DANE_ENIG,1,"masas para la preparación de productos de panadería o pastelería (trigo, maíz, soya) monto:bajo"
Arepas crudas o precocidas,7877,alimentacion,True,DANE_ENIG,1,arepas crudas o precocidas monto:bajo
"Bollos y envueltos precocidos, quiches, tamales",5191,alimentacion,True,DANE_ENIG,1,"bollos y envueltos precocidos, quiches, tamales monto:bajo"
"Gérmen de trigo, lecitina, levadura de cerveza (alimentos naturistas)",458,alimentacion,True,DANE_ENIG,1,"gérmen de trigo, lecitina, levadura de cerveza (alimentos naturistas) monto:bajo"
"Comidas preparadas precocidas a base de cereales (lasagna, pizza, empanadas)",234,alimentacion,True,DANE_ENIG,1,"comidas preparadas precocidas a base de cereales (lasagna, pizza, empanadas) monto:bajo"
Carve,482,alimentacion,True,DANE_ENIG,1,carve monto:bajo
"Pan corriente, con queso, aliñado, mogolla, relleno, pan de coco, calado, tajado, árabe",10240,alimentacion,False,DANE_ENIG,1,"pan corriente, con queso, aliñado, mogolla, relleno, pan de coco, calado, tajado, árabe monto:bajo"
Pan francés,632,alimentacion,True,DANE_ENIG,1,pan francés monto:bajo
Pan integral,1042,alimentacion,True,DANE_ENIG,1,pan integral monto:bajo
Galletas de sal,6732,alimentacion,True,DANE_ENIG,1,galletas de sal monto:bajo
Galletas de dulce (de panadería y de paquete),3385,alimentacion,True,DANE_ENIG,1,galletas de dulce (de panadería y de paquete) monto:bajo
Galletas integrales (de panadería y de paquete),696,alimentacion,True,DANE_ENIG,1,galletas integrales (de panadería y de paquete) monto:bajo
"Otros productos de panadería no mencionados previamente: brownies, obleas, ponques",1706,alimentacion,True,DANE_ENIG,1,"otros productos de panadería no mencionados previamente: brownies, obleas, ponques monto:bajo"
Carne de res sin hueso o pulpa,41611,alimentacion,False,DANE_ENIG,1,carne de res sin hueso o pulpa monto:medio
Carne de res con hueso,21768,alimentacion,False,DANE_ENIG,1,carne de res con hueso monto:bajo
Hueso de res,6180,alimentacion,True,DANE_ENIG,1,hueso de res monto:bajo
Carne molida de res,2901,alimentacion,True,DANE_ENIG,1,carne molida de res monto:bajo
Lengua de res,920,alimentacion,True,DANE_ENIG,1,lengua de res monto:bajo
"Hígado, riñones, corazón, sesos, tripa y otras vísceras de res",1936,alimentacion,True,DANE_ENIG,1,"hígado, riñones, corazón, sesos, tripa y otras vísceras de res monto:bajo"
"Patas, manos, cola y cabeza de res",460,alimentacion,True,DANE_ENIG,1,"patas, manos, cola y cabeza de res monto:bajo"
Carne de cerdo sin hueso o pulpa,13512,alimentacion,False,DANE_ENIG,1,carne de cerdo sin hueso o pulpa monto:bajo
Carne de cerdo con hueso,8079,alimentacion,True,DANE_ENIG,1,carne de cerdo con hueso monto:bajo
Carne molida de cerdo,1690,alimentacion,True,DANE_ENIG,1,carne molida de cerdo monto:bajo
Hueso de cerdo (espinazo y otros huesos),1321,alimentacion,True,DANE_ENIG,1,hueso de cerdo (espinazo y otros huesos) monto:bajo
Tocino y garra,2014,alimentacion,True,DANE_ENIG,1,tocino y garra monto:bajo
"Hígado, riñones, corazón, tripa y otras vísceras de cerdo",1268,alimentacion,True,DANE_ENIG,1,"hígado, riñones, corazón, tripa y otras vísceras de cerdo monto:bajo"
"Patas, manos, cola y cabeza de cerdo",11201,alimentacion,False,DANE_ENIG,1,"patas, manos, cola y cabeza de cerdo monto:bajo"
Carne de gallina o de pollo (entero o en presas),21029,alimentacion,False,DANE_ENIG,1,carne de gallina o de pollo (entero o en presas) monto:bajo
"Carne de pavo, pichón, zuro, palomo, pato, ganso, codorniz",5362,alimentacion,True,DANE_ENIG,1,"carne de pavo, pichón, zuro, palomo, pato, ganso, codorniz monto:bajo"
Menudencias de gallina o pollo,2345,alimentacion,True,DANE_ENIG,1,menudencias de gallina o pollo monto:bajo
"Carne de conejo, liebre, curí o cuy",2133,alimentacion,True,DANE_ENIG,1,"carne de conejo, liebre, curí o cuy monto:bajo"
"Carne de cordero, chivo, cabro",3252,alimentacion,True,DANE_ENIG,1,"carne de cordero, chivo, cabro monto:bajo"
Carne de chigüiro,3311,alimentacion,True,DANE_ENIG,1,carne de chigüiro monto:bajo
"Carne preparada de pavo, pollo,cerdo, lomo ahumado",3734,alimentacion,True,DANE_ENIG,1,"carne preparada de pavo, pollo,cerdo, lomo ahumado monto:bajo"
Mortadela,4033,alimentacion,True,DANE_ENIG,1,mortadela monto:bajo
Salchichas,8679,alimentacion,True,DANE_ENIG,1,salchichas monto:bajo
Jamón y jamoneta,5011,alimentacion,True,DANE_ENIG,1,jamón y jamoneta monto:bajo
Chorizo,2017,alimentacion,True,DANE_ENIG,1,chorizo monto:bajo
Tocineta,1226,alimentacion,True,DANE_ENIG,1,tocineta monto:bajo
"Otros embutidos (longaniza, butifarra, génovas, salchichón, salami, cábanos, patés, etc.)",7265,alimentacion,True,DANE_ENIG,1,"otros embutidos (longaniza, butifarra, génovas, salchichón, salami, cábanos, patés, etc.) monto:bajo"
Carnes frías enlatadas,4337,alimentacion,True,DANE_ENIG,1,carnes frías enlatadas monto:bajo
"Otros alimentos no especificados: Hormigas culonas, etc.",3259,alimentacion,True,DANE_ENIG,1,"otros alimentos no especificados: hormigas culonas, etc. monto:bajo"
Pescado de río fresco o congelado,19929,alimentacion,False,DANE_ENIG,1,pescado de río fresco o congelado monto:bajo
Pescado de mar fresco o congelado,9479,alimentacion,True,DANE_ENIG,1,pescado de mar fresco o congelado monto:bajo
Camarones frescos o congelados,1781,alimentacion,True,DANE_ENIG,1,camarones frescos o congelados monto:bajo
"Pescado y crustáceos enlatados (sardinas, atún, salmón, mejillones, etc)",3384,alimentacion,True,DANE_ENIG,1,"pescado y crustáceos enlatados (sardinas, atún, salmón, mejillones, etc) monto:bajo"
"Otros mariscos, crustáceos y moluscos frescos o congelados",362,alimentacion,True,DANE_ENIG,1,"otros mariscos, crustáceos y moluscos frescos o congelados monto:bajo"
Otros productos de pescado y derivados,1776,alimentacion,True,DANE_ENIG,1,otros productos de pescado y derivados monto:bajo
Leche natural,14780,alimentacion,False,DANE_ENIG,1,leche natural monto:bajo
"Leche pasteurizada (entera, descremada, semidescremada, deslactosada, maternizada)",8753,alimentacion,True,DANE_ENIG,1,"leche pasteurizada (entera, descremada, semidescremada, deslactosada, maternizada) monto:bajo"
"Leche larga vida (entera, descremada, semidescremada, deslactosada, maternizada)",3668,alimentacion,True,DANE_ENIG,1,"leche larga vida (entera, descremada, semidescremada, deslactosada, maternizada) monto:bajo"
Leche en polvo para lactantes,9322,alimentacion,True,DANE_ENIG,1,leche en polvo para lactantes monto:bajo
"Leche en polvo (entera, descremada, semidescremada, maternizada)",14133,alimentacion,False,DANE_ENIG,1,"leche en polvo (entera, descremada, semidescremada, maternizada) monto:bajo"
Queso campesino,16638,alimentacion,False,DANE_ENIG,1,queso campesino monto:bajo
Queso doble crema,3213,alimentacion,True,DANE_ENIG,1,queso doble crema monto:bajo
"Otros quesos: pera, mozarella, paipa, parmesano, etc.",3439,alimentacion,True,DANE_ENIG,1,"otros quesos: pera, mozarella, paipa, parmesano, etc. monto:bajo"
"Cuajada, Quesillo",5838,alimentacion,True,DANE_ENIG,1,"cuajada, quesillo monto:bajo"
"Leche condensada, leche condesada y evaporada",1615,alimentacion,True,DANE_ENIG,1,"leche condensada, leche condesada y evaporada monto:bajo"
Crema de leche,1520,alimentacion,True,DANE_ENIG,1,crema de leche monto:bajo
Yoghurt,9566,alimentacion,True,DANE_ENIG,1,yoghurt monto:bajo
Kumis,2441,alimentacion,True,DANE_ENIG,1,kumis monto:bajo
Suero costeño,7463,alimentacion,True,DANE_ENIG,1,suero costeño monto:bajo
Natas,1734,alimentacion,True,DANE_ENIG,1,natas monto:bajo
Postres lácteos,1639,alimentacion,True,DANE_ENIG,1,postres lácteos monto:bajo
Bebidas lácteas saborizadas no achocolatadas,3943,alimentacion,True,DANE_ENIG,1,bebidas lácteas saborizadas no achocolatadas monto:bajo
Productos lácteos que no contengan leche animal: leche de soya,251,alimentacion,True,DANE_ENIG,1,productos lácteos que no contengan leche animal: leche de soya monto:bajo
Huevos de gallina y otras aves,14282,alimentacion,False,DANE_ENIG,1,huevos de gallina y otras aves monto:bajo
Huevos de iguana y de tortuga,391,alimentacion,True,DANE_ENIG,1,huevos de iguana y de tortuga monto:bajo
"Aceite de girasol, maíz, soya y palma",15893,alimentacion,False,DANE_ENIG,1,"aceite de girasol, maíz, soya y palma monto:bajo"
Aceite de oliva,1365,alimentacion,True,DANE_ENIG,1,aceite de oliva monto:bajo
"Otros aceites comestibles: canola, cacahuete, coco, almendras, dietéticos, etc.",1986,alimentacion,True,DANE_ENIG,1,"otros aceites comestibles: canola, cacahuete, coco, almendras, dietéticos, etc. monto:bajo"
Mantequilla de vaca,1411,alimentacion,True,DANE_ENIG,1,mantequilla de vaca monto:bajo
Margarinas,1847,alimentacion,True,DANE_ENIG,1,margarinas monto:bajo
Manteca vegetal,4662,alimentacion,True,DANE_ENIG,1,manteca vegetal monto:bajo
Manteca de cerdo,325,alimentacion,True,DANE_ENIG,1,manteca de cerdo monto:bajo
"Otras grasas y aceites (aceite de pescado y otros animales marinos, mantequilla de maní)",198,alimentacion,True,DANE_ENIG,1,"otras grasas y aceites (aceite de pescado y otros animales marinos, mantequilla de maní) monto:bajo"
Naranjas,6139,alimentacion,True,DANE_ENIG,1,naranjas monto:bajo
Limones,2375,alimentacion,True,DANE_ENIG,1,limones monto:bajo
Mandarinas,2693,alimentacion,True,DANE_ENIG,1,mandarinas monto:bajo
Toronjas,92,alimentacion,True,DANE_ENIG,1,toronjas monto:bajo
Limas,662,alimentacion,True,DANE_ENIG,1,limas monto:bajo
Bananos,4461,alimentacion,True,DANE_ENIG,1,bananos monto:bajo
Manzanas,4213,alimentacion,True,DANE_ENIG,1,manzanas monto:bajo
Peras,1640,alimentacion,True,DANE_ENIG,1,peras monto:bajo
Melones,1052,alimentacion,True,DANE_ENIG,1,melones monto:bajo
Mango,3820,alimentacion,True,DANE_ENIG,1,mango monto:bajo
Guayabas,3341,alimentacion,True,DANE_ENIG,1,guayabas monto:bajo
Guanábanas,2187,alimentacion,True,DANE_ENIG,1,guanábanas monto:bajo
Zapotes,978,alimentacion,True,DANE_ENIG,1,zapotes monto:bajo
Tamarindo,1604,alimentacion,True,DANE_ENIG,1,tamarindo monto:bajo
Tomate de árbol,3540,alimentacion,True,DANE_ENIG,1,tomate de árbol monto:bajo
Moras,2925,alimentacion,True,DANE_ENIG,1,moras monto:bajo
Curubas,1031,alimentacion,True,DANE_ENIG,1,curubas monto:bajo
Maracuyá,1960,alimentacion,True,DANE_ENIG,1,maracuyá monto:bajo
Lulos,2054,alimentacion,True,DANE_ENIG,1,lulos monto:bajo
Patilla o sandía,1913,alimentacion,True,DANE_ENIG,1,patilla o sandía monto:bajo
Granadillas,1037,alimentacion,True,DANE_ENIG,1,granadillas monto:bajo
Piña,2333,alimentacion,True,DANE_ENIG,1,piña monto:bajo
Papaya,3366,alimentacion,True,DANE_ENIG,1,papaya monto:bajo
Papayuela,124,alimentacion,True,DANE_ENIG,1,papayuela monto:bajo
Uvas (verdes y rojas),2654,alimentacion,True,DANE_ENIG,1,uvas (verdes y rojas) monto:bajo
Fresas,1117,alimentacion,True,DANE_ENIG,1,fresas monto:bajo
Cocos,2112,alimentacion,True,DANE_ENIG,1,cocos monto:bajo
Duraznos,800,alimentacion,True,DANE_ENIG,1,duraznos monto:bajo
Chontaduros,269,alimentacion,True,DANE_ENIG,1,chontaduros monto:bajo
Ciruelas,788,alimentacion,True,DANE_ENIG,1,ciruelas monto:bajo
Aguacate,1496,alimentacion,True,DANE_ENIG,1,aguacate monto:bajo
Chirimoya,1188,alimentacion,True,DANE_ENIG,1,chirimoya monto:bajo
Otras frutas frescas,905,alimentacion,True,DANE_ENIG,1,otras frutas frescas monto:bajo
Frutas congeladas o en pulpa,2826,alimentacion,True,DANE_ENIG,1,frutas congeladas o en pulpa monto:bajo
"Almendras y otras nueces (maní, cacahuete, pistacho, etc)",1359,alimentacion,True,DANE_ENIG,1,"almendras y otras nueces (maní, cacahuete, pistacho, etc) monto:bajo"
"Frutas deshidratadas y cristalizadas: peras, uvas y ciruelas pasas, etc",1142,alimentacion,True,DANE_ENIG,1,"frutas deshidratadas y cristalizadas: peras, uvas y ciruelas pasas, etc monto:bajo"
Tomate,653,alimentacion,True,DANE_ENIG,1,tomate monto:bajo
Cebolla cabezona,5983,alimentacion,True,DANE_ENIG,1,cebolla cabezona monto:bajo
"Cebolla larga o en rama (bermuda, junca)",4918,alimentacion,True,DANE_ENIG,1,"cebolla larga o en rama (bermuda, junca) monto:bajo"
Cebollin,4688,alimentacion,True,DANE_ENIG,1,cebollin monto:bajo
Zanahoria,1641,alimentacion,True,DANE_ENIG,1,zanahoria monto:bajo
Remolacha,3963,alimentacion,True,DANE_ENIG,1,remolacha monto:bajo
Pepino Cohombro,1438,alimentacion,True,DANE_ENIG,1,pepino cohombro monto:bajo
Pimentón,860,alimentacion,True,DANE_ENIG,1,pimentón monto:bajo
Pepino para guisar o rellenar,349,alimentacion,True,DANE_ENIG,1,pepino para guisar o rellenar monto:bajo
Nabos,84,alimentacion,True,DANE_ENIG,1,nabos monto:bajo
Ajos,1465,alimentacion,True,DANE_ENIG,1,ajos monto:bajo
Ají,1301,alimentacion,True,DANE_ENIG,1,ají monto:bajo
Lechuga,955,alimentacion,True,DANE_ENIG,1,lechuga monto:bajo
Espinaca,608,alimentacion,True,DANE_ENIG,1,espinaca monto:bajo
Acelga,901,alimentacion,True,DANE_ENIG,1,acelga monto:bajo
"Repollo, repollitas",1488,alimentacion,True,DANE_ENIG,1,"repollo, repollitas monto:bajo"
Coliflor,461,alimentacion,True,DANE_ENIG,1,coliflor monto:bajo
Brócoli,492,alimentacion,True,DANE_ENIG,1,brócoli monto:bajo
Coles (tallos),329,alimentacion,True,DANE_ENIG,1,coles (tallos) monto:bajo
Apio en rama,615,alimentacion,True,DANE_ENIG,1,apio en rama monto:bajo
Ahuyama,1098,alimentacion,True,DANE_ENIG,1,ahuyama monto:bajo
Calabaza,704,alimentacion,True,DANE_ENIG,1,calabaza monto:bajo
Calabacín,147,alimentacion,True,DANE_ENIG,1,calabacín monto:bajo
Fríjol verde en vaina,1655,alimentacion,True,DANE_ENIG,1,fríjol verde en vaina monto:bajo
Fríjol verde desgranado,1412,alimentacion,True,DANE_ENIG,1,fríjol verde desgranado monto:bajo
Arveja verde en vaina,2673,alimentacion,True,DANE_ENIG,1,arveja verde en vaina monto:bajo
Arveja verde desgranada,2564,alimentacion,True,DANE_ENIG,1,arveja verde desgranada monto:bajo
Habas verdes en vaina,297,alimentacion,True,DANE_ENIG,1,habas verdes en vaina monto:bajo
Habas verdes desgranadas,256,alimentacion,True,DANE_ENIG,1,habas verdes desgranadas monto:bajo
Habichuelas,2583,alimentacion,True,DANE_ENIG,1,habichuelas monto:bajo
Mazorcas y maíz dulce,590,alimentacion,True,DANE_ENIG,1,mazorcas y maíz dulce monto:bajo
Berenjenas,1625,alimentacion,True,DANE_ENIG,1,berenjenas monto:bajo
Champiñones y otros hongos comestibles,396,alimentacion,True,DANE_ENIG,1,champiñones y otros hongos comestibles monto:bajo
"Otras verduras y leguminosas frescas: berros, chachafruto, algas comestibles, etc.",580,alimentacion,True,DANE_ENIG,1,"otras verduras y leguminosas frescas: berros, chachafruto, algas comestibles, etc. monto:bajo"
Verduras frescas amarradas (macitos de la costa atlántica),1836,alimentacion,True,DANE_ENIG,1,verduras frescas amarradas (macitos de la costa atlántica) monto:bajo
"Verduras picadas en bandeja o en bolsa (revuelto verde, macitos)",1801,alimentacion,True,DANE_ENIG,1,"verduras picadas en bandeja o en bolsa (revuelto verde, macitos) monto:bajo"
"Fríjol seco: bolaroja, cargamanto, guarzo, guandul, zaragoza, blanquillo, etc.",10826,alimentacion,False,DANE_ENIG,1,"fríjol seco: bolaroja, cargamanto, guarzo, guandul, zaragoza, blanquillo, etc. monto:bajo"
Arveja seca,2685,alimentacion,True,DANE_ENIG,1,arveja seca monto:bajo
Habas secas,222,alimentacion,True,DANE_ENIG,1,habas secas monto:bajo
Lentejas,4832,alimentacion,True,DANE_ENIG,1,lentejas monto:bajo
Garbanzos,1359,alimentacion,True,DANE_ENIG,1,garbanzos monto:bajo
"Verduras, hortalizas y legumbres enlatadas: arveja, fríjoles, maíz, espárrago, zanahoria, habichuela",6201,alimentacion,True,DANE_ENIG,1,"verduras, hortalizas y legumbres enlatadas: arveja, fríjoles, maíz, espárrago, zanahoria, habichuela monto:bajo"
"Aceitunas, alcaparras, pepinillos y otros encurtidos en tarro",6406,alimentacion,True,DANE_ENIG,1,"aceitunas, alcaparras, pepinillos y otros encurtidos en tarro monto:bajo"
Legumbres y hortalizas deshidratadas,1396,alimentacion,True,DANE_ENIG,1,legumbres y hortalizas deshidratadas monto:bajo
Plátano verde,11856,alimentacion,False,DANE_ENIG,1,plátano verde monto:bajo
Plátano maduro,4364,alimentacion,True,DANE_ENIG,1,plátano maduro monto:bajo
"Colicero, guineo, mataburro",2577,alimentacion,True,DANE_ENIG,1,"colicero, guineo, mataburro monto:bajo"
"Papa común: pastusa, tocarreña, R12",16343,alimentacion,False,DANE_ENIG,1,"papa común: pastusa, tocarreña, r12 monto:bajo"
Papa criolla o amarilla,3452,alimentacion,True,DANE_ENIG,1,papa criolla o amarilla monto:bajo
Yuca,8664,alimentacion,True,DANE_ENIG,1,yuca monto:bajo
Arracacha,1564,alimentacion,True,DANE_ENIG,1,arracacha monto:bajo
Ñame,5226,alimentacion,True,DANE_ENIG,1,ñame monto:bajo
"Ullucos, cubios, hibias, chuguas, rubas",1810,alimentacion,True,DANE_ENIG,1,"ullucos, cubios, hibias, chuguas, rubas monto:bajo"
"Otras raíces y tubérculos: mafafa, achira, batata, etc",1178,alimentacion,True,DANE_ENIG,1,"otras raíces y tubérculos: mafafa, achira, batata, etc monto:bajo"
"Papa, yuca y plátano precocidos",1534,alimentacion,True,DANE_ENIG,1,"papa, yuca y plátano precocidos monto:bajo"
"Harina de plátano, de yuca, de achiras, puré de papas",318,alimentacion,True,DANE_ENIG,1,"harina de plátano, de yuca, de achiras, puré de papas monto:bajo"
Azúcar refinada,8962,alimentacion,True,DANE_ENIG,1,azúcar refinada monto:bajo
Azúcar natural o morena,8722,alimentacion,True,DANE_ENIG,1,azúcar natural o morena monto:bajo
"Endulzantes dietéticos: Aspartame, Fructuosa",12029,alimentacion,False,DANE_ENIG,1,"endulzantes dietéticos: aspartame, fructuosa monto:bajo"
Panela,17729,alimentacion,False,DANE_ENIG,1,panela monto:bajo
Jaleas y mermeladas,1609,alimentacion,True,DANE_ENIG,1,jaleas y mermeladas monto:bajo
Compotas,2595,alimentacion,True,DANE_ENIG,1,compotas monto:bajo
Bocadillos,2429,alimentacion,True,DANE_ENIG,1,bocadillos monto:bajo
Arequipe,4045,alimentacion,True,DANE_ENIG,1,arequipe monto:bajo
"Herpos, tumes y otros dulces de arequipe y bocadillo",45,alimentacion,True,DANE_ENIG,1,"herpos, tumes y otros dulces de arequipe y bocadillo monto:bajo"
Gelatina de pata negra o blanca,1236,alimentacion,True,DANE_ENIG,1,gelatina de pata negra o blanca monto:bajo
"Gelatinas, flanes y pudines en vaso listos para el consumo",1614,alimentacion,True,DANE_ENIG,1,"gelatinas, flanes y pudines en vaso listos para el consumo monto:bajo"
"Miel de abejas, melazas y almíbares",7445,alimentacion,True,DANE_ENIG,1,"miel de abejas, melazas y almíbares monto:bajo"
Pasta de chocolate para ponqué y cobertura de chocolate,1286,alimentacion,True,DANE_ENIG,1,pasta de chocolate para ponqué y cobertura de chocolate monto:bajo
"Dulces, confites, caramelos, bombones, chocolatinas, chicles, masmelos",2189,alimentacion,True,DANE_ENIG,1,"dulces, confites, caramelos, bombones, chocolatinas, chicles, masmelos monto:bajo"
"Helados, conos, paletas, vasitos, refrescos congelados y tortas heladas",4240,alimentacion,True,DANE_ENIG,1,"helados, conos, paletas, vasitos, refrescos congelados y tortas heladas monto:bajo"
"Gelatinas, flanes y pudines en polvo para preparar",2320,alimentacion,True,DANE_ENIG,1,"gelatinas, flanes y pudines en polvo para preparar monto:bajo"
Polvo para preparar helados,409,alimentacion,True,DANE_ENIG,1,polvo para preparar helados monto:bajo
"Frutas en conserva: Melocotón, piña, brevas, etc.",1598,alimentacion,True,DANE_ENIG,1,"frutas en conserva: melocotón, piña, brevas, etc. monto:bajo"
Salsa de tomate,4573,alimentacion,True,DANE_ENIG,1,salsa de tomate monto:bajo
Mayonesa,3073,alimentacion,True,DANE_ENIG,1,mayonesa monto:bajo
"Mostaza, salsa rosada",492,alimentacion,True,DANE_ENIG,1,"mostaza, salsa rosada monto:bajo"
"Otras salsas: salsa de soya, salsa china, salsa tártara, salsa de ají, ají picante",4353,alimentacion,True,DANE_ENIG,1,"otras salsas: salsa de soya, salsa china, salsa tártara, salsa de ají, ají picante monto:bajo"
Vinagre,974,alimentacion,True,DANE_ENIG,1,vinagre monto:bajo
Sal,2904,alimentacion,True,DANE_ENIG,1,sal monto:bajo
Cominos,889,alimentacion,True,DANE_ENIG,1,cominos monto:bajo
Pimienta,392,alimentacion,True,DANE_ENIG,1,pimienta monto:bajo
Tomillo,52,alimentacion,True,DANE_ENIG,1,tomillo monto:bajo
Color,1100,alimentacion,True,DANE_ENIG,1,color monto:bajo
"Ajo en polvo o en pasta, canela, clavos, nuez moscada",614,alimentacion,True,DANE_ENIG,1,"ajo en polvo o en pasta, canela, clavos, nuez moscada monto:bajo"
"Hierbas culinarias: perejil, cilantro, romero, orégano, etc",211,alimentacion,True,DANE_ENIG,1,"hierbas culinarias: perejil, cilantro, romero, orégano, etc monto:bajo"
"Sopas: de vegetales, de carne, de pollo, de pescado, cremas de sobre, sopas para bebe",304,alimentacion,True,DANE_ENIG,1,"sopas: de vegetales, de carne, de pollo, de pescado, cremas de sobre, sopas para bebe monto:bajo"
Caldos y consomés concentrados (cubos y polvo),1664,alimentacion,True,DANE_ENIG,1,caldos y consomés concentrados (cubos y polvo) monto:bajo
Bases para preparar carnes y otros alimentos,284,alimentacion,True,DANE_ENIG,1,bases para preparar carnes y otros alimentos monto:bajo
"Frituras: papas fritas, chitos, maizitos, patacones, besitos, etc",8106,alimentacion,True,DANE_ENIG,1,"frituras: papas fritas, chitos, maizitos, patacones, besitos, etc monto:bajo"
Alimentos precocidos: ajiaco y lechona enlatados y similares,6902,alimentacion,True,DANE_ENIG,1,alimentos precocidos: ajiaco y lechona enlatados y similares monto:bajo
Anchetas,1664,alimentacion,True,DANE_ENIG,1,anchetas monto:bajo
Café molido,9794,alimentacion,True,DANE_ENIG,1,café molido monto:bajo
Café instantáneo en polvo o granulado,4316,alimentacion,True,DANE_ENIG,1,café instantáneo en polvo o granulado monto:bajo
Café en grano,1268,alimentacion,True,DANE_ENIG,1,café en grano monto:bajo
"Otras bebidas preparadas con café instantáneo: capuchino, mocachino, café con leche",514,alimentacion,True,DANE_ENIG,1,"otras bebidas preparadas con café instantáneo: capuchino, mocachino, café con leche monto:bajo"
Chocolate en pastillas (con y sin azúcar),6952,alimentacion,True,DANE_ENIG,1,chocolate en pastillas (con y sin azúcar) monto:bajo
Chocolate instantáneo en polvo o granulado,1499,alimentacion,True,DANE_ENIG,1,chocolate instantáneo en polvo o granulado monto:bajo
Cocoa y chucula,710,alimentacion,True,DANE_ENIG,1,cocoa y chucula monto:bajo
Polvo para preparar bebidas achocolatadas,470,alimentacion,True,DANE_ENIG,1,polvo para preparar bebidas achocolatadas monto:bajo
Bebidas achocolatadas listas para consumir,309,alimentacion,True,DANE_ENIG,1,bebidas achocolatadas listas para consumir monto:bajo
Té,177,alimentacion,True,DANE_ENIG,1,té monto:bajo
"Hierbas aromáticas (secas y frescas), mate",223,alimentacion,True,DANE_ENIG,1,"hierbas aromáticas (secas y frescas), mate monto:bajo"
Agua mineral,6346,alimentacion,True,DANE_ENIG,1,agua mineral monto:bajo
Agua en lata o de carrotanque,8908,alimentacion,True,DANE_ENIG,1,agua en lata o de carrotanque monto:bajo
Hielo,2821,alimentacion,True,DANE_ENIG,1,hielo monto:bajo
Gaseosas,11602,alimentacion,False,DANE_ENIG,1,gaseosas monto:bajo
Maltas,2396,alimentacion,True,DANE_ENIG,1,maltas monto:bajo
Refrescos líquidos empacados (jugos y bebidas hidratantes),2326,alimentacion,True,DANE_ENIG,1,refrescos líquidos empacados (jugos y bebidas hidratantes) monto:bajo
Concentrados para preparar refrescos,4895,alimentacion,True,DANE_ENIG,1,concentrados para preparar refrescos monto:bajo
Aguardiente,26746,alimentacion,False,DANE_ENIG,1,aguardiente monto:bajo
Ron,42083,alimentacion,False,DANE_ENIG,1,ron monto:medio
"Whisky, brandy, vodka, ginebra, cognac, tequila y similares",51972,alimentacion,False,DANE_ENIG,1,"whisky, brandy, vodka, ginebra, cognac, tequila y similares monto:medio"
"Cremas de licor (de amareto, de whisky, etc.), sabajón y ponche crema",15000,alimentacion,False,DANE_ENIG,1,"cremas de licor (de amareto, de whisky, etc.), sabajón y ponche crema monto:bajo"
"Otras bebidas alcohólicas: aperitivos que no sean a base de vino, mezclas de cocteles",20782,alimentacion,False,DANE_ENIG,1,"otras bebidas alcohólicas: aperitivos que no sean a base de vino, mezclas de cocteles monto:bajo"
"Vino, champaña, jerez y aperitivos a base de vino",11737,alimentacion,False,DANE_ENIG,1,"vino, champaña, jerez y aperitivos a base de vino monto:bajo"
Cerveza nacional e importada,23539,alimentacion,False,DANE_ENIG,1,cerveza nacional e importada monto:bajo
Cigarrillos con filtro,12998,alimentacion,False,DANE_ENIG,1,cigarrillos con filtro monto:bajo
Cigarrillos sin filtro,6775,alimentacion,True,DANE_ENIG,1,cigarrillos sin filtro monto:bajo
Tabacos y picadura para pipa o para armar cigarrillos,7054,alimentacion,True,DANE_ENIG,1,tabacos y picadura para pipa o para armar cigarrillos monto:bajo
"Telas para la confección de ropa de hombre, mujer, niño, niña y bebé",6990,alimentacion,True,DANE_ENIG,1,"telas para la confección de ropa de hombre, mujer, niño, niña y bebé monto:bajo"
Camisas para hombre,12360,alimentacion,False,DANE_ENIG,1,camisas para hombre monto:bajo
"Camisetas, franelas, esqueletos, polos para hombre",10499,alimentacion,False,DANE_ENIG,1,"camisetas, franelas, esqueletos, polos para hombre monto:bajo"
"Calzoncillos, pantaloncillos, boxers para hombre",5049,alimentacion,True,DANE_ENIG,1,"calzoncillos, pantaloncillos, boxers para hombre monto:bajo"
Medias y calcetines para hombre,2832,alimentacion,True,DANE_ENIG,1,medias y calcetines para hombre monto:bajo
Pantalones para hombre,14838,alimentacion,False,DANE_ENIG,1,pantalones para hombre monto:bajo
jeans para hombre,18526,alimentacion,False,DANE_ENIG,1,jeans para hombre monto:bajo
"Bermudas, pantalonetas y pantalón corto para hombre",7342,alimentacion,True,DANE_ENIG,1,"bermudas, pantalonetas y pantalón corto para hombre monto:bajo"
"Vestido completo (sólo pantalón, chaqueta y/o chaleco) para hombre",20937,alimentacion,False,DANE_ENIG,1,"vestido completo (sólo pantalón, chaqueta y/o chaleco) para hombre monto:bajo"
"Blazers, chaquetas, chaquetones, chompas y sacos de sport en paño, cuero, gamuza",13080,alimentacion,False,DANE_ENIG,1,"blazers, chaquetas, chaquetones, chompas y sacos de sport en paño, cuero, gamuza monto:bajo"
"Buzos, chalecos, sacos de lana y similares para hombre",10114,alimentacion,False,DANE_ENIG,1,"buzos, chalecos, sacos de lana y similares para hombre monto:bajo"
"Gabardinas, gabanes, abrigos y sobretodos para hombre",20000,alimentacion,False,DANE_ENIG,1,"gabardinas, gabanes, abrigos y sobretodos para hombre monto:bajo"
Capas e impermeables para hombre,8333,alimentacion,True,DANE_ENIG,1,capas e impermeables para hombre monto:bajo
"Sudaderas, trusas y bicicleteros para hombre",11897,alimentacion,False,DANE_ENIG,1,"sudaderas, trusas y bicicleteros para hombre monto:bajo"
Pantalonetas de baño para hombre,6014,alimentacion,True,DANE_ENIG,1,pantalonetas de baño para hombre monto:bajo
Pijamas y batas para hombre,9512,alimentacion,True,DANE_ENIG,1,pijamas y batas para hombre monto:bajo
Otros artículos de vestir para hombre (depotivos y formales),6354,alimentacion,True,DANE_ENIG,1,otros artículos de vestir para hombre (depotivos y formales) monto:bajo
Blusas para mujer,9730,alimentacion,True,DANE_ENIG,1,blusas para mujer monto:bajo
"Camisetas, franelas y bodies para mujer",6985,alimentacion,True,DANE_ENIG,1,"camisetas, franelas y bodies para mujer monto:bajo"
"Pantalones, slacks y chicles para mujer",12718,alimentacion,False,DANE_ENIG,1,"pantalones, slacks y chicles para mujer monto:bajo"
"Shorts, bermudas y pantalonetas para mujer",10887,alimentacion,False,DANE_ENIG,1,"shorts, bermudas y pantalonetas para mujer monto:bajo"
Jeans para mujer,17278,alimentacion,False,DANE_ENIG,1,jeans para mujer monto:bajo
Faldas para mujer,8647,alimentacion,True,DANE_ENIG,1,faldas para mujer monto:bajo
"Brassieres, tops y sostenes para mujer",6334,alimentacion,True,DANE_ENIG,1,"brassieres, tops y sostenes para mujer monto:bajo"
Pantys (interiores) para mujer,4554,alimentacion,True,DANE_ENIG,1,pantys (interiores) para mujer monto:bajo
Media de lana y otros materiales diferente a velada para mujer,2791,alimentacion,True,DANE_ENIG,1,media de lana y otros materiales diferente a velada para mujer monto:bajo
Medias veladas para mujer,6214,alimentacion,True,DANE_ENIG,1,medias veladas para mujer monto:bajo
"Enaguas, fondos y combinaciones para mujer",3834,alimentacion,True,DANE_ENIG,1,"enaguas, fondos y combinaciones para mujer monto:bajo"
Vestidos confeccionados para mujer,15853,alimentacion,False,DANE_ENIG,1,vestidos confeccionados para mujer monto:bajo
"Buzos, chalecos, sacos de lana y similares para mujer",9480,alimentacion,True,DANE_ENIG,1,"buzos, chalecos, sacos de lana y similares para mujer monto:bajo"
"Blazers, chaquetas, chaquetones y sacos de sport en paño, cuero, gamuza y otros",7791,alimentacion,True,DANE_ENIG,1,"blazers, chaquetas, chaquetones y sacos de sport en paño, cuero, gamuza y otros monto:bajo"
"Gabardinas, gabanes, abrigos y sobretodos para mujer",8264,alimentacion,True,DANE_ENIG,1,"gabardinas, gabanes, abrigos y sobretodos para mujer monto:bajo"
"Sudaderas, trusas y bicicleteros para mujer",8501,alimentacion,True,DANE_ENIG,1,"sudaderas, trusas y bicicleteros para mujer monto:bajo"
Traje de baño para mujer,17356,alimentacion,False,DANE_ENIG,1,traje de baño para mujer monto:bajo
Pijamas y batas para mujer,8148,alimentacion,True,DANE_ENIG,1,pijamas y batas para mujer monto:bajo
Otros artículos de vestir para mujer (deportivos y formales),5447,alimentacion,True,DANE_ENIG,1,otros artículos de vestir para mujer (deportivos y formales) monto:bajo
Camisas para niño,8020,alimentacion,True,DANE_ENIG,1,camisas para niño monto:bajo
"Camisetas, franelas, esqueletos, polos para niño",6726,alimentacion,True,DANE_ENIG,1,"camisetas, franelas, esqueletos, polos para niño monto:bajo"
"Calzoncillos, pantaloncillos, boxers para niño",3638,alimentacion,True,DANE_ENIG,1,"calzoncillos, pantaloncillos, boxers para niño monto:bajo"
Medias y calcetines para niño,2135,alimentacion,True,DANE_ENIG,1,medias y calcetines para niño monto:bajo
Pantalones para niño,9324,alimentacion,True,DANE_ENIG,1,pantalones para niño monto:bajo
Jeans para niño,12547,alimentacion,False,DANE_ENIG,1,jeans para niño monto:bajo
"Bermudas, pantalonetas y pantalón corto para niño",5792,alimentacion,True,DANE_ENIG,1,"bermudas, pantalonetas y pantalón corto para niño monto:bajo"
"Vestido completo (sólo pantalón, chaqueta y/o chaleco) para niño",18769,alimentacion,False,DANE_ENIG,1,"vestido completo (sólo pantalón, chaqueta y/o chaleco) para niño monto:bajo"
"Blazers, chaquetas, chompas y sacos de sport en paño, cuero, gamuza y otros materiales para niño",8736,alimentacion,True,DANE_ENIG,1,"blazers, chaquetas, chompas y sacos de sport en paño, cuero, gamuza y otros materiales para niño monto:bajo"
"Buzos, chalecos, sacos de lana y similares para niño",7559,alimentacion,True,DANE_ENIG,1,"buzos, chalecos, sacos de lana y similares para niño monto:bajo"
"Sudaderas, trusas y bicicleteros para niño",8022,alimentacion,True,DANE_ENIG,1,"sudaderas, trusas y bicicleteros para niño monto:bajo"
Pantalonetas de baño para niño,3386,alimentacion,True,DANE_ENIG,1,pantalonetas de baño para niño monto:bajo
Pijamas y batas para niño,8484,alimentacion,True,DANE_ENIG,1,pijamas y batas para niño monto:bajo
Otros artículos de vestir para niño (deportivos y formales),11341,alimentacion,False,DANE_ENIG,1,otros artículos de vestir para niño (deportivos y formales) monto:bajo
Blusas para niña,7102,alimentacion,True,DANE_ENIG,1,blusas para niña monto:bajo
"Camisetas, franelas y bodies para niña",4911,alimentacion,True,DANE_ENIG,1,"camisetas, franelas y bodies para niña monto:bajo"
"Pantalones, slacks y chicles para niña",8597,alimentacion,True,DANE_ENIG,1,"pantalones, slacks y chicles para niña monto:bajo"
"Shorts, bermudas y pantalonetas para niña",5956,alimentacion,True,DANE_ENIG,1,"shorts, bermudas y pantalonetas para niña monto:bajo"
jeans para niña,13316,alimentacion,False,DANE_ENIG,1,jeans para niña monto:bajo
Faldas para niña,7565,alimentacion,True,DANE_ENIG,1,faldas para niña monto:bajo
Vestidos confeccionados para niña,11167,alimentacion,False,DANE_ENIG,1,vestidos confeccionados para niña monto:bajo
"Enaguas, fondos, combinaciones para niña",5000,alimentacion,True,DANE_ENIG,1,"enaguas, fondos, combinaciones para niña monto:bajo"
Pantys (interiores) para niña,3168,alimentacion,True,DANE_ENIG,1,pantys (interiores) para niña monto:bajo
"Brassieres, sostenes, tops y acostumbradores para niña",3980,alimentacion,True,DANE_ENIG,1,"brassieres, sostenes, tops y acostumbradores para niña monto:bajo"
"Media tobillera, media pantalón, media media (velada, de lana y otros materiales",2150,alimentacion,True,DANE_ENIG,1,"media tobillera, media pantalón, media media (velada, de lana y otros materiales monto:bajo"
"Buzos, chalecos, sacos de lana y similares para niña",6195,alimentacion,True,DANE_ENIG,1,"buzos, chalecos, sacos de lana y similares para niña monto:bajo"
"Blazers, chaquetas, chaquetones y sacos de sport en paño, cuero, gamuza y otros",6667,alimentacion,True,DANE_ENIG,1,"blazers, chaquetas, chaquetones y sacos de sport en paño, cuero, gamuza y otros monto:bajo"
"Gabardinas, gabanes, abrigos y sobretodos para niña",4503,alimentacion,True,DANE_ENIG,1,"gabardinas, gabanes, abrigos y sobretodos para niña monto:bajo"
"Sudaderas, trusas y bicicleteros para niña",11792,alimentacion,False,DANE_ENIG,1,"sudaderas, trusas y bicicleteros para niña monto:bajo"
Traje de baño para niña,9139,alimentacion,True,DANE_ENIG,1,traje de baño para niña monto:bajo
Pijamas y batas para niña,5779,alimentacion,True,DANE_ENIG,1,pijamas y batas para niña monto:bajo
Otros artículos de vestir para niña (deportivos y formales),13656,alimentacion,False,DANE_ENIG,1,otros artículos de vestir para niña (deportivos y formales) monto:bajo
"Camisitas, franelas para bebé",5264,alimentacion,True,DANE_ENIG,1,"camisitas, franelas para bebé monto:bajo"
"Vestiditos confeccionados para bebé, mamelucos, etc.",7731,alimentacion,True,DANE_ENIG,1,"vestiditos confeccionados para bebé, mamelucos, etc. monto:bajo"
"Escarpines, patines, mitones, zapatos de tela, medias, gorritos y bufandas para bebe",2987,alimentacion,True,DANE_ENIG,1,"escarpines, patines, mitones, zapatos de tela, medias, gorritos y bufandas para bebe monto:bajo"
Pijamitas y talegos para dormir para bebé,7277,alimentacion,True,DANE_ENIG,1,pijamitas y talegos para dormir para bebé monto:bajo
"Buzos, ruanas, sacos de lana y similares para bebé",7524,alimentacion,True,DANE_ENIG,1,"buzos, ruanas, sacos de lana y similares para bebé monto:bajo"
Pañales de tela para bebé,6373,alimentacion,True,DANE_ENIG,1,pañales de tela para bebé monto:bajo
"Pantaloncitos de tela, plástico, caucho y similares para bebé",4252,alimentacion,True,DANE_ENIG,1,"pantaloncitos de tela, plástico, caucho y similares para bebé monto:bajo"
Fajeros y cambiadores,2587,alimentacion,True,DANE_ENIG,1,fajeros y cambiadores monto:bajo
Otros artículos de vestir para bebé,7574,alimentacion,True,DANE_ENIG,1,otros artículos de vestir para bebé monto:bajo
Corbatas y corbatines,5000,alimentacion,True,DANE_ENIG,1,corbatas y corbatines monto:bajo
"Correas, tirantas y calzonarias para hombre",4858,alimentacion,True,DANE_ENIG,1,"correas, tirantas y calzonarias para hombre monto:bajo"
Pañuelos para hombre,1556,alimentacion,True,DANE_ENIG,1,pañuelos para hombre monto:bajo
Ruanas y ponchos para hombre,6162,alimentacion,True,DANE_ENIG,1,ruanas y ponchos para hombre monto:bajo
"Sombreros, gorros, cachuchas, boinas, viseras para hombre",7244,alimentacion,True,DANE_ENIG,1,"sombreros, gorros, cachuchas, boinas, viseras para hombre monto:bajo"
Pañuelos y pañoletas para mujer,5718,alimentacion,True,DANE_ENIG,1,pañuelos y pañoletas para mujer monto:bajo
Cinturones y tirantas para mujer,2663,alimentacion,True,DANE_ENIG,1,cinturones y tirantas para mujer monto:bajo
"Sombreros, gorros, cachuchas, boinas, viseras para mujer",3039,alimentacion,True,DANE_ENIG,1,"sombreros, gorros, cachuchas, boinas, viseras para mujer monto:bajo"
Guantes (de jardinería o de trabajo) en material diferente a caucho,1551,alimentacion,True,DANE_ENIG,1,guantes (de jardinería o de trabajo) en material diferente a caucho monto:bajo
Cascos protectores para ciclista y motociclista,17121,alimentacion,False,DANE_ENIG,1,cascos protectores para ciclista y motociclista monto:bajo
"Hilos, cremalleras, botones, metro de costura, hombreras, encajes, broches, ganchos para ropa, hebil",646,alimentacion,True,DANE_ENIG,1,"hilos, cremalleras, botones, metro de costura, hombreras, encajes, broches, ganchos para ropa, hebil monto:bajo"
"Baberos, broches y ganchos para bebé",2677,alimentacion,True,DANE_ENIG,1,"baberos, broches y ganchos para bebé monto:bajo"
"Madejas de lana y otros materiales para coser, tejer y bordar",1787,alimentacion,True,DANE_ENIG,1,"madejas de lana y otros materiales para coser, tejer y bordar monto:bajo"
"Confección y reparación de prendas de vestir en general (hombre, mujer, niños, niñas)",7038,alimentacion,True,DANE_ENIG,1,"confección y reparación de prendas de vestir en general (hombre, mujer, niños, niñas) monto:bajo"
Lavado y planchado de ropa fuera del hogar (en lavandería u otro hogar),19245,alimentacion,False,DANE_ENIG,1,lavado y planchado de ropa fuera del hogar (en lavandería u otro hogar) monto:bajo
"Alquiler de prendas de vestir en general (hombre mujer, niños, niñas y bebés)",16761,alimentacion,False,DANE_ENIG,1,"alquiler de prendas de vestir en general (hombre mujer, niños, niñas y bebés) monto:bajo"
"Zapatos en cuero, caucho, goma y similares para hombre",19541,alimentacion,False,DANE_ENIG,1,"zapatos en cuero, caucho, goma y similares para hombre monto:bajo"
"Botas en cuero, caucho, goma y similares para hombre",8990,alimentacion,True,DANE_ENIG,1,"botas en cuero, caucho, goma y similares para hombre monto:bajo"
"Tenis, zapatillas y otros zapatos deportivos para hombre (excluyendo zapatos para deportes específic",27963,alimentacion,False,DANE_ENIG,1,"tenis, zapatillas y otros zapatos deportivos para hombre (excluyendo zapatos para deportes específic monto:bajo"
"Pantuflas, sandalias, abuelitas, chanclas, cotizas y alpargatas para hombre",5204,alimentacion,True,DANE_ENIG,1,"pantuflas, sandalias, abuelitas, chanclas, cotizas y alpargatas para hombre monto:bajo"
"Calzado plano en cuero, caucho, goma y similares para mujer",11004,alimentacion,False,DANE_ENIG,1,"calzado plano en cuero, caucho, goma y similares para mujer monto:bajo"
"Calzado de tacón en cuero, caucho, goma y similares para mujer",13059,alimentacion,False,DANE_ENIG,1,"calzado de tacón en cuero, caucho, goma y similares para mujer monto:bajo"
"Botas en cuero, caucho, goma y similares para mujer",12523,alimentacion,False,DANE_ENIG,1,"botas en cuero, caucho, goma y similares para mujer monto:bajo"
"Tenis, zapatillas y otros zapatos deportivos para mujer (excluyendo zapatos para deportes específico",11893,alimentacion,False,DANE_ENIG,1,"tenis, zapatillas y otros zapatos deportivos para mujer (excluyendo zapatos para deportes específico monto:bajo"
"Pantuflas, sandalias, abuelitas, chanclas, cotizas y alpargatas para mujer",6543,alimentacion,True,DANE_ENIG,1,"pantuflas, sandalias, abuelitas, chanclas, cotizas y alpargatas para mujer monto:bajo"
"Zapatos en cuero, caucho, goma y similares para niño",13119,alimentacion,False,DANE_ENIG,1,"zapatos en cuero, caucho, goma y similares para niño monto:bajo"
"Botas en cuero, caucho, goma y similares para niño",8445,alimentacion,True,DANE_ENIG,1,"botas en cuero, caucho, goma y similares para niño monto:bajo"
"Tenis, zapatillas y otros zapatos deportivos para niño (excluyendo zapatos para deportes específicos",12711,alimentacion,False,DANE_ENIG,1,"tenis, zapatillas y otros zapatos deportivos para niño (excluyendo zapatos para deportes específicos monto:bajo"
"Pantuflas, sandalias, abuelitas, chanclas, cotizas y alpargatas para niño",3260,alimentacion,True,DANE_ENIG,1,"pantuflas, sandalias, abuelitas, chanclas, cotizas y alpargatas para niño monto:bajo"
"Calzado plano en cuero, caucho, goma y similares para niña",10555,alimentacion,False,DANE_ENIG,1,"calzado plano en cuero, caucho, goma y similares para niña monto:bajo"
"Calzado de tacón en cuero, caucho, goma y similares para niña",8423,alimentacion,True,DANE_ENIG,1,"calzado de tacón en cuero, caucho, goma y similares para niña monto:bajo"
"Botas en cuero, caucho, goma y similares para niña",6698,alimentacion,True,DANE_ENIG,1,"botas en cuero, caucho, goma y similares para niña monto:bajo"
"Tenis, zapatillas y otros zapatos deportivos para niña (excluyendo zapatos para deportes específicos",11235,alimentacion,False,DANE_ENIG,1,"tenis, zapatillas y otros zapatos deportivos para niña (excluyendo zapatos para deportes específicos monto:bajo"
"Pantuflas, sandalias, abuelitas, chanclas, cotizas y alpargatas para niña",5090,alimentacion,True,DANE_ENIG,1,"pantuflas, sandalias, abuelitas, chanclas, cotizas y alpargatas para niña monto:bajo"
"Calzado para bebé: zapatos, botas y tenis",7510,alimentacion,True,DANE_ENIG,1,"calzado para bebé: zapatos, botas y tenis monto:bajo"
"Accesorios para calzado: Plantillas, hormas, adaptadores para calzado y calzador",667,alimentacion,True,DANE_ENIG,1,"accesorios para calzado: plantillas, hormas, adaptadores para calzado y calzador monto:bajo"
Lustrado y limpieza de zapatos,12990,alimentacion,False,DANE_ENIG,1,lustrado y limpieza de zapatos monto:bajo
"Reparación de calzado: remonta, tapas, costuras, etc",1915,alimentacion,True,DANE_ENIG,1,"reparación de calzado: remonta, tapas, costuras, etc monto:bajo"
Arriendo efectivo mensual por la vivienda que habita el hogar,103398,servicios,False,DANE_ENIG,1,arriendo efectivo mensual por la vivienda que habita el hogar monto:medio
Arriendo por viviendas para uso del hogar diferentes a la que habita,99713,servicios,False,DANE_ENIG,1,arriendo por viviendas para uso del hogar diferentes a la que habita monto:medio
Arriendo imputado por la vivienda propia que habita el hogar,75681,servicios,False,DANE_ENIG,1,arriendo imputado por la vivienda propia que habita el hogar monto:medio
"Arriendo imputado por la vivienda en usufructo, posesión u ocupación que habita",70608,servicios,False,DANE_ENIG,1,"arriendo imputado por la vivienda en usufructo, posesión u ocupación que habita monto:medio"
Pinturas y barnices para vivienda,7120,servicios,False,DANE_ENIG,1,pinturas y barnices para vivienda monto:bajo
Papel de colgadura y recubrimientos textiles para paredes,5018,servicios,False,DANE_ENIG,1,papel de colgadura y recubrimientos textiles para paredes monto:bajo
"Baldosas, celosías, mármoles, cerámicas, cenefas de enchape (para interiores y y para baño y cocina)",35012,servicios,False,DANE_ENIG,1,"baldosas, celosías, mármoles, cerámicas, cenefas de enchape (para interiores y y para baño y cocina) monto:medio"
Vidriería para puertas y ventanas,13609,servicios,False,DANE_ENIG,1,vidriería para puertas y ventanas monto:bajo
"Yeso, cemento, masilla, pegantes",13179,servicios,False,DANE_ENIG,1,"yeso, cemento, masilla, pegantes monto:bajo"
"Tubos para el agua, grifos, codos, sifones, etc.",5225,servicios,False,DANE_ENIG,1,"tubos para el agua, grifos, codos, sifones, etc. monto:bajo"
Tablones para pisos,46786,servicios,False,DANE_ENIG,1,tablones para pisos monto:medio
Puertas y ventanas,43240,servicios,False,DANE_ENIG,1,puertas y ventanas monto:medio
"Otros materiales para la conservación y la reparación de la vivienda: tejas, cielo raso, tanque de a",83899,servicios,False,DANE_ENIG,1,"otros materiales para la conservación y la reparación de la vivienda: tejas, cielo raso, tanque de a monto:medio"
Mantenimiento y reparación de cañerias de agua y ductos e instalaciones de gas,4856,servicios,False,DANE_ENIG,1,mantenimiento y reparación de cañerias de agua y ductos e instalaciones de gas monto:bajo
Mantenimiento y reparación de redes eléctricas y telefónicas,26293,servicios,False,DANE_ENIG,1,mantenimiento y reparación de redes eléctricas y telefónicas monto:bajo
Mantenimiento y reparación de techos y pisos,8037,servicios,False,DANE_ENIG,1,mantenimiento y reparación de techos y pisos monto:bajo
Pavimentación y revestimiento de suelos,9125,servicios,False,DANE_ENIG,1,pavimentación y revestimiento de suelos monto:bajo
Ampliación o subdivisión de la vivienda,68051,servicios,False,DANE_ENIG,1,ampliación o subdivisión de la vivienda monto:medio
"Otros servicios para el mantenimiento y reparación de la vivienda: cerrajería, pintura, enchape, car",36558,servicios,False,DANE_ENIG,1,"otros servicios para el mantenimiento y reparación de la vivienda: cerrajería, pintura, enchape, car monto:medio"
Acueducto,5666,servicios,False,DANE_ENIG,1,acueducto monto:bajo
Reconexión del servicio de acueducto,15001,servicios,False,DANE_ENIG,1,reconexión del servicio de acueducto monto:bajo
Recolección de basuras y aseo,4346,servicios,False,DANE_ENIG,1,recolección de basuras y aseo monto:bajo
Instalación o conexión al servicio de alcantarillado,10493,servicios,False,DANE_ENIG,1,instalación o conexión al servicio de alcantarillado monto:bajo
Alcantarillado,4154,servicios,False,DANE_ENIG,1,alcantarillado monto:bajo
Cuotas mensuales de administración de la vivienda para uso del hogar,166184,servicios,False,DANE_ENIG,1,cuotas mensuales de administración de la vivienda para uso del hogar monto:alto
Celaduría comunal,2561,servicios,False,DANE_ENIG,1,celaduría comunal monto:bajo
"Instalación, conexión, contador del servicio de energía eléctrica",21041,servicios,False,DANE_ENIG,1,"instalación, conexión, contador del servicio de energía eléctrica monto:bajo"
Energía eléctrica,18248,servicios,False,DANE_ENIG,1,energía eléctrica monto:bajo
Reconexión del servicio de energía eléctrica,2136,servicios,False,DANE_ENIG,1,reconexión del servicio de energía eléctrica monto:bajo
Alumbrado público,2875,servicios,False,DANE_ENIG,1,alumbrado público monto:bajo
Compra de gas propano en pipeta o cilindro o por ducto,30125,servicios,False,DANE_ENIG,1,compra de gas propano en pipeta o cilindro o por ducto monto:medio
"Instalación, conexión, contador del servicio de gas natural",1958,servicios,False,DANE_ENIG,1,"instalación, conexión, contador del servicio de gas natural monto:bajo"
Gas natural por tubería,17897,servicios,False,DANE_ENIG,1,gas natural por tubería monto:bajo
"Combustibles líquidos para cocinar: gasolina, kerosene, petróleo, alcohol, etc.",10379,servicios,False,DANE_ENIG,1,"combustibles líquidos para cocinar: gasolina, kerosene, petróleo, alcohol, etc. monto:bajo"
"Combustibles sólidos para cocinar: leña, carbón vegetal, carbón, mineral, etc.",14749,servicios,False,DANE_ENIG,1,"combustibles sólidos para cocinar: leña, carbón vegetal, carbón, mineral, etc. monto:bajo"
Cama sencilla,4576,alimentacion,True,DANE_ENIG,1,cama sencilla monto:bajo
"Cama semidoble, doble, king size",7401,alimentacion,True,DANE_ENIG,1,"cama semidoble, doble, king size monto:bajo"
Cunas y corral para bebé,7446,alimentacion,True,DANE_ENIG,1,cunas y corral para bebé monto:bajo
Juego completo de muebles de alcoba,42419,alimentacion,False,DANE_ENIG,1,juego completo de muebles de alcoba monto:medio
Juego completo de muebles de sala,38148,alimentacion,False,DANE_ENIG,1,juego completo de muebles de sala monto:medio
Juego completo de muebles de comedor,18094,alimentacion,False,DANE_ENIG,1,juego completo de muebles de comedor monto:bajo
Gabinetes de baño,1966,alimentacion,True,DANE_ENIG,1,gabinetes de baño monto:bajo
Muebles para computador o centros de entretenimiento,684,alimentacion,True,DANE_ENIG,1,muebles para computador o centros de entretenimiento monto:bajo
"Colchones, somiers y colchonetas",4772,alimentacion,True,DANE_ENIG,1,"colchones, somiers y colchonetas monto:bajo"
"Sillas, sillones, sofás, sofacamas",2063,alimentacion,True,DANE_ENIG,1,"sillas, sillones, sofás, sofacamas monto:bajo"
"Asientos, mecedoras, butacos, bancas",2221,alimentacion,True,DANE_ENIG,1,"asientos, mecedoras, butacos, bancas monto:bajo"
"Armarios, clósets, cómodas, chifoniers, escaparates, roperos, baules",8126,alimentacion,True,DANE_ENIG,1,"armarios, clósets, cómodas, chifoniers, escaparates, roperos, baules monto:bajo"
Bibliotecas y muebles modulares,8447,alimentacion,True,DANE_ENIG,1,bibliotecas y muebles modulares monto:bajo
Lámparas de techo o de pie,12500,alimentacion,False,DANE_ENIG,1,lámparas de techo o de pie monto:bajo
"Velas, veladoras, velones",2333,alimentacion,True,DANE_ENIG,1,"velas, veladoras, velones monto:bajo"
"Espejos, portaretratos y percheros",3372,alimentacion,True,DANE_ENIG,1,"espejos, portaretratos y percheros monto:bajo"
"Telas para confeccionar ropa de cama, manteles, cortinas y forros de muebles",2260,alimentacion,True,DANE_ENIG,1,"telas para confeccionar ropa de cama, manteles, cortinas y forros de muebles monto:bajo"
"Juego completo de sábanas, sobresábanas y fundas",3729,alimentacion,True,DANE_ENIG,1,"juego completo de sábanas, sobresábanas y fundas monto:bajo"
"Sábanas, sobresabanas y fundas sueltas",2830,alimentacion,True,DANE_ENIG,1,"sábanas, sobresabanas y fundas sueltas monto:bajo"
"Cubrelechos, cubrecamas, colchas para cama",5284,alimentacion,True,DANE_ENIG,1,"cubrelechos, cubrecamas, colchas para cama monto:bajo"
Cobijas y mantas para adultos,4016,alimentacion,True,DANE_ENIG,1,cobijas y mantas para adultos monto:bajo
"Cobijas, mantas y cobertores para bebés",2842,alimentacion,True,DANE_ENIG,1,"cobijas, mantas y cobertores para bebés monto:bajo"
"Almohadas, cojines, almohadones",1905,alimentacion,True,DANE_ENIG,1,"almohadas, cojines, almohadones monto:bajo"
"Hamacas, chinchorros, toldillos, mosquiteros",2949,alimentacion,True,DANE_ENIG,1,"hamacas, chinchorros, toldillos, mosquiteros monto:bajo"
"Ropa de mesa: Manteles, caminos de mesa, individuales y servilletas de tela para comedor",3013,alimentacion,True,DANE_ENIG,1,"ropa de mesa: manteles, caminos de mesa, individuales y servilletas de tela para comedor monto:bajo"
Toallas de tela para baño,1258,alimentacion,True,DANE_ENIG,1,toallas de tela para baño monto:bajo
Cortinas para baño,900,alimentacion,True,DANE_ENIG,1,cortinas para baño monto:bajo
Cortinas confeccionadas,4093,alimentacion,True,DANE_ENIG,1,cortinas confeccionadas monto:bajo
Lanas y telas para tejidos y decoración del hogar,1802,alimentacion,True,DANE_ENIG,1,lanas y telas para tejidos y decoración del hogar monto:bajo
Banderas y escudos en general,417,alimentacion,True,DANE_ENIG,1,banderas y escudos en general monto:bajo
"Neveras, refrigeradores y congeladores",41883,alimentacion,False,DANE_ENIG,1,"neveras, refrigeradores y congeladores monto:medio"
Lavadora y secadora de ropa,30041,alimentacion,False,DANE_ENIG,1,lavadora y secadora de ropa monto:medio
Estufa a gas,12362,alimentacion,False,DANE_ENIG,1,estufa a gas monto:bajo
Estufa eléctrica,3840,alimentacion,True,DANE_ENIG,1,estufa eléctrica monto:bajo
Hornos eléctricos y hornos de gas,7500,alimentacion,True,DANE_ENIG,1,hornos eléctricos y hornos de gas monto:bajo
Hornos microondas,14502,alimentacion,False,DANE_ENIG,1,hornos microondas monto:bajo
Pipetas o cilindros de gas (envase sin incluir el gas),3484,alimentacion,True,DANE_ENIG,1,pipetas o cilindros de gas (envase sin incluir el gas) monto:bajo
Calentadores eléctricos,5417,alimentacion,True,DANE_ENIG,1,calentadores eléctricos monto:bajo
Calentador de gas,3333,alimentacion,True,DANE_ENIG,1,calentador de gas monto:bajo
Ventiladores o abanicos fijos,5035,alimentacion,True,DANE_ENIG,1,ventiladores o abanicos fijos monto:bajo
"Máquinas de coser, tejer, fileteadoras y telares",3333,alimentacion,True,DANE_ENIG,1,"máquinas de coser, tejer, fileteadoras y telares monto:bajo"
Plancha eléctrica,3134,alimentacion,True,DANE_ENIG,1,plancha eléctrica monto:bajo
"Licuadora, picadora y ayudante de cocina eléctrico",5305,alimentacion,True,DANE_ENIG,1,"licuadora, picadora y ayudante de cocina eléctrico monto:bajo"
Batidora y mezcladora eléctrica,3130,alimentacion,True,DANE_ENIG,1,batidora y mezcladora eléctrica monto:bajo
"Sanducheras, wafleras y tostadoras eléctricas",4470,alimentacion,True,DANE_ENIG,1,"sanducheras, wafleras y tostadoras eléctricas monto:bajo"
Extractor de zumos y exprimidor eléctricos,2471,alimentacion,True,DANE_ENIG,1,extractor de zumos y exprimidor eléctricos monto:bajo
Ollas arroceras y freidoras eléctricas,6943,alimentacion,True,DANE_ENIG,1,ollas arroceras y freidoras eléctricas monto:bajo
"Cuchillos, afila cuchillos y abrelatas eléctricos",480,alimentacion,True,DANE_ENIG,1,"cuchillos, afila cuchillos y abrelatas eléctricos monto:bajo"
Encendedores eléctricos y no eléctricos para estufa,1159,alimentacion,True,DANE_ENIG,1,encendedores eléctricos y no eléctricos para estufa monto:bajo
Ventiladores o abanicos movibles,4333,alimentacion,True,DANE_ENIG,1,ventiladores o abanicos movibles monto:bajo
Duchas eléctricas,1362,alimentacion,True,DANE_ENIG,1,duchas eléctricas monto:bajo
Repuestos para aparatos domésticos,1175,alimentacion,True,DANE_ENIG,1,repuestos para aparatos domésticos monto:bajo
Reparación de aparatos y utensilios domésticos,3315,alimentacion,True,DANE_ENIG,1,reparación de aparatos y utensilios domésticos monto:bajo
"Alquiler de artefactos o aparatos domésticos (lavadoras, computadores, etc)",845,alimentacion,True,DANE_ENIG,1,"alquiler de artefactos o aparatos domésticos (lavadoras, computadores, etc) monto:bajo"
"Vajilla completa, juego de té o café y otros juegos completos (vaso, jarra, copas)",2619,alimentacion,True,DANE_ENIG,1,"vajilla completa, juego de té o café y otros juegos completos (vaso, jarra, copas) monto:bajo"
"Platos, pocillos, tazas, Mugs",4467,alimentacion,True,DANE_ENIG,1,"platos, pocillos, tazas, mugs monto:bajo"
"Vasos, copas, jarras",2763,alimentacion,True,DANE_ENIG,1,"vasos, copas, jarras monto:bajo"
"Bandejas, ensaladeras, soperas, dulceras",3885,alimentacion,True,DANE_ENIG,1,"bandejas, ensaladeras, soperas, dulceras monto:bajo"
Refractarias,2667,alimentacion,True,DANE_ENIG,1,refractarias monto:bajo
Otros artículos de cristalería y vajilla,10811,alimentacion,False,DANE_ENIG,1,otros artículos de cristalería y vajilla monto:bajo
Juego completo de cubiertos de mesa y cocina,10192,alimentacion,False,DANE_ENIG,1,juego completo de cubiertos de mesa y cocina monto:bajo
"Cucharas, cucharitas, tenedores, cuchillos, cucharones, tijeras de cocina",2191,alimentacion,True,DANE_ENIG,1,"cucharas, cucharitas, tenedores, cuchillos, cucharones, tijeras de cocina monto:bajo"
"Ollas, cacerolas, cazuelas y sartenes de aluminio, esmaltadas y de teflón",10828,alimentacion,False,DANE_ENIG,1,"ollas, cacerolas, cazuelas y sartenes de aluminio, esmaltadas y de teflón monto:bajo"
Ollas a presión,26691,alimentacion,False,DANE_ENIG,1,ollas a presión monto:bajo
"Molinillos, coladeras, coladores, pinzas para hielo, abrelatas y sacacorchos manuales, piedras de af",1684,alimentacion,True,DANE_ENIG,1,"molinillos, coladeras, coladores, pinzas para hielo, abrelatas y sacacorchos manuales, piedras de af monto:bajo"
"Molinos, ralladores, picadoras manuales y exprimidores de jugo",4091,alimentacion,True,DANE_ENIG,1,"molinos, ralladores, picadoras manuales y exprimidores de jugo monto:bajo"
"Tablas para picar, morteros y mazos, escurridorres de aceite",1676,alimentacion,True,DANE_ENIG,1,"tablas para picar, morteros y mazos, escurridorres de aceite monto:bajo"
Servilleteros,667,alimentacion,True,DANE_ENIG,1,servilleteros monto:bajo
Termos,6625,alimentacion,True,DANE_ENIG,1,termos monto:bajo
Esterilizadores o calentadores de teteros,7333,alimentacion,True,DANE_ENIG,1,esterilizadores o calentadores de teteros monto:bajo
Biberones o teteros,2169,alimentacion,True,DANE_ENIG,1,biberones o teteros monto:bajo
"Ceniceros, floreros",833,alimentacion,True,DANE_ENIG,1,"ceniceros, floreros monto:bajo"
"Platones, baldes y poncheras",3540,alimentacion,True,DANE_ENIG,1,"platones, baldes y poncheras monto:bajo"
Canecas y papeleras para la basura,4597,alimentacion,True,DANE_ENIG,1,canecas y papeleras para la basura monto:bajo
Cestas y recipientes para la ropa,5730,alimentacion,True,DANE_ENIG,1,cestas y recipientes para la ropa monto:bajo
"Vacinillas, micas o patos médicos",1230,alimentacion,True,DANE_ENIG,1,"vacinillas, micas o patos médicos monto:bajo"
"Reparación de cristalería, vajilla y utensilios del hogar",15000,alimentacion,False,DANE_ENIG,1,"reparación de cristalería, vajilla y utensilios del hogar monto:bajo"
"Taladros, soldadoras, sierras, pulidoras y cizallas eléctricas",86307,alimentacion,False,DANE_ENIG,1,"taladros, soldadoras, sierras, pulidoras y cizallas eléctricas monto:medio"
"Podadoras, cortadoras de césped y guadañadoras eléctricas o motorizadas y tractores eléctricos para ",48333,alimentacion,False,DANE_ENIG,1,"podadoras, cortadoras de césped y guadañadoras eléctricas o motorizadas y tractores eléctricos para monto:medio"
"Hombresolos, alicates, tenazas, martillos, destornilladores, punzones, serruchos, limas para herrami",2836,alimentacion,True,DANE_ENIG,1,"hombresolos, alicates, tenazas, martillos, destornilladores, punzones, serruchos, limas para herrami monto:bajo"
"Llaves de tuercas, llaves inglesas, llaves bristol.",871,alimentacion,True,DANE_ENIG,1,"llaves de tuercas, llaves inglesas, llaves bristol. monto:bajo"
"Cintas métricas: metro, decámetro, niveles, etc.",356,alimentacion,True,DANE_ENIG,1,"cintas métricas: metro, decámetro, niveles, etc. monto:bajo"
"Otras herramientas del hogar: tijeras para ropa, escaleras",333,alimentacion,True,DANE_ENIG,1,"otras herramientas del hogar: tijeras para ropa, escaleras monto:bajo"
"Herramientas de jardín: Carretillas, mangueras, palas, azadones, estacas, etc.",2300,alimentacion,True,DANE_ENIG,1,"herramientas de jardín: carretillas, mangueras, palas, azadones, estacas, etc. monto:bajo"
"Bombillos incandescentes, tubos fluorescentes, larga vida, halógenos y de neón",2737,alimentacion,True,DANE_ENIG,1,"bombillos incandescentes, tubos fluorescentes, larga vida, halógenos y de neón monto:bajo"
"Enchufes, interruptores, dimmers, cables eléctricos, rosetas, cinta aislante, timbres, alarmas",5957,alimentacion,True,DANE_ENIG,1,"enchufes, interruptores, dimmers, cables eléctricos, rosetas, cinta aislante, timbres, alarmas monto:bajo"
Pilas no recargables para uso general,3378,alimentacion,True,DANE_ENIG,1,pilas no recargables para uso general monto:bajo
"Linternas, lámparas de mano, estabilizadores y timers, baterías o pilas recargables",2037,alimentacion,True,DANE_ENIG,1,"linternas, lámparas de mano, estabilizadores y timers, baterías o pilas recargables monto:bajo"
Otros accesorios eléctricos pequeños,2810,alimentacion,True,DANE_ENIG,1,otros accesorios eléctricos pequeños monto:bajo
"Accesorios para puertas: Bisagras, manijas, cerraduras, candados, etc.",3000,alimentacion,True,DANE_ENIG,1,"accesorios para puertas: bisagras, manijas, cerraduras, candados, etc. monto:bajo"
Reparación de herramientas pequeñas y accesorios diversos del hogar y del jardín,5812,alimentacion,True,DANE_ENIG,1,reparación de herramientas pequeñas y accesorios diversos del hogar y del jardín monto:bajo
Jabón en barra para lavar ropa,4018,alimentacion,True,DANE_ENIG,1,jabón en barra para lavar ropa monto:bajo
Jabón de cocina,2273,alimentacion,True,DANE_ENIG,1,jabón de cocina monto:bajo
Jabón para lavadora,6159,alimentacion,True,DANE_ENIG,1,jabón para lavadora monto:bajo
Detergente en polvo,3279,alimentacion,True,DANE_ENIG,1,detergente en polvo monto:bajo
Detergente líquido,2199,alimentacion,True,DANE_ENIG,1,detergente líquido monto:bajo
Blanqueadores,1864,alimentacion,True,DANE_ENIG,1,blanqueadores monto:bajo
Suavizantes,3114,alimentacion,True,DANE_ENIG,1,suavizantes monto:bajo
"Quitamanchas, polvo limpiador y shampoo para alfombras",2610,alimentacion,True,DANE_ENIG,1,"quitamanchas, polvo limpiador y shampoo para alfombras monto:bajo"
"Líquidos y desinfectantes para limpiar muebles, vidrios, hornos, estufas, paredes, baños, pisos",2633,alimentacion,True,DANE_ENIG,1,"líquidos y desinfectantes para limpiar muebles, vidrios, hornos, estufas, paredes, baños, pisos monto:bajo"
Desodorantes ambientales y ambientadores,3471,alimentacion,True,DANE_ENIG,1,desodorantes ambientales y ambientadores monto:bajo
Cera para pisos,3345,alimentacion,True,DANE_ENIG,1,cera para pisos monto:bajo
Insecticidas y fungicidas,7541,alimentacion,True,DANE_ENIG,1,insecticidas y fungicidas monto:bajo
"Otros productos de limpieza y mantenimiento: almidones para camisas, alcanfor, naftalina, disolvente",5457,alimentacion,True,DANE_ENIG,1,"otros productos de limpieza y mantenimiento: almidones para camisas, alcanfor, naftalina, disolvente monto:bajo"
"Escobas, recogedores de basura, escobillas, plumeros limpiapolvos, trapeadores y cepillos para: pare",3999,alimentacion,True,DANE_ENIG,1,"escobas, recogedores de basura, escobillas, plumeros limpiapolvos, trapeadores y cepillos para: pare monto:bajo"
Guantes de caucho,3133,alimentacion,True,DANE_ENIG,1,guantes de caucho monto:bajo
"Esponjas, esponjillas y estropajos",1370,alimentacion,True,DANE_ENIG,1,"esponjas, esponjillas y estropajos monto:bajo"
"Limpiones, cogeollas, trapos para limpiar, paños de cocina, bayetillas y dulceabrigos",2496,alimentacion,True,DANE_ENIG,1,"limpiones, cogeollas, trapos para limpiar, paños de cocina, bayetillas y dulceabrigos monto:bajo"
Otros elementos de aseo,3572,alimentacion,True,DANE_ENIG,1,otros elementos de aseo monto:bajo
"Cuerdas, cordeles, tendederos y pinzas para ropa, cintas adhesivas y pegamentos",2756,alimentacion,True,DANE_ENIG,1,"cuerdas, cordeles, tendederos y pinzas para ropa, cintas adhesivas y pegamentos monto:bajo"
"Agujas (para coser, tejer), alfileres",313,alimentacion,True,DANE_ENIG,1,"agujas (para coser, tejer), alfileres monto:bajo"
"Tijeras para costura, abreojales, desbaratadores, dedales",1239,alimentacion,True,DANE_ENIG,1,"tijeras para costura, abreojales, desbaratadores, dedales monto:bajo"
Mechas para lámparas,626,alimentacion,True,DANE_ENIG,1,mechas para lámparas monto:bajo
Fósforos y encendedores desechables,1069,alimentacion,True,DANE_ENIG,1,fósforos y encendedores desechables monto:bajo
"Betún, pomadas y tintes para calzado",2259,alimentacion,True,DANE_ENIG,1,"betún, pomadas y tintes para calzado monto:bajo"
Anilinas y tintes para prendas de vestir,503,alimentacion,True,DANE_ENIG,1,anilinas y tintes para prendas de vestir monto:bajo
"Artículos de ferretería: Puntillas, clavos, tornillos, tuercas, brocas, brochas, pinceles, lijas y o",3538,alimentacion,True,DANE_ENIG,1,"artículos de ferretería: puntillas, clavos, tornillos, tuercas, brocas, brochas, pinceles, lijas y o monto:bajo"
"Papel de aluminio, papel parafinado, moldes de aluminio, vinilpel, filtros de papel para cafetera",2616,alimentacion,True,DANE_ENIG,1,"papel de aluminio, papel parafinado, moldes de aluminio, vinilpel, filtros de papel para cafetera monto:bajo"
Rollos de papel para cocina,3944,alimentacion,True,DANE_ENIG,1,rollos de papel para cocina monto:bajo
"Productos desechables: servilletas, manteles, platos, vasos, cubiertos, palillos",2745,alimentacion,True,DANE_ENIG,1,"productos desechables: servilletas, manteles, platos, vasos, cubiertos, palillos monto:bajo"
"Otros productos desechables: pitillos, palos de pincho, etc.",1000,alimentacion,True,DANE_ENIG,1,"otros productos desechables: pitillos, palos de pincho, etc. monto:bajo"
Bolsas plásticas para basura y para aspiradora,1323,alimentacion,True,DANE_ENIG,1,bolsas plásticas para basura y para aspiradora monto:bajo
Empleada interna,168067,alimentacion,False,DANE_ENIG,1,empleada interna monto:alto
Empleada de por días (permanente o temporal),117668,alimentacion,False,DANE_ENIG,1,empleada de por días (permanente o temporal) monto:medio
"Amas de llaves, institutrices, tutores, mayordomos, choferes, jardineros, celadores, niñeras dentro ",369993,alimentacion,False,DANE_ENIG,1,"amas de llaves, institutrices, tutores, mayordomos, choferes, jardineros, celadores, niñeras dentro monto:alto"
"Analgésicos: mejoral, aspirina, focus, dólex, asawín, advil, etc",4369,servicios,False,DANE_ENIG,1,"analgésicos: mejoral, aspirina, focus, dólex, asawín, advil, etc monto:bajo"
"Antiácidos: alkaseltser, sal de frutas, mylanta, pepsamar, etc.",2711,servicios,False,DANE_ENIG,1,"antiácidos: alkaseltser, sal de frutas, mylanta, pepsamar, etc. monto:bajo"
Antibióticos,12797,servicios,False,DANE_ENIG,1,antibióticos monto:bajo
Medicamentos antialérgicos (antihistamínicos): loratadina,9292,servicios,False,DANE_ENIG,1,medicamentos antialérgicos (antihistamínicos): loratadina monto:bajo
"Antigripales: desenfriol, dristán, etc.",4206,servicios,False,DANE_ENIG,1,"antigripales: desenfriol, dristán, etc. monto:bajo"
"Antiparasitario, antiamibiásicos, purgantes, laxantes",7779,servicios,False,DANE_ENIG,1,"antiparasitario, antiamibiásicos, purgantes, laxantes monto:bajo"
Antiartríticos y antirreumáticos,16826,servicios,False,DANE_ENIG,1,antiartríticos y antirreumáticos monto:bajo
Antidiabéticos,7935,servicios,False,DANE_ENIG,1,antidiabéticos monto:bajo
"Antiespasmódicos, antidiarréicos",16025,servicios,False,DANE_ENIG,1,"antiespasmódicos, antidiarréicos monto:bajo"
Antiinflamatorios,9342,servicios,False,DANE_ENIG,1,antiinflamatorios monto:bajo
"Cardiovasculares, medicamentos para la tensión arterial: Artensol, Aldomet, Captopril, etc.",34878,servicios,False,DANE_ENIG,1,"cardiovasculares, medicamentos para la tensión arterial: artensol, aldomet, captopril, etc. monto:medio"
"Desinfectantes: alcohol, menticol, yodo, merthiolate, mercurio cromo, agua oxigenada, árnica, isodin",3554,servicios,False,DANE_ENIG,1,"desinfectantes: alcohol, menticol, yodo, merthiolate, mercurio cromo, agua oxigenada, árnica, isodin monto:bajo"
"Suero oral, fisiológico, etc.",4709,servicios,False,DANE_ENIG,1,"suero oral, fisiológico, etc. monto:bajo"
Vacunas,1331,servicios,False,DANE_ENIG,1,vacunas monto:bajo
"Vitaminas, reconstituyentes, calcio y otros minerales",17705,servicios,False,DANE_ENIG,1,"vitaminas, reconstituyentes, calcio y otros minerales monto:bajo"
Aceite de hígado de bacalao,6865,servicios,False,DANE_ENIG,1,aceite de hígado de bacalao monto:bajo
"Productos formulados para uso dermatológico: Lociones, cremas, pomadas, unguento",12999,servicios,False,DANE_ENIG,1,"productos formulados para uso dermatológico: lociones, cremas, pomadas, unguento monto:bajo"
"Gotas para oidos, ojos y naríz",13186,servicios,False,DANE_ENIG,1,"gotas para oidos, ojos y naríz monto:bajo"
"Anticonceptivos orales (píldoras), óvulos, inyecciones, cremas anticonceptivas y parches",12222,servicios,False,DANE_ENIG,1,"anticonceptivos orales (píldoras), óvulos, inyecciones, cremas anticonceptivas y parches monto:bajo"
Medicamentos homeopáticos y bioenergéticos,57453,servicios,False,DANE_ENIG,1,medicamentos homeopáticos y bioenergéticos monto:medio
"Otras drogas sueltas: anestésicos, enzimas y sales biliares, diuréticos orales e inyectables y otros",30903,servicios,False,DANE_ENIG,1,"otras drogas sueltas: anestésicos, enzimas y sales biliares, diuréticos orales e inyectables y otros monto:medio"
Fórmula médica completa,64721,servicios,False,DANE_ENIG,1,fórmula médica completa monto:medio
Termómetros clínicos,1200,servicios,False,DANE_ENIG,1,termómetros clínicos monto:bajo
"Jeringas, agujas hipodérmicas",1697,servicios,False,DANE_ENIG,1,"jeringas, agujas hipodérmicas monto:bajo"
"Esparadrapo, vendas, gasas, curitas.",8079,servicios,False,DANE_ENIG,1,"esparadrapo, vendas, gasas, curitas. monto:bajo"
Dispositivo de pruebas de embarazo,5419,servicios,False,DANE_ENIG,1,dispositivo de pruebas de embarazo monto:bajo
"Otros implementos médicos: bolsas de agua caliente, bolsas de hielo, etc",10352,servicios,False,DANE_ENIG,1,"otros implementos médicos: bolsas de agua caliente, bolsas de hielo, etc monto:bajo"
Preservativos (condones),7245,servicios,False,DANE_ENIG,1,preservativos (condones) monto:bajo
"Anteojos, gafas o lentes de contacto formulados",6655,servicios,False,DANE_ENIG,1,"anteojos, gafas o lentes de contacto formulados monto:bajo"
Muletas y bastones ortopédicos,1250,servicios,False,DANE_ENIG,1,muletas y bastones ortopédicos monto:bajo
Zapatos ortopédicos,13333,servicios,False,DANE_ENIG,1,zapatos ortopédicos monto:bajo
"Soportes de cuello, bragueros, fajas quirúrgicas, medias elásticas para traumatología; soportes para",3424,servicios,False,DANE_ENIG,1,"soportes de cuello, bragueros, fajas quirúrgicas, medias elásticas para traumatología; soportes para monto:bajo"
"Otros aparatos ortopédicos: ojos de cristal, audífonos ortopédicos",6667,servicios,False,DANE_ENIG,1,"otros aparatos ortopédicos: ojos de cristal, audífonos ortopédicos monto:bajo"
Consulta médica general con médico particular,6999,servicios,False,DANE_ENIG,1,consulta médica general con médico particular monto:bajo
"Consulta médica con especialista particular: pediatría, oftalmología, ginecología, siquiatría, traum",17593,servicios,False,DANE_ENIG,1,"consulta médica con especialista particular: pediatría, oftalmología, ginecología, siquiatría, traum monto:bajo"
Servicios de especialistas en ortodoncia,30051,servicios,False,DANE_ENIG,1,servicios de especialistas en ortodoncia monto:medio
"Consulta particular con médicos homeópatas, bioenérgeticos y otros no tradicional",23735,servicios,False,DANE_ENIG,1,"consulta particular con médicos homeópatas, bioenérgeticos y otros no tradicional monto:bajo"
"Servicios odontológicos con odontólogos particulares: consultas, profilaxis, exodoncias (extracción)",64213,servicios,False,DANE_ENIG,1,"servicios odontológicos con odontólogos particulares: consultas, profilaxis, exodoncias (extracción) monto:medio"
"Servicios para particulares en centros de rayos X: radiografías (incluyendo las dentales), urografía",14758,servicios,False,DANE_ENIG,1,"servicios para particulares en centros de rayos x: radiografías (incluyendo las dentales), urografía monto:bajo"
"Exámenes de laboratorio para particulares: de sangre, bacteriológicos, serología, etc.",15015,servicios,False,DANE_ENIG,1,"exámenes de laboratorio para particulares: de sangre, bacteriológicos, serología, etc. monto:bajo"
"Servicios independientes de: acupunturistas, fonoaudiólogos, fisioterapeutas",10667,servicios,False,DANE_ENIG,1,"servicios independientes de: acupunturistas, fonoaudiólogos, fisioterapeutas monto:bajo"
Terapia de gimnasia correctiva recetada por médicos,5059,servicios,False,DANE_ENIG,1,terapia de gimnasia correctiva recetada por médicos monto:bajo
"Servicios de enfermería y maternidad en el hogar (partera, comadrona, enfermera privada)",33333,servicios,False,DANE_ENIG,1,"servicios de enfermería y maternidad en el hogar (partera, comadrona, enfermera privada) monto:medio"
"Consulta con teguas, empíricos, curanderos, yerbateros, comadronas, etc",8603,servicios,False,DANE_ENIG,1,"consulta con teguas, empíricos, curanderos, yerbateros, comadronas, etc monto:bajo"
"Cuotas moderadoras EPS, ARS (medicina, odontología, especialistas, medicamentos, examenes, etc.",8229,servicios,False,DANE_ENIG,1,"cuotas moderadoras eps, ars (medicina, odontología, especialistas, medicamentos, examenes, etc. monto:bajo"
"Bonos de medicina prepagada o pago en efectivo por consultas, odontología, medicamentos, examenes, e",11709,servicios,False,DANE_ENIG,1,"bonos de medicina prepagada o pago en efectivo por consultas, odontología, medicamentos, examenes, e monto:bajo"
"Servicios básicos hospitalarios para pacientes particulares internos: alojamiento, alimentación, tra",18077,servicios,False,DANE_ENIG,1,"servicios básicos hospitalarios para pacientes particulares internos: alojamiento, alimentación, tra monto:bajo"
"Servicios médicos hospitalarios para particulares: atención de médicos (generales y especialistas), ",63332,servicios,False,DANE_ENIG,1,"servicios médicos hospitalarios para particulares: atención de médicos (generales y especialistas), monto:medio"
"Servicios médicos menores (pequeña cirugía, cirugía ambulatoria, urgencias, etc.",11956,servicios,False,DANE_ENIG,1,"servicios médicos menores (pequeña cirugía, cirugía ambulatoria, urgencias, etc. monto:bajo"
Copagos (Pago adicional por hospitalizaciones o cirugias de beneficiarios de EPS),10045,servicios,False,DANE_ENIG,1,copagos (pago adicional por hospitalizaciones o cirugias de beneficiarios de eps) monto:bajo
Compra de vehículos usados para uso particular (incluye pagos por nacionalización y otros pagos),588526,alimentacion,False,DANE_ENIG,1,compra de vehículos usados para uso particular (incluye pagos por nacionalización y otros pagos) monto:alto
Compra de motocicletas y bicicletas con motor nuevas o usadas,258907,alimentacion,False,DANE_ENIG,1,compra de motocicletas y bicicletas con motor nuevas o usadas monto:alto
Gastos de matrículas o traspaso de motocicletas o bicicletas con motor,38333,alimentacion,False,DANE_ENIG,1,gastos de matrículas o traspaso de motocicletas o bicicletas con motor monto:medio
Compra de bicicletas nuevas o usadas,9774,alimentacion,True,DANE_ENIG,1,compra de bicicletas nuevas o usadas monto:bajo
Animales y vehículos de tracción animal para transporte de personas del hogar,1303,alimentacion,True,DANE_ENIG,1,animales y vehículos de tracción animal para transporte de personas del hogar monto:bajo
"Llantas y neumáticos, rines para vehículo",24619,alimentacion,False,DANE_ENIG,1,"llantas y neumáticos, rines para vehículo monto:bajo"
Motores para vehículo,208333,alimentacion,False,DANE_ENIG,1,motores para vehículo monto:alto
"Bujías, inyectores, filtros, amortiguadores, baterías, carburadores, distribuidores de corriente, vi",26499,alimentacion,False,DANE_ENIG,1,"bujías, inyectores, filtros, amortiguadores, baterías, carburadores, distribuidores de corriente, vi monto:bajo"
"Productos para la limpieza y conservación del vehículo: pintura, limpiadores, shampoo, ceras, ambien",17634,alimentacion,False,DANE_ENIG,1,"productos para la limpieza y conservación del vehículo: pintura, limpiadores, shampoo, ceras, ambien monto:bajo"
Herramientas para vehículos de transporte personal,1574,alimentacion,True,DANE_ENIG,1,herramientas para vehículos de transporte personal monto:bajo
"Piezas para bicicleta: Llantas, neumáticos, rines, manzanas, cadenas, cambios, piñones, guallas, sil",11486,alimentacion,False,DANE_ENIG,1,"piezas para bicicleta: llantas, neumáticos, rines, manzanas, cadenas, cambios, piñones, guallas, sil monto:bajo"
Gasolina corriente y extra,91304,alimentacion,False,DANE_ENIG,1,gasolina corriente y extra monto:medio
Gas vehicular,64950,alimentacion,False,DANE_ENIG,1,gas vehicular monto:medio
Combustible diesel,18015,alimentacion,False,DANE_ENIG,1,combustible diesel monto:bajo
"Aditivos, valvulinas, líquido para frenos, refrigerantes, etc.",7684,alimentacion,True,DANE_ENIG,1,"aditivos, valvulinas, líquido para frenos, refrigerantes, etc. monto:bajo"
"Mantenimiento y reparaciones efectuadas en el taller: engrase, sincronización, revisiones técnicas, ",130074,alimentacion,False,DANE_ENIG,1,"mantenimiento y reparaciones efectuadas en el taller: engrase, sincronización, revisiones técnicas, monto:medio"
Compra y cambio de aceite,9528,alimentacion,True,DANE_ENIG,1,compra y cambio de aceite monto:bajo
Servicios de latonería y pintura,24936,alimentacion,False,DANE_ENIG,1,servicios de latonería y pintura monto:bajo
Cuotas a clubes o compañías de servicos especiales para el vehículo,15000,alimentacion,False,DANE_ENIG,1,cuotas a clubes o compañías de servicos especiales para el vehículo monto:bajo
Pago mensual de parqueadero,48006,alimentacion,False,DANE_ENIG,1,pago mensual de parqueadero monto:medio
Pago de parqueadero o parquímetro por horas o días,12040,alimentacion,False,DANE_ENIG,1,pago de parqueadero o parquímetro por horas o días monto:bajo
Peajes,31545,alimentacion,False,DANE_ENIG,1,peajes monto:medio
Gastos en licencias y clases de conducción,15000,alimentacion,False,DANE_ENIG,1,gastos en licencias y clases de conducción monto:bajo
Comparendos y multas por infracciones,58334,alimentacion,False,DANE_ENIG,1,comparendos y multas por infracciones monto:medio
Certificado de gases y otras revisiones ordenadas por ley,3367,alimentacion,True,DANE_ENIG,1,certificado de gases y otras revisiones ordenadas por ley monto:bajo
"Pasaje en bus, buseta y colectivo",29243,alimentacion,False,DANE_ENIG,1,"pasaje en bus, buseta y colectivo monto:bajo"
"Pasaje en Transmilenio, MIO, etc",67258,alimentacion,False,DANE_ENIG,1,"pasaje en transmilenio, mio, etc monto:medio"
Taxi urbano,40441,alimentacion,False,DANE_ENIG,1,taxi urbano monto:medio
"Otros transporte urbano: servicio pirata, bicitaxi, mototaxi, funicular, telesfésrico, etc.",30281,alimentacion,False,DANE_ENIG,1,"otros transporte urbano: servicio pirata, bicitaxi, mototaxi, funicular, telesfésrico, etc. monto:medio"
"Pasaje intermunicipal en bus, buseta, colectivo, taxi, aero vans, chiva, campero, etc.",29282,alimentacion,False,DANE_ENIG,1,"pasaje intermunicipal en bus, buseta, colectivo, taxi, aero vans, chiva, campero, etc. monto:bajo"
Pasaje en transporte internacional terrestre,17810,alimentacion,False,DANE_ENIG,1,pasaje en transporte internacional terrestre monto:bajo
Transporte de equipajes por vía terrestre,13829,alimentacion,False,DANE_ENIG,1,transporte de equipajes por vía terrestre monto:bajo
Otro tipo de transporte intermunicipal,18016,alimentacion,False,DANE_ENIG,1,otro tipo de transporte intermunicipal monto:bajo
Pasaje en transporte interveredal y a ciudades dormitorio,41559,alimentacion,False,DANE_ENIG,1,pasaje en transporte interveredal y a ciudades dormitorio monto:medio
Transporte escolar prestado por el colegio (con buses propios o con empresa contratada),23791,alimentacion,False,DANE_ENIG,1,transporte escolar prestado por el colegio (con buses propios o con empresa contratada) monto:bajo
Transporte escolar particular contratado por los padres,41756,alimentacion,False,DANE_ENIG,1,transporte escolar particular contratado por los padres monto:medio
Transporte de pasajeros y equipaje en avión (incluye pagos por exceso de equipaje),80000,alimentacion,False,DANE_ENIG,1,transporte de pasajeros y equipaje en avión (incluye pagos por exceso de equipaje) monto:medio
Transporte de pasajeros y equipajes en helicóptero,25176,alimentacion,False,DANE_ENIG,1,transporte de pasajeros y equipajes en helicóptero monto:bajo
"Transporte de pasajeros y equipajes por mar, rios, caños, lagos, etc. En buque, navío, aerodeslizado",25921,alimentacion,False,DANE_ENIG,1,"transporte de pasajeros y equipajes por mar, rios, caños, lagos, etc. en buque, navío, aerodeslizado monto:bajo"
"Transporte de pasajeros y equipajes por mar, rios, caños, lagos, etc. En ferry, planchon, canoa y la",33792,alimentacion,False,DANE_ENIG,1,"transporte de pasajeros y equipajes por mar, rios, caños, lagos, etc. en ferry, planchon, canoa y la monto:medio"
Gastos por dos o más medios de transporte cuando el gasto no se puede discriminar,8422,alimentacion,True,DANE_ENIG,1,gastos por dos o más medios de transporte cuando el gasto no se puede discriminar monto:bajo
Servicio de trasteos y mudanzas,8170,alimentacion,True,DANE_ENIG,1,servicio de trasteos y mudanzas monto:bajo
"Envío de cartas, correspondencia, paquetes o encomiendas por correo (incluye compra de postales con ",9282,tecnologia,False,DANE_ENIG,1,"envío de cartas, correspondencia, paquetes o encomiendas por correo (incluye compra de postales con monto:bajo"
Pago por servicio de envío de giros postales,833,tecnologia,False,DANE_ENIG,1,pago por servicio de envío de giros postales monto:bajo
Apartado Aéreo,11442,tecnologia,False,DANE_ENIG,1,apartado aéreo monto:bajo
Compra de teléfonos fijos y accesorios,8609,tecnologia,False,DANE_ENIG,1,compra de teléfonos fijos y accesorios monto:bajo
Compra de celular y accesorios,12500,tecnologia,False,DANE_ENIG,1,compra de celular y accesorios monto:bajo
"Compra de radioteléfono, bepper, Avantel y accesorios",12502,tecnologia,False,DANE_ENIG,1,"compra de radioteléfono, bepper, avantel y accesorios monto:bajo"
"Llamadas de larga distancia nacional o internacional desde teléfonos públicos, cabinas telefónicas, ",8155,tecnologia,False,DANE_ENIG,1,"llamadas de larga distancia nacional o internacional desde teléfonos públicos, cabinas telefónicas, monto:bajo"
Pago de llamadas por minuto desde celular en la calle a cualquier destino,11986,tecnologia,False,DANE_ENIG,1,pago de llamadas por minuto desde celular en la calle a cualquier destino monto:bajo
Teléfono residencial (local y larga distancia),34950,tecnologia,False,DANE_ENIG,1,teléfono residencial (local y larga distancia) monto:medio
Instalación y reconexión de línea telefónica residencial,15657,tecnologia,False,DANE_ENIG,1,instalación y reconexión de línea telefónica residencial monto:bajo
Pago de servicio de telefono celular postpago,74150,tecnologia,False,DANE_ENIG,1,pago de servicio de telefono celular postpago monto:medio
Activación y reactivación de teléfono celular,3551,tecnologia,False,DANE_ENIG,1,activación y reactivación de teléfono celular monto:bajo
Pago por servicio de beeper o Avantel,20000,tecnologia,False,DANE_ENIG,1,pago por servicio de beeper o avantel monto:bajo
Pago de internet según demanda o por tiempo de uso,12270,tecnologia,False,DANE_ENIG,1,pago de internet según demanda o por tiempo de uso monto:bajo
Servicios de café internet,13325,tecnologia,False,DANE_ENIG,1,servicios de café internet monto:bajo
Pago por descargas de internet y suscripción a páginas web,2281,tecnologia,False,DANE_ENIG,1,pago por descargas de internet y suscripción a páginas web monto:bajo
Tarjetas prepago para celular,15844,tecnologia,False,DANE_ENIG,1,tarjetas prepago para celular monto:bajo
"Otras tarjetas prepago: local, larga distancia, internet, etc.",5818,tecnologia,False,DANE_ENIG,1,"otras tarjetas prepago: local, larga distancia, internet, etc. monto:bajo"
"Equipos de sonido, radiolas y tocadiscos",53379,alimentacion,False,DANE_ENIG,1,"equipos de sonido, radiolas y tocadiscos monto:medio"
Reproductores de CD,21667,alimentacion,False,DANE_ENIG,1,reproductores de cd monto:bajo
"Radio, radioreloj, grabadoras, radiograbadora",4640,alimentacion,True,DANE_ENIG,1,"radio, radioreloj, grabadoras, radiograbadora monto:bajo"
"Radio o equipo de sonido para vehículos (casetera, CD y MP3)",29167,alimentacion,False,DANE_ENIG,1,"radio o equipo de sonido para vehículos (casetera, cd y mp3) monto:bajo"
"Otros equipos para la recepción, grabación y reproducción de sonido",26708,alimentacion,False,DANE_ENIG,1,"otros equipos para la recepción, grabación y reproducción de sonido monto:bajo"
Televisor blanco y negro,17457,alimentacion,False,DANE_ENIG,1,televisor blanco y negro monto:bajo
Televisor a color convencional,32525,alimentacion,False,DANE_ENIG,1,televisor a color convencional monto:medio
Televisor de plasma o pantalla crsital liquido (LCD),46567,alimentacion,False,DANE_ENIG,1,televisor de plasma o pantalla crsital liquido (lcd) monto:medio
DVD,11810,alimentacion,False,DANE_ENIG,1,dvd monto:bajo
Teatro en casa,50000,alimentacion,False,DANE_ENIG,1,teatro en casa monto:medio
Cámaras fotográficas,36250,alimentacion,False,DANE_ENIG,1,cámaras fotográficas monto:medio
"Computadores personales, portátiles y de bolsillo",57930,alimentacion,False,DANE_ENIG,1,"computadores personales, portátiles y de bolsillo monto:medio"
Impresoras,13163,alimentacion,False,DANE_ENIG,1,impresoras monto:bajo
Calculadoras,1034,alimentacion,True,DANE_ENIG,1,calculadoras monto:bajo
"Webcam, Dispositivos de joystick y similares, Mouse, Teclados, Parlantes para computador, Cables par",1917,alimentacion,True,DANE_ENIG,1,"webcam, dispositivos de joystick y similares, mouse, teclados, parlantes para computador, cables par monto:bajo"
"Memoria de USB, memory sticks, tarjetas SD, lectores de SD",7083,alimentacion,True,DANE_ENIG,1,"memoria de usb, memory sticks, tarjetas sd, lectores de sd monto:bajo"
"Otros accesorios para computador: Forros, Pad mouse, etc.",5833,alimentacion,True,DANE_ENIG,1,"otros accesorios para computador: forros, pad mouse, etc. monto:bajo"
Casetes pregrabados de audio,3867,alimentacion,True,DANE_ENIG,1,casetes pregrabados de audio monto:bajo
CD´s y DVD´s pregrabados (excluir software y videojuegos),11266,alimentacion,False,DANE_ENIG,1,cd´s y dvd´s pregrabados (excluir software y videojuegos) monto:bajo
"Cintas, casetes, CD´s, DVD´s y disquetes vírgenes",9152,alimentacion,True,DANE_ENIG,1,"cintas, casetes, cd´s, dvd´s y disquetes vírgenes monto:bajo"
"Material para uso fotográfico: Rollos, cartuchos, discos vírgenes para uso otográfico y cinematográf",9461,alimentacion,True,DANE_ENIG,1,"material para uso fotográfico: rollos, cartuchos, discos vírgenes para uso otográfico y cinematográf monto:bajo"
Reparación de equipos y accesorios audiovisuales,1097,alimentacion,True,DANE_ENIG,1,reparación de equipos y accesorios audiovisuales monto:bajo
Reparación de equipos y accesorios fotográficos,2917,alimentacion,True,DANE_ENIG,1,reparación de equipos y accesorios fotográficos monto:bajo
"Instrumentos musicales: Armónicas, flautas, maracas, tambores, baterías, guitarras, órganos, pianos,",5746,alimentacion,True,DANE_ENIG,1,"instrumentos musicales: armónicas, flautas, maracas, tambores, baterías, guitarras, órganos, pianos, monto:bajo"
"Juegos de mesa: cartas, naipes, dominó, ajedrez, parqués, damas chinas, rumi-q, etc.",894,alimentacion,True,DANE_ENIG,1,"juegos de mesa: cartas, naipes, dominó, ajedrez, parqués, damas chinas, rumi-q, etc. monto:bajo"
"Juguetes: carros, trenes, muñecas, loterias, peluches, rompecabezas, sonajeros,  armatodos, bromas, ",7313,alimentacion,True,DANE_ENIG,1,"juguetes: carros, trenes, muñecas, loterias, peluches, rompecabezas, sonajeros,  armatodos, bromas, monto:bajo"
"Bicicletas para niño(a), triciclos, columpios",6968,alimentacion,True,DANE_ENIG,1,"bicicletas para niño(a), triciclos, columpios monto:bajo"
Casetes y CD ROM de video juegos,8177,alimentacion,True,DANE_ENIG,1,casetes y cd rom de video juegos monto:bajo
"Disfraces (vestidos, máscaras, accesorios)",2375,alimentacion,True,DANE_ENIG,1,"disfraces (vestidos, máscaras, accesorios) monto:bajo"
"Adornos navideños (árboles de navidad, guirnaldas, etc), pólvora y fuegos artificiales",2285,alimentacion,True,DANE_ENIG,1,"adornos navideños (árboles de navidad, guirnaldas, etc), pólvora y fuegos artificiales monto:bajo"
"Artículos para fiestas: piñatas, serpentinas, confetis, bombas plásticas, recordatorios, etc.",42219,alimentacion,False,DANE_ENIG,1,"artículos para fiestas: piñatas, serpentinas, confetis, bombas plásticas, recordatorios, etc. monto:medio"
"Equipo y accesorios para camping: carpas, colchonetas aislantes o térmicas, linternas, asadores o es",2500,alimentacion,True,DANE_ENIG,1,"equipo y accesorios para camping: carpas, colchonetas aislantes o térmicas, linternas, asadores o es monto:bajo"
"Calzado para deportes: patines, guayos, zapatos para golf, zapatillas para atletismo, clavos para al",11667,alimentacion,False,DANE_ENIG,1,"calzado para deportes: patines, guayos, zapatos para golf, zapatillas para atletismo, clavos para al monto:bajo"
"Equipos para pesca y caza: cañas y otros equipos para pescar, armas de fuego y municiones",6251,alimentacion,True,DANE_ENIG,1,"equipos para pesca y caza: cañas y otros equipos para pescar, armas de fuego y municiones monto:bajo"
Flores sueltas o por docena,54186,alimentacion,False,DANE_ENIG,1,flores sueltas o por docena monto:medio
"Coronas, flores para funerales, hojas verdes",2148,alimentacion,True,DANE_ENIG,1,"coronas, flores para funerales, hojas verdes monto:bajo"
Plantas artificiales: Flores (sueltas o en ramo) y matas,50000,alimentacion,False,DANE_ENIG,1,plantas artificiales: flores (sueltas o en ramo) y matas monto:medio
"Semillas, bulbos de plantas, césped, fertilizantes, fungicidas, abonos, materas, macetas y tiestos p",30771,alimentacion,False,DANE_ENIG,1,"semillas, bulbos de plantas, césped, fertilizantes, fungicidas, abonos, materas, macetas y tiestos p monto:medio"
"Animales domésticos y mascotas: perros, gatos, pájaros, conejos, peces, etc.",3205,alimentacion,True,DANE_ENIG,1,"animales domésticos y mascotas: perros, gatos, pájaros, conejos, peces, etc. monto:bajo"
Alimentos para animales domésticos y mascotas,33048,alimentacion,False,DANE_ENIG,1,alimentos para animales domésticos y mascotas monto:medio
"Productos para animales domésticos y mascotas, productos de veterinaria, para el cuidado e higiene (",23119,alimentacion,False,DANE_ENIG,1,"productos para animales domésticos y mascotas, productos de veterinaria, para el cuidado e higiene ( monto:bajo"
"Servicios de veterinaria y de otro tipo para animales domésticos: cuidado, salón de belleza, alojami",8637,alimentacion,True,DANE_ENIG,1,"servicios de veterinaria y de otro tipo para animales domésticos: cuidado, salón de belleza, alojami monto:bajo"
"Entrada a Ferias (del libro, artesanal, etc)",40500,alimentacion,False,DANE_ENIG,1,"entrada a ferias (del libro, artesanal, etc) monto:medio"
"Gastos en parques, parques de diversiones, juegos mecánicos (no incluir pago de paquetes de paseos d",29018,alimentacion,False,DANE_ENIG,1,"gastos en parques, parques de diversiones, juegos mecánicos (no incluir pago de paquetes de paseos d monto:bajo"
Gastos en bazares y fiestas populares,36829,alimentacion,False,DANE_ENIG,1,gastos en bazares y fiestas populares monto:medio
"Gastos en fiestas del hogar (matrimonios, cumpleaños, bautizos, navidad)",14825,alimentacion,False,DANE_ENIG,1,"gastos en fiestas del hogar (matrimonios, cumpleaños, bautizos, navidad) monto:bajo"
Gastos en juegos electrónicos y maquinitas (daytona y otras) en estableciemientos públicos,7680,alimentacion,True,DANE_ENIG,1,gastos en juegos electrónicos y maquinitas (daytona y otras) en estableciemientos públicos monto:bajo
Pago por servicios de gimnasio,4500,alimentacion,True,DANE_ENIG,1,pago por servicios de gimnasio monto:bajo
"Servicio de billar, tejo, rana y ping pong",35097,alimentacion,False,DANE_ENIG,1,"servicio de billar, tejo, rana y ping pong monto:medio"
Entradas a cine,26345,alimentacion,False,DANE_ENIG,1,entradas a cine monto:bajo
Entradas a circos y otros espectáculos afines,8074,alimentacion,True,DANE_ENIG,1,entradas a circos y otros espectáculos afines monto:bajo
Entradas a plazas de toros,6667,alimentacion,True,DANE_ENIG,1,entradas a plazas de toros monto:bajo
"Suscripción, instalación, conexión o reconexión a televisión por cable, satelital, digitalizada o an",2372,alimentacion,True,DANE_ENIG,1,"suscripción, instalación, conexión o reconexión a televisión por cable, satelital, digitalizada o an monto:bajo"
"Pago por servicio de televisión por cable, satelital, digitalizada o antena parabolica",11047,alimentacion,False,DANE_ENIG,1,"pago por servicio de televisión por cable, satelital, digitalizada o antena parabolica monto:bajo"
"Alquiler de películas, videos musicales y videojuegos",7056,alimentacion,True,DANE_ENIG,1,"alquiler de películas, videos musicales y videojuegos monto:bajo"
"Servicios fotográficos: fotografías, revelado, ampliaciones, impresión de fotografías digitales, ser",19788,alimentacion,False,DANE_ENIG,1,"servicios fotográficos: fotografías, revelado, ampliaciones, impresión de fotografías digitales, ser monto:bajo"
"Loterías, chance, baloto y similares",20864,alimentacion,False,DANE_ENIG,1,"loterías, chance, baloto y similares monto:bajo"
Rifas y sorteos (diferentes a loterías),8281,alimentacion,True,DANE_ENIG,1,rifas y sorteos (diferentes a loterías) monto:bajo
"Casinos, máquinas tragamonedas y bingos",23710,alimentacion,False,DANE_ENIG,1,"casinos, máquinas tragamonedas y bingos monto:bajo"
Libros sueltos de lectura,26923,alimentacion,False,DANE_ENIG,1,libros sueltos de lectura monto:bajo
Atlas y diccionarios,1332,alimentacion,True,DANE_ENIG,1,atlas y diccionarios monto:bajo
"Fascículos y tomos de enciclopedias, obras completas o colecciones",182169,alimentacion,False,DANE_ENIG,1,"fascículos y tomos de enciclopedias, obras completas o colecciones monto:alto"
Libros técnicos y libros especializados,39380,alimentacion,False,DANE_ENIG,1,libros técnicos y libros especializados monto:medio
Lista de útiles escolares completa,5586,alimentacion,True,DANE_ENIG,1,lista de útiles escolares completa monto:bajo
"Libros de texto: textos guías para clase (incluye libros de literatura, poesía, etc, requeridos en c",3922,alimentacion,True,DANE_ENIG,1,"libros de texto: textos guías para clase (incluye libros de literatura, poesía, etc, requeridos en c monto:bajo"
Compra diaria de periódicos,9032,alimentacion,True,DANE_ENIG,1,compra diaria de periódicos monto:bajo
"Compra de revistas sueltas, fotonovelas, cuentos y cuadernillos para colorear",6000,alimentacion,True,DANE_ENIG,1,"compra de revistas sueltas, fotonovelas, cuentos y cuadernillos para colorear monto:bajo"
Mapas y globos terráqueos,549,alimentacion,True,DANE_ENIG,1,mapas y globos terráqueos monto:bajo
"Cuadernos (cosidos, grapados, argollados, plastificados, etc.) y blocks",11612,alimentacion,False,DANE_ENIG,1,"cuadernos (cosidos, grapados, argollados, plastificados, etc.) y blocks monto:bajo"
"Libretas, agendas, diarios personales y libros de contabilidad",1368,alimentacion,True,DANE_ENIG,1,"libretas, agendas, diarios personales y libros de contabilidad monto:bajo"
"Hojas sueltas de papel (oficio, carta, cuadriculado, mantequilla, carbón), cartulina y otro tipo de ",3423,alimentacion,True,DANE_ENIG,1,"hojas sueltas de papel (oficio, carta, cuadriculado, mantequilla, carbón), cartulina y otro tipo de monto:bajo"
Resmas de papel (carta u oficio),4778,alimentacion,True,DANE_ENIG,1,resmas de papel (carta u oficio) monto:bajo
"Otros artículos de papeleria: fólderes, sobres (carta o manila), forros, rótulos",8146,alimentacion,True,DANE_ENIG,1,"otros artículos de papeleria: fólderes, sobres (carta o manila), forros, rótulos monto:bajo"
"Lápices, portaminas, minas, talápices y borradores",3196,alimentacion,True,DANE_ENIG,1,"lápices, portaminas, minas, talápices y borradores monto:bajo"
"Bolígrafos, plumasters, estilógrafos, plumas, marcadores y resaltadores",2790,alimentacion,True,DANE_ENIG,1,"bolígrafos, plumasters, estilógrafos, plumas, marcadores y resaltadores monto:bajo"
"Tintas (para estilógrafo, china y otras), plantillas de dibujo, almohadillas, líquidos correctores, ",2555,alimentacion,True,DANE_ENIG,1,"tintas (para estilógrafo, china y otras), plantillas de dibujo, almohadillas, líquidos correctores, monto:bajo"
Pinceles para dibujo,1491,alimentacion,True,DANE_ENIG,1,pinceles para dibujo monto:bajo
"Vinilos, témperas, acuarelas, óleos, carboncillos, cajas de colores, crayolas, plastilina, otras pin",3055,alimentacion,True,DANE_ENIG,1,"vinilos, témperas, acuarelas, óleos, carboncillos, cajas de colores, crayolas, plastilina, otras pin monto:bajo"
"Otros artículos para manualidades (repujadores, troqueladores, enrolladores, etc)",7474,alimentacion,True,DANE_ENIG,1,"otros artículos para manualidades (repujadores, troqueladores, enrolladores, etc) monto:bajo"
"Perforadoras, cortadoras, tijeras, grapadoras",83,alimentacion,True,DANE_ENIG,1,"perforadoras, cortadoras, tijeras, grapadoras monto:bajo"
"Pegamentos, cintas, colbones, gomas, adhesivos, bisturís, grapas, clips, broches",2245,alimentacion,True,DANE_ENIG,1,"pegamentos, cintas, colbones, gomas, adhesivos, bisturís, grapas, clips, broches monto:bajo"
"Reglas, escuadras, compaces, transportadores y otros instrumentos de geometría.",3050,alimentacion,True,DANE_ENIG,1,"reglas, escuadras, compaces, transportadores y otros instrumentos de geometría. monto:bajo"
"Estuches para lápices, pizarras, tiza, yeso para actividades educativas, madera balso etc.",8833,alimentacion,True,DANE_ENIG,1,"estuches para lápices, pizarras, tiza, yeso para actividades educativas, madera balso etc. monto:bajo"
"Paquetes turísticos completos: Gira turística completa (incluye pasajes, alojamiento, alimentación, ",166667,alimentacion,False,DANE_ENIG,1,"paquetes turísticos completos: gira turística completa (incluye pasajes, alojamiento, alimentación, monto:alto"
Matrícula e inscripción en preescolar,1510,servicios,False,DANE_ENIG,1,matrícula e inscripción en preescolar monto:bajo
Pensiones en preescolar,13085,servicios,False,DANE_ENIG,1,pensiones en preescolar monto:bajo
Bonos escolares en preescolar,1330,servicios,False,DANE_ENIG,1,bonos escolares en preescolar monto:bajo
Asociación de padres de familia en preescolar,1017,servicios,False,DANE_ENIG,1,asociación de padres de familia en preescolar monto:bajo
"Uniformes (diario, gala, deportes) en preescolar",4727,servicios,False,DANE_ENIG,1,"uniformes (diario, gala, deportes) en preescolar monto:bajo"
"Otros gastos en preescolar no especificados anteriormente (aportes para rifas, eventos especiales y ",5442,servicios,False,DANE_ENIG,1,"otros gastos en preescolar no especificados anteriormente (aportes para rifas, eventos especiales y monto:bajo"
Matrícula e inscripción en primaria,1947,servicios,False,DANE_ENIG,1,matrícula e inscripción en primaria monto:bajo
Pensiones en primaria,24416,servicios,False,DANE_ENIG,1,pensiones en primaria monto:bajo
Bonos escolares en primaria,1501,servicios,False,DANE_ENIG,1,bonos escolares en primaria monto:bajo
Asociación de padres de familia en primaria,961,servicios,False,DANE_ENIG,1,asociación de padres de familia en primaria monto:bajo
"Uniformes (diario, gala, deportes) en primaria",6394,servicios,False,DANE_ENIG,1,"uniformes (diario, gala, deportes) en primaria monto:bajo"
"Otros gastos en primaria no especificados anteriormente (aportes para rifas, eventos especiales y co",10141,servicios,False,DANE_ENIG,1,"otros gastos en primaria no especificados anteriormente (aportes para rifas, eventos especiales y co monto:bajo"
Matrícula e inscripción en educación para niños con necesidades educativas especiales,937,servicios,False,DANE_ENIG,1,matrícula e inscripción en educación para niños con necesidades educativas especiales monto:bajo
Matriculas e inscripción en secundaria,4492,servicios,False,DANE_ENIG,1,matriculas e inscripción en secundaria monto:bajo
Pensiones en secundaria,46543,servicios,False,DANE_ENIG,1,pensiones en secundaria monto:medio
Bonos escolares en secundaria,2024,servicios,False,DANE_ENIG,1,bonos escolares en secundaria monto:bajo
Asociación de padres de familia en secundaria,1108,servicios,False,DANE_ENIG,1,asociación de padres de familia en secundaria monto:bajo
"Uniformes (diario, gala, deportes) en secundaria",7646,servicios,False,DANE_ENIG,1,"uniformes (diario, gala, deportes) en secundaria monto:bajo"
"Otros gastos en secundaria no especificados anteriormente (aportes para rifas, eventos especiales y ",27406,servicios,False,DANE_ENIG,1,"otros gastos en secundaria no especificados anteriormente (aportes para rifas, eventos especiales y monto:bajo"
Inscripciones y matrículas en carreras universitarias (no incluye postgrado),102244,servicios,False,DANE_ENIG,1,inscripciones y matrículas en carreras universitarias (no incluye postgrado) monto:medio
Inscripciones y matrículas en carreras técnicas y tecnológicas,43082,servicios,False,DANE_ENIG,1,inscripciones y matrículas en carreras técnicas y tecnológicas monto:medio
"Inscripciones y matrículas en postgrados (especialización, maestría, doctorado)",416667,servicios,False,DANE_ENIG,1,"inscripciones y matrículas en postgrados (especialización, maestría, doctorado) monto:alto"
Otros gastos en educación superior (pregrados y postgrados),22210,servicios,False,DANE_ENIG,1,otros gastos en educación superior (pregrados y postgrados) monto:bajo
"Cursos de educación no formal en academias o instituciones de idiomas, informática, moda y confecció",56497,servicios,False,DANE_ENIG,1,"cursos de educación no formal en academias o instituciones de idiomas, informática, moda y confecció monto:medio"
Cursos de educación no formal en academias o instituciones de deportes,10000,servicios,False,DANE_ENIG,1,cursos de educación no formal en academias o instituciones de deportes monto:bajo
Cursos de educación no formal en academias o instituciones de formación artística,10000,servicios,False,DANE_ENIG,1,cursos de educación no formal en academias o instituciones de formación artística monto:bajo
"Diplomados, educación continuada, preicfes, preuniversitarios",4167,servicios,False,DANE_ENIG,1,"diplomados, educación continuada, preicfes, preuniversitarios monto:bajo"
Educación para adultos y validaciones,20893,servicios,False,DANE_ENIG,1,educación para adultos y validaciones monto:bajo
Clases académicas dictadas por particulares,12437,servicios,False,DANE_ENIG,1,clases académicas dictadas por particulares monto:bajo
Desayunos completos,13452,alimentacion,False,DANE_ENIG,1,desayunos completos monto:bajo
Almuerzos completos,33909,alimentacion,False,DANE_ENIG,1,almuerzos completos monto:medio
Comidas completas,22393,alimentacion,False,DANE_ENIG,1,comidas completas monto:bajo
"Platos diversos: Pollo asado, carne asada, arroz chino, lechona y similares",15209,alimentacion,False,DANE_ENIG,1,"platos diversos: pollo asado, carne asada, arroz chino, lechona y similares monto:bajo"
"Bebidas calientes en cafeterías y similares: Tinto, café con leche, chocolate, té, bebida achocolata",2295,alimentacion,True,DANE_ENIG,1,"bebidas calientes en cafeterías y similares: tinto, café con leche, chocolate, té, bebida achocolata monto:bajo"
Gaseosa y otros refrescos,2134,alimentacion,True,DANE_ENIG,1,gaseosa y otros refrescos monto:bajo
Jugos naturales,2912,alimentacion,True,DANE_ENIG,1,jugos naturales monto:bajo
"Masato, mazamorra, chicha, avena helada, malteada, agua de panela fria y similar",575,alimentacion,True,DANE_ENIG,1,"masato, mazamorra, chicha, avena helada, malteada, agua de panela fria y similar monto:bajo"
"Helados, paletas, conos y similares",775,alimentacion,True,DANE_ENIG,1,"helados, paletas, conos y similares monto:bajo"
"Pan, almojábanas, buñuelos, pandeyucas, arepas y similares",2446,alimentacion,True,DANE_ENIG,1,"pan, almojábanas, buñuelos, pandeyucas, arepas y similares monto:bajo"
"Emparedados, empanadas, bollos, envueltos, tamales, pastel de pollo, perros calientes, hamburguesas,",6197,alimentacion,True,DANE_ENIG,1,"emparedados, empanadas, bollos, envueltos, tamales, pastel de pollo, perros calientes, hamburguesas, monto:bajo"
"Productos de salsamentaria y fritanga: chorizos, jamones, rellenas y similares",5729,alimentacion,True,DANE_ENIG,1,"productos de salsamentaria y fritanga: chorizos, jamones, rellenas y similares monto:bajo"
"Onces, medias nueves, media mañana, algo, entredía, recreo",1289,alimentacion,True,DANE_ENIG,1,"onces, medias nueves, media mañana, algo, entredía, recreo monto:bajo"
"Gastos en discotecas, bares, griles, tabernas y similares (comida, bebidas, cover)",52765,alimentacion,False,DANE_ENIG,1,"gastos en discotecas, bares, griles, tabernas y similares (comida, bebidas, cover) monto:medio"
"Gastos en bebidas alcohólicas (cerveza, aguardiente, ron, etc) en tiendas, fondas rurales y al aire ",37161,alimentacion,False,DANE_ENIG,1,"gastos en bebidas alcohólicas (cerveza, aguardiente, ron, etc) en tiendas, fondas rurales y al aire monto:medio"
"Pago mensual por alimentación de estudiantes en establecimiento educativo (restaurantes escolares, u",10138,alimentacion,False,DANE_ENIG,1,"pago mensual por alimentación de estudiantes en establecimiento educativo (restaurantes escolares, u monto:bajo"
Pago en comedores comunitarios,7918,alimentacion,True,DANE_ENIG,1,pago en comedores comunitarios monto:bajo
Valor imputado por alimentación en comedores comunitarios,8714,alimentacion,True,DANE_ENIG,1,valor imputado por alimentación en comedores comunitarios monto:bajo
Valor imputado de alimentos que pagaria a precios de mercado para menores de 3 años,50657,alimentacion,False,DANE_ENIG,1,valor imputado de alimentos que pagaria a precios de mercado para menores de 3 años monto:medio
Pago de alimentos recibidos por personas de 3 años y más en el plantel,9765,alimentacion,True,DANE_ENIG,1,pago de alimentos recibidos por personas de 3 años y más en el plantel monto:bajo
Valor imputado de alimentos que pagaria a precios de mercado para personas de 3 años y más,72846,alimentacion,False,DANE_ENIG,1,valor imputado de alimentos que pagaria a precios de mercado para personas de 3 años y más monto:medio
"Servicios de alojamiento en hoteles, pensiones, posadas y hostales",39408,alimentacion,False,DANE_ENIG,1,"servicios de alojamiento en hoteles, pensiones, posadas y hostales monto:medio"
Servicios de alojamiento en moteles y residencias,45241,alimentacion,False,DANE_ENIG,1,servicios de alojamiento en moteles y residencias monto:medio
"Servicios de alojamiento en Centros de vacaciones, cabañas, apartamentos, servicios de alquiler en t",5000,alimentacion,True,DANE_ENIG,1,"servicios de alojamiento en centros de vacaciones, cabañas, apartamentos, servicios de alquiler en t monto:bajo"
Servicios de alojamiento por motivo de enseñanza: internados de colegios; residencias estudiantiles;,114004,alimentacion,False,DANE_ENIG,1,servicios de alojamiento por motivo de enseñanza: internados de colegios; residencias estudiantiles; monto:medio
Corte de pelo para hombres y niños,4360,servicios,False,DANE_ENIG,1,corte de pelo para hombres y niños monto:bajo
Afeitado en barberías,2378,servicios,False,DANE_ENIG,1,afeitado en barberías monto:bajo
"Corte de pelo, peinado y alizado para mujeres y niñas",6583,servicios,False,DANE_ENIG,1,"corte de pelo, peinado y alizado para mujeres y niñas monto:bajo"
Tratamientos capilares y faciales,18000,servicios,False,DANE_ENIG,1,tratamientos capilares y faciales monto:bajo
Manicure y pedicure,6106,servicios,False,DANE_ENIG,1,manicure y pedicure monto:bajo
"Teñido de cabello, permanentes y desrizados en salon de belleza",19633,servicios,False,DANE_ENIG,1,"teñido de cabello, permanentes y desrizados en salon de belleza monto:bajo"
Depilaciones,3000,servicios,False,DANE_ENIG,1,depilaciones monto:bajo
"Máquinas eléctricas de afeitar, para cortar el pelo y depiladoras",3929,servicios,False,DANE_ENIG,1,"máquinas eléctricas de afeitar, para cortar el pelo y depiladoras monto:bajo"
Pinzas y secadores eléctricos,6503,servicios,False,DANE_ENIG,1,pinzas y secadores eléctricos monto:bajo
"Otros aparatos eléctricos para el cuidado personal: cepillos de dientes, vaporizdores, artículos elé",125,servicios,False,DANE_ENIG,1,"otros aparatos eléctricos para el cuidado personal: cepillos de dientes, vaporizdores, artículos elé monto:bajo"
"Máquina de afeitar no desechables, cuchillas y repuestos para máquinas de afeitar desechables, depil",2641,servicios,False,DANE_ENIG,1,"máquina de afeitar no desechables, cuchillas y repuestos para máquinas de afeitar desechables, depil monto:bajo"
Balanzas personales o pesas,1417,servicios,False,DANE_ENIG,1,balanzas personales o pesas monto:bajo
Jabones de tocador líquidos y en barra,2796,servicios,False,DANE_ENIG,1,jabones de tocador líquidos y en barra monto:bajo
"Champús, acondicionadores, bálsamos, enjuagues, cremas y tratamientos para el cabello (excluir los p",7961,servicios,False,DANE_ENIG,1,"champús, acondicionadores, bálsamos, enjuagues, cremas y tratamientos para el cabello (excluir los p monto:bajo"
"Cremas de afeitar (tubo, aerosol, gel) y lociones para después de la afeitada",8293,servicios,False,DANE_ENIG,1,"cremas de afeitar (tubo, aerosol, gel) y lociones para después de la afeitada monto:bajo"
"Desodorantes (crema, barra, roll-on, aerosol)",5783,servicios,False,DANE_ENIG,1,"desodorantes (crema, barra, roll-on, aerosol) monto:bajo"
"Perfumes, colonias y lociones",39301,servicios,False,DANE_ENIG,1,"perfumes, colonias y lociones monto:medio"
"Artículos para la higiene corporal del bebé: Aceites, cremas, champús, bálsamos, , jabones, colonias",12693,servicios,False,DANE_ENIG,1,"artículos para la higiene corporal del bebé: aceites, cremas, champús, bálsamos, , jabones, colonias monto:bajo"
Otros artículos para higiene corporal,4643,servicios,False,DANE_ENIG,1,otros artículos para higiene corporal monto:bajo
"Cepillos de dientes, hilo y seda dental",4099,servicios,False,DANE_ENIG,1,"cepillos de dientes, hilo y seda dental monto:bajo"
Crema dental y enjuague bucal,3619,servicios,False,DANE_ENIG,1,crema dental y enjuague bucal monto:bajo
"Otros artículos para la higiene oral (blanqueadores, ceras, etc)",11942,servicios,False,DANE_ENIG,1,"otros artículos para la higiene oral (blanqueadores, ceras, etc) monto:bajo"
"Bases para la cara, polvos faciales, pestañinas, labiales, lápices de ceja, delineadores, sombras y ",10070,servicios,False,DANE_ENIG,1,"bases para la cara, polvos faciales, pestañinas, labiales, lápices de ceja, delineadores, sombras y monto:bajo"
"Esmaltes, quitaesmaltes y diluyentes",2940,servicios,False,DANE_ENIG,1,"esmaltes, quitaesmaltes y diluyentes monto:bajo"
"Cremas (nutritivas, limpiadoras, hidratantes, etc.), talcos y polvos para el cuerpo y los pies, bron",10144,servicios,False,DANE_ENIG,1,"cremas (nutritivas, limpiadoras, hidratantes, etc.), talcos y polvos para el cuerpo y los pies, bron monto:bajo"
Tinturas para el cabello,12654,servicios,False,DANE_ENIG,1,tinturas para el cabello monto:bajo
Otros productos de belleza,9109,servicios,False,DANE_ENIG,1,otros productos de belleza monto:bajo
Papel higiénico,3956,servicios,False,DANE_ENIG,1,papel higiénico monto:bajo
"Algodón, esponjas para el cuerpo y copitos",1729,servicios,False,DANE_ENIG,1,"algodón, esponjas para el cuerpo y copitos monto:bajo"
"Toallas desechables: de mano, de cocina, pañuelos desechables, pañitos húmedos",3595,servicios,False,DANE_ENIG,1,"toallas desechables: de mano, de cocina, pañuelos desechables, pañitos húmedos monto:bajo"
"Toallas sanitarias, protectores y tampones",3667,servicios,False,DANE_ENIG,1,"toallas sanitarias, protectores y tampones monto:bajo"
"Protectores para brassier, mamadores, succionadores y pezoneras",7453,servicios,False,DANE_ENIG,1,"protectores para brassier, mamadores, succionadores y pezoneras monto:bajo"
Pañales desechables,12499,servicios,False,DANE_ENIG,1,pañales desechables monto:bajo
Pañales para incontinencia,14558,servicios,False,DANE_ENIG,1,pañales para incontinencia monto:bajo
Otros productos para el aseo personal,6101,servicios,False,DANE_ENIG,1,otros productos para el aseo personal monto:bajo
"Anillos, argollas, sortijas, aretes, pendientes, prendedores y alfileres para corbata, mancornas en ",13167,servicios,False,DANE_ENIG,1,"anillos, argollas, sortijas, aretes, pendientes, prendedores y alfileres para corbata, mancornas en monto:bajo"
"Collares, cadenas, gargantillas, pulseras y manillas en oro y plata.",86812,servicios,False,DANE_ENIG,1,"collares, cadenas, gargantillas, pulseras y manillas en oro y plata. monto:medio"
"Relojes de mesa o pared y despertadores, termómetros y barómetros de pared",789,servicios,False,DANE_ENIG,1,"relojes de mesa o pared y despertadores, termómetros y barómetros de pared monto:bajo"
"Relojes de pulso, de bolsillo y cronómetros",1674,servicios,False,DANE_ENIG,1,"relojes de pulso, de bolsillo y cronómetros monto:bajo"
"Reparación de relojes, cronómetros, termómetros y barómetros de pared",1475,servicios,False,DANE_ENIG,1,"reparación de relojes, cronómetros, termómetros y barómetros de pared monto:bajo"
"Anillos, argollas, sortijas, aretes, pendientes, prendedores de fantasía.",5635,servicios,False,DANE_ENIG,1,"anillos, argollas, sortijas, aretes, pendientes, prendedores de fantasía. monto:bajo"
"Collares, cadenas, gargantillas, pulseras y manillas de fantasía",3146,servicios,False,DANE_ENIG,1,"collares, cadenas, gargantillas, pulseras y manillas de fantasía monto:bajo"
Reparación de artículos de fantasía,1667,servicios,False,DANE_ENIG,1,reparación de artículos de fantasía monto:bajo
"Maletines, portafolios y bolsos de viaje",12057,servicios,False,DANE_ENIG,1,"maletines, portafolios y bolsos de viaje monto:bajo"
Carteras y bolsos de mano,7926,servicios,False,DANE_ENIG,1,carteras y bolsos de mano monto:bajo
"Billeteras, monederos, tarjeteros de bolsillo y portabilletes",4073,servicios,False,DANE_ENIG,1,"billeteras, monederos, tarjeteros de bolsillo y portabilletes monto:bajo"
Bolsos y mochilas para estudiantes,6727,servicios,False,DANE_ENIG,1,bolsos y mochilas para estudiantes monto:bajo
"Coches, caminadores, sillas, sillas para vehículo, cestos y hamacas para bebé",12286,servicios,False,DANE_ENIG,1,"coches, caminadores, sillas, sillas para vehículo, cestos y hamacas para bebé monto:bajo"
"Chupos, mamilas, entretenedores",1615,servicios,False,DANE_ENIG,1,"chupos, mamilas, entretenedores monto:bajo"
Pañaleras,9958,servicios,False,DANE_ENIG,1,pañaleras monto:bajo
"Otros artículos para bebé (bañeras, correas para bebé, etc)",6221,servicios,False,DANE_ENIG,1,"otros artículos para bebé (bañeras, correas para bebé, etc) monto:bajo"
Reparación de artículos para bebé,5333,servicios,False,DANE_ENIG,1,reparación de artículos para bebé monto:bajo
"Artículos personales varios: gafas de sol, lentes de contacto cosmeticos, bastones, paraguas y sombr",4975,servicios,False,DANE_ENIG,1,"artículos personales varios: gafas de sol, lentes de contacto cosmeticos, bastones, paraguas y sombr monto:bajo"
"Artículos de funeraria: Ataúdes, lápidas y urnas",48839,servicios,False,DANE_ENIG,1,"artículos de funeraria: ataúdes, lápidas y urnas monto:medio"
"Pagos mensuales en guardería o salacunas: pensión, alimentación, etc",9515,servicios,False,DANE_ENIG,1,"pagos mensuales en guardería o salacunas: pensión, alimentación, etc monto:bajo"
"Pagos anuales en guarderías o salacunas: matrícula, materiales, etc",286,servicios,False,DANE_ENIG,1,"pagos anuales en guarderías o salacunas: matrícula, materiales, etc monto:bajo"
Aportes obligatorios de trabajadores independientes a Eps,46834,servicios,False,DANE_ENIG,1,aportes obligatorios de trabajadores independientes a eps monto:medio
Aportes obligatorios de trabajadores independientes a fondos de pensiones y cesantías,35540,servicios,False,DANE_ENIG,1,aportes obligatorios de trabajadores independientes a fondos de pensiones y cesantías monto:medio
Aportes voluntarios a fondos de pensiones y cesantías,67000,servicios,False,DANE_ENIG,1,aportes voluntarios a fondos de pensiones y cesantías monto:medio
Seguro de vida y de educación (ahorro programado),9602,servicios,False,DANE_ENIG,1,seguro de vida y de educación (ahorro programado) monto:bajo
Pago anual por medicina prepagada,19470,servicios,False,DANE_ENIG,1,pago anual por medicina prepagada monto:bajo
Seguro estudiantil,813,servicios,False,DANE_ENIG,1,seguro estudiantil monto:bajo
"Seguros relacionados con la salud: Médico, Maternidad, Neonatal, ambulancia, de accidentes, etc.",5808,servicios,False,DANE_ENIG,1,"seguros relacionados con la salud: médico, maternidad, neonatal, ambulancia, de accidentes, etc. monto:bajo"
Pago de Seguro Obligatorio SOAT,19523,servicios,False,DANE_ENIG,1,pago de seguro obligatorio soat monto:bajo
Pago de Seguro de vehículos contra todo riesgo,40122,servicios,False,DANE_ENIG,1,pago de seguro de vehículos contra todo riesgo monto:medio
"Otros Seguros relacionados con el transporte: Seguro de Vuelo, Seguro de viaje y equipaje",6934,servicios,False,DANE_ENIG,1,"otros seguros relacionados con el transporte: seguro de vuelo, seguro de viaje y equipaje monto:bajo"
"Otros seguros: seguros de responsabilidad civil por lesiones o daños a terceros o a su propiedad, se",166565,servicios,False,DANE_ENIG,1,"otros seguros: seguros de responsabilidad civil por lesiones o daños a terceros o a su propiedad, se monto:alto"
Pago de póliza de cumplimiento por contrato a término fijo,15505,servicios,False,DANE_ENIG,1,pago de póliza de cumplimiento por contrato a término fijo monto:bajo
Cuota de manejo de tarjeta débito o crédito,308184,servicios,False,DANE_ENIG,1,cuota de manejo de tarjeta débito o crédito monto:alto
"Cuotas o pagos por préstamos de consumo realizados a Bancos, Cooperativas y Fondos (excluir cuotas d",486670,servicios,False,DANE_ENIG,1,"cuotas o pagos por préstamos de consumo realizados a bancos, cooperativas y fondos (excluir cuotas d monto:alto"
"Pago del ultimo recibo por tarjetas de crédito (Diners, Credibanco, Visa, etc.),",206373,servicios,False,DANE_ENIG,1,"pago del ultimo recibo por tarjetas de crédito (diners, credibanco, visa, etc.), monto:alto"
Cuotas de amortización de vivienda para uso del hogar diferentes a la que habita,237399,servicios,False,DANE_ENIG,1,cuotas de amortización de vivienda para uso del hogar diferentes a la que habita monto:alto
Cuotas o pagos por préstamos adquiridos con particulares y organizaciones del sector no financiero,137088,servicios,False,DANE_ENIG,1,cuotas o pagos por préstamos adquiridos con particulares y organizaciones del sector no financiero monto:medio
"Compra de terrenos, lotes, locales, fincas, parcelas y similares",236281,servicios,False,DANE_ENIG,1,"compra de terrenos, lotes, locales, fincas, parcelas y similares monto:alto"
Dineros ahorrados el último mes,139371,servicios,False,DANE_ENIG,1,dineros ahorrados el último mes monto:medio
Dineros dados en préstamo a otras personas,203718,servicios,False,DANE_ENIG,1,dineros dados en préstamo a otras personas monto:alto
Otros Servicios de Intermediación Financiera,200000,servicios,False,DANE_ENIG,1,otros servicios de intermediación financiera monto:alto
"Cuota de amortización de la vivienda propia, pagándose que habita el hogar",247044,servicios,False,DANE_ENIG,1,"cuota de amortización de la vivienda propia, pagándose que habita el hogar monto:alto"
"Pagos a bancos e instituciones financieras, casas de cambios, etc, por chequeras",118402,servicios,False,DANE_ENIG,1,"pagos a bancos e instituciones financieras, casas de cambios, etc, por chequeras monto:medio"
Cuotas o pagos directos a almacenes y distribuidores por compras a crédito (incluye tarjetas de créd,79301,servicios,False,DANE_ENIG,1,cuotas o pagos directos a almacenes y distribuidores por compras a crédito (incluye tarjetas de créd monto:medio
"Pagos de honorarios por: asesoría jurídicas, contratación de personal para el hogar, agencias matrim",4167,servicios,False,DANE_ENIG,1,"pagos de honorarios por: asesoría jurídicas, contratación de personal para el hogar, agencias matrim monto:bajo"
Pago por publicación en el diario oficial por contrato a término fijo,183425,servicios,False,DANE_ENIG,1,pago por publicación en el diario oficial por contrato a término fijo monto:alto
"Certificados y documentos administrativos: Cédula de ciudadanía, pasaporte, visas, tarjetas profesio",7069,servicios,False,DANE_ENIG,1,"certificados y documentos administrativos: cédula de ciudadanía, pasaporte, visas, tarjetas profesio monto:bajo"
"Cuotas a asociaciones profesionales, partidos políticos, juntas de acción comunal, aportes y donacio",20109,servicios,False,DANE_ENIG,1,"cuotas a asociaciones profesionales, partidos políticos, juntas de acción comunal, aportes y donacio monto:bajo"
Cuotas a instituciones religiosas y diezmo,17014,servicios,False,DANE_ENIG,1,cuotas a instituciones religiosas y diezmo monto:bajo
"Derechos religiosos y civiles por entierros,matrimonios, gastos en pompas fúnebres y en otros servic",3600,servicios,False,DANE_ENIG,1,"derechos religiosos y civiles por entierros,matrimonios, gastos en pompas fúnebres y en otros servic monto:bajo"
Pago por servicio de baños públicos,2165,servicios,False,DANE_ENIG,1,pago por servicio de baños públicos monto:bajo
"Servicio de fotocopias, reducciones, ampliaciones, laminaciones, argollados, impresión de hojas y do",5373,servicios,False,DANE_ENIG,1,"servicio de fotocopias, reducciones, ampliaciones, laminaciones, argollados, impresión de hojas y do monto:bajo"
Servicio de coteros o cargadores,4330,servicios,False,DANE_ENIG,1,servicio de coteros o cargadores monto:bajo
Impuesto predial y de valorización de la(s) vivienda(s) ocupada(s) por el hogar,6419,servicios,False,DANE_ENIG,1,impuesto predial y de valorización de la(s) vivienda(s) ocupada(s) por el hogar monto:bajo
Impuestos del vehiculo,26656,servicios,False,DANE_ENIG,1,impuestos del vehiculo monto:bajo
Impuesto de renta,8017,servicios,False,DANE_ENIG,1,impuesto de renta monto:bajo
Otros impuestos (impuesto de timbre),8302,servicios,False,DANE_ENIG,1,otros impuestos (impuesto de timbre) monto:bajo
"Impuesto de industria, comercio y avisos -ICA- o impuesto al valor agregado -IVA",9927,servicios,False,DANE_ENIG,1,"impuesto de industria, comercio y avisos -ica- o impuesto al valor agregado -iva monto:bajo"
Pago o descuento por retención en la fuente,37146,servicios,False,DANE_ENIG,1,pago o descuento por retención en la fuente monto:medio
Pago o descuento por fondo de solidaridad pensional,29915,servicios,False,DANE_ENIG,1,pago o descuento por fondo de solidaridad pensional monto:bajo
Remesas de dinero a otros hogares para sostenimiento de personas a cargo del hogar,151841,servicios,False,DANE_ENIG,1,remesas de dinero a otros hogares para sostenimiento de personas a cargo del hogar monto:alto
"Planes de protección social a personas ajenas al hogar (Plan Canitas, Gotas de agua)",817,servicios,False,DANE_ENIG,1,"planes de protección social a personas ajenas al hogar (plan canitas, gotas de agua) monto:bajo"
Mercado,50000,alimentacion,False,supabase,2,mercado monto:medio
sueldo,10000000,ingreso_trabajo,False,supabase,2,sueldo monto:alto
Empanadas,100000,alimentacion,False,supabase,2,empanadas monto:medio
litro de leche,100000,alimentacion,False,supabase,2,litro de leche monto:medio
Gaseosa Coca-Cola 1.5L,10000,alimentacion,False,supabase,2,gaseosa coca-cola 1.5l monto:bajo
Paca de huevos,50000,alimentacion,False,supabase,2,paca de huevos monto:medio
uber,30000,transporte,True,supabase,2,uber monto:medio
uber,20000,transporte,True,supabase,2,uber monto:bajo
empanada,5000,alimentacion,True,supabase,2,empanada monto:bajo
gas,345000,servicios,False,supabase,2,gas monto:alto
vanti,235000,servicios,False,supabase,2,vanti monto:alto
Pago arriendo,1200000,vivienda,False,supabase,2,pago arriendo monto:alto
Pago quincena,3500000,ingreso_trabajo,False,supabase,2,pago quincena monto:alto
netflix,60000,tecnologia,False,supabase,2,netflix monto:medio
psn,50000,entretenimiento,False,supabase,2,psn monto:medio
Chitos y gaseosa,6500,alimentacion,True,supabase,2,chitos y gaseosa monto:bajo
Cafe con dona,9000,alimentacion,True,supabase,2,cafe con dona monto:bajo
Pasajes semana,12000,transporte,True,supabase,2,pasajes semana monto:bajo
Cafe manana,8500,alimentacion,True,supabase,2,cafe manana monto:bajo
Papas y gaseosa,15000,alimentacion,True,supabase,2,papas y gaseosa monto:bajo
Salchicapapa,5000,alimentacion,False,supabase,2,salchicapapa monto:bajo
Chocorramo,5000,alimentacion,True,supabase,2,chocorramo monto:bajo
Chocorramo,5000,alimentacion,True,supabase,2,chocorramo monto:bajo
Chocorramo,5000,alimentacion,True,supabase,2,chocorramo monto:bajo
gasolina,50000,transporte,False,supabase,2,gasolina monto:medio
una suscripcion,5000,tecnologia,False,supabase,2,una suscripcion monto:bajo
comida chatarra,15000,alimentacion,True,supabase,2,comida chatarra monto:bajo
empanada,45000,alimentacion,False,supabase,2,empanada monto:medio
frutas,10000,alimentacion,False,supabase,2,frutas monto:bajo
perro caliente,10000,alimentacion,False,supabase,2,perro caliente monto:bajo
hamburguesa,10000,alimentacion,False,supabase,2,hamburguesa monto:bajo
queso,20000,alimentacion,False,supabase,2,queso monto:bajo
comida,150000,alimentacion,False,supabase,2,comida monto:alto
una suscripcion spotify,17000,tecnologia,False,supabase,2,una suscripcion spotify monto:bajo
transporte al trabajo,8000,transporte,True,supabase,2,transporte al trabajo monto:bajo
almuerzo ejecutivo,15000,alimentacion,False,supabase,2,almuerzo ejecutivo monto:bajo
tinto en la mañana,2000,alimentacion,True,supabase,2,tinto en la mañana monto:bajo
tinto,2500,alimentacion,True,supabase,2,tinto monto:bajo
cafe del trabajo,3000,alimentacion,True,supabase,2,cafe del trabajo monto:bajo
mecato en recreo,5000,alimentacion,True,supabase,2,mecato en recreo monto:bajo
Chocorramo 2,5000,alimentacion,True,supabase,2,chocorramo 2 monto:bajo
paquete de papas,3500,alimentacion,True,supabase,2,paquete de papas monto:bajo
salario mes,3000000,ingreso_trabajo,False,supabase,2,salario mes monto:alto
quincena trabajo,1500000,ingreso_trabajo,False,supabase,2,quincena trabajo monto:alto
pago freelance,500000,ingreso_extra,False,supabase,2,pago freelance monto:alto
nequi recibido,100000,transferencia,False,supabase,2,nequi recibido monto:medio
arriendo mes,900000,vivienda,False,supabase,2,arriendo mes monto:alto
administracion edificio,150000,vivienda,False,supabase,2,administracion edificio monto:alto
internet hogar,89000,servicios,False,supabase,2,internet hogar monto:medio
celular plan,65000,tecnologia,False,supabase,2,celular plan monto:medio
energia electrica,120000,servicios,False,supabase,2,energia electrica monto:medio
agua mes,45000,servicios,False,supabase,2,agua mes monto:medio
drogueria medicina,35000,salud,False,supabase,2,drogueria medicina monto:medio
cita medico,80000,salud,False,supabase,2,cita medico monto:medio
Universidad semestre,3000000,educacion,False,supabase,2,universidad semestre monto:alto
libros universidad,150000,educacion,False,supabase,2,libros universidad monto:alto
tenis nike,280000,ropa,False,supabase,2,tenis nike monto:alto
camisa,90000,ropa,False,supabase,2,camisa monto:medio
gimnasio mensualidad,120000,deporte,False,supabase,2,gimnasio mensualidad monto:medio
futbol cancha,30000,deporte,True,supabase,2,futbol cancha monto:medio
ahorro para viaje,500000,ahorro,False,supabase,2,ahorro para viaje monto:alto
cuota credito,450000,servicios,False,supabase,2,cuota credito monto:alto
domicilio rappi,35000,alimentacion,True,supabase,2,domicilio rappi monto:medio
domicilio pizza,45000,alimentacion,True,supabase,2,domicilio pizza monto:medio
cine entrada,25000,entretenimiento,False,supabase,2,cine entrada monto:bajo
bar tragos,80000,entretenimiento,True,supabase,2,bar tragos monto:medio
viaje fin semana,300000,entretenimiento,False,supabase,2,viaje fin semana monto:alto
